2025-10-22 18:39:15 INFO  [main] ceu.dam.ad.tema3.ejercicios.App - Starting App using Java 21.0.8 with PID 20952 (C:\Users\rromero2106\Desktop\Github\Acceso-a-Datos\misproyecto\ejercicios-tema-02-basicos\target\classes started by rromero2106 in C:\Users\rromero2106\Desktop\Github\Acceso-a-Datos\misproyecto\ejercicios-tema-02-basicos)
2025-10-22 18:39:15 DEBUG [main] ceu.dam.ad.tema3.ejercicios.App - Running with Spring Boot v3.4.0, Spring v6.2.0
2025-10-22 18:39:15 INFO  [main] ceu.dam.ad.tema3.ejercicios.App - No active profile set, falling back to 1 default profile: "default"
2025-10-22 18:39:15 DEBUG [main] o.s.boot.SpringApplication - Loading source class ceu.dam.ad.tema3.ejercicios.App
2025-10-22 18:39:15 DEBUG [main] o.s.c.a.AnnotationConfigApplicationContext - Refreshing org.springframework.context.annotation.AnnotationConfigApplicationContext@7829b776
2025-10-22 18:39:15 DEBUG [main] o.s.b.f.s.DefaultListableBeanFactory - Creating shared instance of singleton bean 'org.springframework.context.annotation.internalConfigurationAnnotationProcessor'
2025-10-22 18:39:15 DEBUG [main] o.s.b.f.s.DefaultListableBeanFactory - Creating shared instance of singleton bean 'org.springframework.boot.autoconfigure.internalCachingMetadataReaderFactory'
2025-10-22 18:39:15 DEBUG [main] o.s.c.a.ClassPathBeanDefinitionScanner - Identified candidate component class: file [C:\Users\rromero2106\Desktop\Github\Acceso-a-Datos\misproyecto\ejercicios-tema-02-basicos\target\classes\ceu\dam\ad\tema3\ejercicios\ejercicio01\services\PeliculasService.class]
2025-10-22 18:39:15 DEBUG [main] o.s.c.a.ClassPathBeanDefinitionScanner - Identified candidate component class: file [C:\Users\rromero2106\Desktop\Github\Acceso-a-Datos\misproyecto\ejercicios-tema-02-basicos\target\classes\ceu\dam\ad\tema3\ejercicios\ejercicio01\test\TestEj1.class]
2025-10-22 18:39:16 INFO  [main] o.s.d.r.c.RepositoryConfigurationDelegate - Bootstrapping Spring Data JPA repositories in DEFAULT mode.
2025-10-22 18:39:16 DEBUG [main] o.s.b.f.s.DefaultListableBeanFactory - Creating shared instance of singleton bean 'org.springframework.boot.autoconfigure.AutoConfigurationPackages'
2025-10-22 18:39:16 DEBUG [main] o.s.b.a.AutoConfigurationPackages - @EnableAutoConfiguration was declared on a class in the package 'ceu.dam.ad.tema3.ejercicios'. Automatic @Repository and @Entity scanning is enabled.
2025-10-22 18:39:16 DEBUG [main] o.s.d.r.c.RepositoryConfigurationDelegate - Scanning for JPA repositories in packages ceu.dam.ad.tema3.ejercicios.
2025-10-22 18:39:16 DEBUG [main] o.s.d.r.c.RepositoryComponentProvider - Identified candidate component class: file [C:\Users\rromero2106\Desktop\Github\Acceso-a-Datos\misproyecto\ejercicios-tema-02-basicos\target\classes\ceu\dam\ad\tema3\ejercicios\ejercicio01\repository\PeliculaRepository.class]
2025-10-22 18:39:16 DEBUG [main] o.s.c.a.ClassPathScanningCandidateComponentProvider - Identified candidate component class: file [C:\Users\rromero2106\Desktop\Github\Acceso-a-Datos\misproyecto\ejercicios-tema-02-basicos\target\classes\ceu\dam\ad\tema3\ejercicios\ejercicio05\service\UserServiceImpl.class]
2025-10-22 18:39:16 INFO  [main] o.s.d.r.c.RepositoryConfigurationDelegate - Finished Spring Data repository scanning in 75 ms. Found 1 JPA repository interface.
2025-10-22 18:39:16 DEBUG [main] o.s.b.f.s.DefaultListableBeanFactory - Creating shared instance of singleton bean 'propertySourcesPlaceholderConfigurer'
2025-10-22 18:39:16 DEBUG [main] o.s.b.f.s.DefaultListableBeanFactory - Creating shared instance of singleton bean 'emBeanDefinitionRegistrarPostProcessor'
2025-10-22 18:39:16 DEBUG [main] o.s.b.f.s.DefaultListableBeanFactory - Creating shared instance of singleton bean 'org.springframework.boot.sql.init.dependency.DatabaseInitializationDependencyConfigurer$DependsOnDatabaseInitializationPostProcessor'
2025-10-22 18:39:17 DEBUG [main] o.s.b.f.s.DefaultListableBeanFactory - Creating shared instance of singleton bean 'org.springframework.context.event.internalEventListenerProcessor'
2025-10-22 18:39:17 DEBUG [main] o.s.b.f.s.DefaultListableBeanFactory - Creating shared instance of singleton bean 'org.springframework.context.event.internalEventListenerFactory'
2025-10-22 18:39:17 DEBUG [main] o.s.b.f.s.DefaultListableBeanFactory - Creating shared instance of singleton bean 'org.springframework.transaction.config.internalTransactionalEventListenerFactory'
2025-10-22 18:39:17 DEBUG [main] o.s.b.f.s.DefaultListableBeanFactory - Creating shared instance of singleton bean 'org.springframework.context.annotation.internalAutowiredAnnotationProcessor'
2025-10-22 18:39:17 DEBUG [main] o.s.b.f.s.DefaultListableBeanFactory - Creating shared instance of singleton bean 'org.springframework.context.annotation.internalCommonAnnotationProcessor'
2025-10-22 18:39:17 DEBUG [main] o.s.b.f.s.DefaultListableBeanFactory - Creating shared instance of singleton bean 'org.springframework.context.annotation.internalPersistenceAnnotationProcessor'
2025-10-22 18:39:17 DEBUG [main] o.s.b.f.s.DefaultListableBeanFactory - Creating shared instance of singleton bean 'org.springframework.boot.context.properties.ConfigurationPropertiesBindingPostProcessor'
2025-10-22 18:39:17 DEBUG [main] o.s.b.f.s.DefaultListableBeanFactory - Creating shared instance of singleton bean 'org.springframework.boot.context.internalConfigurationPropertiesBinder'
2025-10-22 18:39:17 DEBUG [main] o.s.b.f.s.DefaultListableBeanFactory - Creating shared instance of singleton bean 'jdbcConnectionDetailsHikariBeanPostProcessor'
2025-10-22 18:39:17 DEBUG [main] o.s.b.f.s.DefaultListableBeanFactory - Creating shared instance of singleton bean 'org.springframework.aop.config.internalAutoProxyCreator'
2025-10-22 18:39:17 DEBUG [main] o.s.b.f.s.DefaultListableBeanFactory - Creating shared instance of singleton bean 'persistenceExceptionTranslationPostProcessor'
2025-10-22 18:39:17 DEBUG [main] o.s.b.f.s.DefaultListableBeanFactory - Autowiring by type from bean name 'persistenceExceptionTranslationPostProcessor' via factory method to bean named 'environment'
2025-10-22 18:39:17 DEBUG [main] o.s.b.f.s.DefaultListableBeanFactory - Creating shared instance of singleton bean 'dataSourceScriptDatabaseInitializer'
2025-10-22 18:39:17 DEBUG [main] o.s.b.f.s.DefaultListableBeanFactory - Creating shared instance of singleton bean 'org.springframework.transaction.config.internalTransactionAdvisor'
2025-10-22 18:39:17 DEBUG [main] o.s.b.f.s.DefaultListableBeanFactory - Creating shared instance of singleton bean 'org.springframework.transaction.annotation.ProxyTransactionManagementConfiguration'
2025-10-22 18:39:17 DEBUG [main] o.s.b.f.s.DefaultListableBeanFactory - Creating shared instance of singleton bean 'transactionAttributeSource'
2025-10-22 18:39:17 DEBUG [main] o.s.b.f.s.DefaultListableBeanFactory - Creating shared instance of singleton bean 'transactionInterceptor'
2025-10-22 18:39:17 DEBUG [main] o.s.b.f.s.DefaultListableBeanFactory - Autowiring by type from bean name 'transactionInterceptor' via factory method to bean named 'transactionAttributeSource'
2025-10-22 18:39:17 DEBUG [main] o.s.b.f.s.DefaultListableBeanFactory - Autowiring by type from bean name 'org.springframework.transaction.config.internalTransactionAdvisor' via factory method to bean named 'transactionAttributeSource'
2025-10-22 18:39:17 DEBUG [main] o.s.b.f.s.DefaultListableBeanFactory - Autowiring by type from bean name 'org.springframework.transaction.config.internalTransactionAdvisor' via factory method to bean named 'transactionInterceptor'
2025-10-22 18:39:17 DEBUG [main] o.s.b.f.s.DefaultListableBeanFactory - Creating shared instance of singleton bean 'org.springframework.boot.autoconfigure.sql.init.DataSourceInitializationConfiguration'
2025-10-22 18:39:17 DEBUG [main] o.s.b.f.s.DefaultListableBeanFactory - Creating shared instance of singleton bean 'dataSource'
2025-10-22 18:39:17 DEBUG [main] o.s.b.f.s.DefaultListableBeanFactory - Creating shared instance of singleton bean 'org.springframework.boot.autoconfigure.jdbc.DataSourceConfiguration$Hikari'
2025-10-22 18:39:17 DEBUG [main] o.s.b.f.s.DefaultListableBeanFactory - Creating shared instance of singleton bean 'spring.datasource-org.springframework.boot.autoconfigure.jdbc.DataSourceProperties'
2025-10-22 18:39:17 DEBUG [main] o.s.b.f.s.DefaultListableBeanFactory - Creating shared instance of singleton bean 'org.springframework.boot.context.properties.BoundConfigurationProperties'
2025-10-22 18:39:17 DEBUG [main] o.s.b.f.s.DefaultListableBeanFactory - Creating shared instance of singleton bean 'jdbcConnectionDetails'
2025-10-22 18:39:17 DEBUG [main] o.s.b.f.s.DefaultListableBeanFactory - Creating shared instance of singleton bean 'org.springframework.boot.autoconfigure.jdbc.DataSourceAutoConfiguration$PooledDataSourceConfiguration'
2025-10-22 18:39:17 DEBUG [main] o.s.b.f.s.DefaultListableBeanFactory - Autowiring by type from bean name 'jdbcConnectionDetails' via factory method to bean named 'spring.datasource-org.springframework.boot.autoconfigure.jdbc.DataSourceProperties'
2025-10-22 18:39:17 DEBUG [main] o.s.b.f.s.DefaultListableBeanFactory - Autowiring by type from bean name 'dataSource' via factory method to bean named 'spring.datasource-org.springframework.boot.autoconfigure.jdbc.DataSourceProperties'
2025-10-22 18:39:17 DEBUG [main] o.s.b.f.s.DefaultListableBeanFactory - Autowiring by type from bean name 'dataSource' via factory method to bean named 'jdbcConnectionDetails'
2025-10-22 18:39:17 DEBUG [main] com.zaxxer.hikari.HikariConfig - Driver class org.mariadb.jdbc.Driver found in Thread context class loader jdk.internal.loader.ClassLoaders$AppClassLoader@76ed5528
2025-10-22 18:39:17 DEBUG [main] o.s.b.f.s.DefaultListableBeanFactory - Creating shared instance of singleton bean 'spring.sql.init-org.springframework.boot.autoconfigure.sql.init.SqlInitializationProperties'
2025-10-22 18:39:17 DEBUG [main] o.s.b.f.s.DefaultListableBeanFactory - Autowiring by type from bean name 'dataSourceScriptDatabaseInitializer' via factory method to bean named 'dataSource'
2025-10-22 18:39:17 DEBUG [main] o.s.b.f.s.DefaultListableBeanFactory - Autowiring by type from bean name 'dataSourceScriptDatabaseInitializer' via factory method to bean named 'spring.sql.init-org.springframework.boot.autoconfigure.sql.init.SqlInitializationProperties'
2025-10-22 18:39:17 DEBUG [main] o.s.b.f.s.DefaultListableBeanFactory - Creating shared instance of singleton bean 'entityManagerFactory'
2025-10-22 18:39:17 DEBUG [main] o.s.b.f.s.DefaultListableBeanFactory - Creating shared instance of singleton bean 'org.springframework.boot.autoconfigure.orm.jpa.HibernateJpaConfiguration'
2025-10-22 18:39:17 DEBUG [main] o.s.b.f.s.DefaultListableBeanFactory - Creating shared instance of singleton bean 'spring.jpa-org.springframework.boot.autoconfigure.orm.jpa.JpaProperties'
2025-10-22 18:39:17 DEBUG [main] o.s.b.f.s.DefaultListableBeanFactory - Creating shared instance of singleton bean 'spring.jpa.hibernate-org.springframework.boot.autoconfigure.orm.jpa.HibernateProperties'
2025-10-22 18:39:17 DEBUG [main] o.s.b.f.s.DefaultListableBeanFactory - Autowiring by type from bean name 'org.springframework.boot.autoconfigure.orm.jpa.HibernateJpaConfiguration' via constructor to bean named 'dataSource'
2025-10-22 18:39:17 DEBUG [main] o.s.b.f.s.DefaultListableBeanFactory - Autowiring by type from bean name 'org.springframework.boot.autoconfigure.orm.jpa.HibernateJpaConfiguration' via constructor to bean named 'spring.jpa-org.springframework.boot.autoconfigure.orm.jpa.JpaProperties'
2025-10-22 18:39:17 DEBUG [main] o.s.b.f.s.DefaultListableBeanFactory - Autowiring by type from bean name 'org.springframework.boot.autoconfigure.orm.jpa.HibernateJpaConfiguration' via constructor to bean named 'org.springframework.beans.factory.support.DefaultListableBeanFactory@327120c8'
2025-10-22 18:39:17 DEBUG [main] o.s.b.f.s.DefaultListableBeanFactory - Autowiring by type from bean name 'org.springframework.boot.autoconfigure.orm.jpa.HibernateJpaConfiguration' via constructor to bean named 'spring.jpa.hibernate-org.springframework.boot.autoconfigure.orm.jpa.HibernateProperties'
2025-10-22 18:39:17 DEBUG [main] o.s.b.f.s.DefaultListableBeanFactory - Creating shared instance of singleton bean 'hikariPoolDataSourceMetadataProvider'
2025-10-22 18:39:17 DEBUG [main] o.s.b.f.s.DefaultListableBeanFactory - Creating shared instance of singleton bean 'org.springframework.boot.autoconfigure.jdbc.metadata.DataSourcePoolMetadataProvidersConfiguration$HikariPoolDataSourceMetadataProviderConfiguration'
2025-10-22 18:39:17 DEBUG [main] o.s.b.f.s.DefaultListableBeanFactory - Creating shared instance of singleton bean 'entityManagerFactoryBuilder'
2025-10-22 18:39:17 DEBUG [main] o.s.b.f.s.DefaultListableBeanFactory - Creating shared instance of singleton bean 'jpaVendorAdapter'
2025-10-22 18:39:17 DEBUG [main] org.jboss.logging - Logging Provider: org.jboss.logging.Slf4jLoggerProvider found via system property
2025-10-22 18:39:17 DEBUG [main] o.s.b.f.s.DefaultListableBeanFactory - Autowiring by type from bean name 'entityManagerFactoryBuilder' via factory method to bean named 'jpaVendorAdapter'
2025-10-22 18:39:17 DEBUG [main] o.s.jdbc.datasource.DataSourceUtils - Fetching JDBC Connection from DataSource
2025-10-22 18:39:17 DEBUG [main] com.zaxxer.hikari.HikariConfig - HikariPool-1 - configuration:
2025-10-22 18:39:17 DEBUG [main] com.zaxxer.hikari.HikariConfig - allowPoolSuspension.............false
2025-10-22 18:39:17 DEBUG [main] com.zaxxer.hikari.HikariConfig - autoCommit......................true
2025-10-22 18:39:17 DEBUG [main] com.zaxxer.hikari.HikariConfig - catalog.........................none
2025-10-22 18:39:17 DEBUG [main] com.zaxxer.hikari.HikariConfig - connectionInitSql...............none
2025-10-22 18:39:17 DEBUG [main] com.zaxxer.hikari.HikariConfig - connectionTestQuery.............none
2025-10-22 18:39:17 DEBUG [main] com.zaxxer.hikari.HikariConfig - connectionTimeout...............30000
2025-10-22 18:39:17 DEBUG [main] com.zaxxer.hikari.HikariConfig - dataSource......................none
2025-10-22 18:39:17 DEBUG [main] com.zaxxer.hikari.HikariConfig - dataSourceClassName.............none
2025-10-22 18:39:17 DEBUG [main] com.zaxxer.hikari.HikariConfig - dataSourceJNDI..................none
2025-10-22 18:39:17 DEBUG [main] com.zaxxer.hikari.HikariConfig - dataSourceProperties............{password=<masked>}
2025-10-22 18:39:17 DEBUG [main] com.zaxxer.hikari.HikariConfig - driverClassName................."org.mariadb.jdbc.Driver"
2025-10-22 18:39:17 DEBUG [main] com.zaxxer.hikari.HikariConfig - exceptionOverrideClassName......none
2025-10-22 18:39:17 DEBUG [main] com.zaxxer.hikari.HikariConfig - healthCheckProperties...........{}
2025-10-22 18:39:17 DEBUG [main] com.zaxxer.hikari.HikariConfig - healthCheckRegistry.............none
2025-10-22 18:39:17 DEBUG [main] com.zaxxer.hikari.HikariConfig - idleTimeout.....................600000
2025-10-22 18:39:17 DEBUG [main] com.zaxxer.hikari.HikariConfig - initializationFailTimeout.......1
2025-10-22 18:39:17 DEBUG [main] com.zaxxer.hikari.HikariConfig - isolateInternalQueries..........false
2025-10-22 18:39:17 DEBUG [main] com.zaxxer.hikari.HikariConfig - jdbcUrl.........................jdbc:mariadb://localhost:3306/sakila
2025-10-22 18:39:17 DEBUG [main] com.zaxxer.hikari.HikariConfig - keepaliveTime...................0
2025-10-22 18:39:17 DEBUG [main] com.zaxxer.hikari.HikariConfig - leakDetectionThreshold..........0
2025-10-22 18:39:17 DEBUG [main] com.zaxxer.hikari.HikariConfig - maxLifetime.....................1800000
2025-10-22 18:39:17 DEBUG [main] com.zaxxer.hikari.HikariConfig - maximumPoolSize.................10
2025-10-22 18:39:17 DEBUG [main] com.zaxxer.hikari.HikariConfig - metricRegistry..................none
2025-10-22 18:39:17 DEBUG [main] com.zaxxer.hikari.HikariConfig - metricsTrackerFactory...........none
2025-10-22 18:39:17 DEBUG [main] com.zaxxer.hikari.HikariConfig - minimumIdle.....................10
2025-10-22 18:39:17 DEBUG [main] com.zaxxer.hikari.HikariConfig - password........................<masked>
2025-10-22 18:39:17 DEBUG [main] com.zaxxer.hikari.HikariConfig - poolName........................"HikariPool-1"
2025-10-22 18:39:17 DEBUG [main] com.zaxxer.hikari.HikariConfig - readOnly........................false
2025-10-22 18:39:17 DEBUG [main] com.zaxxer.hikari.HikariConfig - registerMbeans..................false
2025-10-22 18:39:17 DEBUG [main] com.zaxxer.hikari.HikariConfig - scheduledExecutor...............none
2025-10-22 18:39:17 DEBUG [main] com.zaxxer.hikari.HikariConfig - schema..........................none
2025-10-22 18:39:17 DEBUG [main] com.zaxxer.hikari.HikariConfig - threadFactory...................internal
2025-10-22 18:39:17 DEBUG [main] com.zaxxer.hikari.HikariConfig - transactionIsolation............default
2025-10-22 18:39:17 DEBUG [main] com.zaxxer.hikari.HikariConfig - username........................"sakila"
2025-10-22 18:39:17 DEBUG [main] com.zaxxer.hikari.HikariConfig - validationTimeout...............5000
2025-10-22 18:39:17 INFO  [main] com.zaxxer.hikari.HikariDataSource - HikariPool-1 - Starting...
2025-10-22 18:39:17 INFO  [main] com.zaxxer.hikari.pool.HikariPool - HikariPool-1 - Added connection org.mariadb.jdbc.Connection@2e1ddc90
2025-10-22 18:39:17 INFO  [main] com.zaxxer.hikari.HikariDataSource - HikariPool-1 - Start completed.
2025-10-22 18:39:17 DEBUG [main] o.s.b.f.s.DefaultListableBeanFactory - Creating shared instance of singleton bean 'persistenceManagedTypes'
2025-10-22 18:39:17 DEBUG [main] o.s.b.f.s.DefaultListableBeanFactory - Autowiring by type from bean name 'persistenceManagedTypes' via factory method to bean named 'org.springframework.beans.factory.support.DefaultListableBeanFactory@327120c8'
2025-10-22 18:39:17 DEBUG [main] o.s.b.f.s.DefaultListableBeanFactory - Autowiring by type from bean name 'persistenceManagedTypes' via factory method to bean named 'org.springframework.context.annotation.AnnotationConfigApplicationContext@7829b776'
2025-10-22 18:39:17 DEBUG [main] o.s.b.f.s.DefaultListableBeanFactory - Autowiring by type from bean name 'entityManagerFactory' via factory method to bean named 'entityManagerFactoryBuilder'
2025-10-22 18:39:17 DEBUG [main] o.s.b.f.s.DefaultListableBeanFactory - Autowiring by type from bean name 'entityManagerFactory' via factory method to bean named 'persistenceManagedTypes'
2025-10-22 18:39:17 DEBUG [main] o.s.o.j.LocalContainerEntityManagerFactoryBean - Building JPA container EntityManagerFactory for persistence unit 'default'
2025-10-22 18:39:17 DEBUG [main] o.h.jpa.internal.util.LogHelper - PersistenceUnitInfo [
	name: default
	persistence provider classname: null
	classloader: jdk.internal.loader.ClassLoaders$AppClassLoader@76ed5528
	excludeUnlistedClasses: true
	JTA datasource: null
	Non JTA datasource: HikariDataSource (HikariPool-1)
	Transaction type: RESOURCE_LOCAL
	PU root URL: file:/C:/Users/rromero2106/Desktop/Github/Acceso-a-Datos/misproyecto/ejercicios-tema-02-basicos/target/classes/
	Shared Cache Mode: UNSPECIFIED
	Validation Mode: AUTO
	Jar files URLs []
	Managed classes names [
		ceu.dam.ad.tema3.ejercicios.ejercicio01.model.Pelicula]
	Mapping files names []
	Properties []
2025-10-22 18:39:17 DEBUG [main] o.h.i.internal.IntegratorServiceImpl - Adding Integrator [org.hibernate.boot.beanvalidation.BeanValidationIntegrator].
2025-10-22 18:39:17 DEBUG [main] o.h.i.internal.IntegratorServiceImpl - Adding Integrator [org.hibernate.cache.internal.CollectionCacheInvalidator].
2025-10-22 18:39:17 DEBUG [HikariPool-1 housekeeper] com.zaxxer.hikari.pool.HikariPool - HikariPool-1 - Pool stats (total=1, active=0, idle=1, waiting=0)
2025-10-22 18:39:17 DEBUG [HikariPool-1 connection adder] com.zaxxer.hikari.pool.HikariPool - HikariPool-1 - Added connection org.mariadb.jdbc.Connection@2953fd6e
2025-10-22 18:39:17 INFO  [main] org.hibernate.Version - HHH000412: Hibernate ORM core version 6.6.2.Final
2025-10-22 18:39:17 DEBUG [main] org.hibernate.cfg.Environment - HHH000206: 'hibernate.properties' not found
2025-10-22 18:39:17 DEBUG [main] org.hibernate.orm.idgen.factory - Registering IdentifierGenerator strategy [uuid2] -> [org.hibernate.id.UUIDGenerator]
2025-10-22 18:39:17 DEBUG [main] org.hibernate.orm.idgen.factory - Registering IdentifierGenerator strategy [guid] -> [org.hibernate.id.GUIDGenerator]
2025-10-22 18:39:17 DEBUG [main] org.hibernate.orm.idgen.factory - Registering IdentifierGenerator strategy [uuid] -> [org.hibernate.id.UUIDHexGenerator]
2025-10-22 18:39:17 DEBUG [main] org.hibernate.orm.idgen.factory - Registering IdentifierGenerator strategy [uuid.hex] -> [org.hibernate.id.UUIDHexGenerator]
2025-10-22 18:39:17 DEBUG [main] org.hibernate.orm.idgen.factory - Registering IdentifierGenerator strategy [assigned] -> [org.hibernate.id.Assigned]
2025-10-22 18:39:17 DEBUG [main] org.hibernate.orm.idgen.factory - Registering IdentifierGenerator strategy [identity] -> [org.hibernate.id.IdentityGenerator]
2025-10-22 18:39:17 DEBUG [main] org.hibernate.orm.idgen.factory - Registering IdentifierGenerator strategy [select] -> [org.hibernate.id.SelectGenerator]
2025-10-22 18:39:17 DEBUG [main] org.hibernate.orm.idgen.factory - Registering IdentifierGenerator strategy [sequence] -> [org.hibernate.id.enhanced.SequenceStyleGenerator]
2025-10-22 18:39:17 DEBUG [main] org.hibernate.orm.idgen.factory - Registering IdentifierGenerator strategy [increment] -> [org.hibernate.id.IncrementGenerator]
2025-10-22 18:39:17 DEBUG [main] org.hibernate.orm.idgen.factory - Registering IdentifierGenerator strategy [foreign] -> [org.hibernate.id.ForeignGenerator]
2025-10-22 18:39:17 DEBUG [main] org.hibernate.orm.idgen.factory - Registering IdentifierGenerator strategy [enhanced-sequence] -> [org.hibernate.id.enhanced.SequenceStyleGenerator]
2025-10-22 18:39:17 DEBUG [main] org.hibernate.orm.idgen.factory - Registering IdentifierGenerator strategy [enhanced-table] -> [org.hibernate.id.enhanced.TableGenerator]
2025-10-22 18:39:17 DEBUG [HikariPool-1 connection adder] com.zaxxer.hikari.pool.HikariPool - HikariPool-1 - After adding stats (total=2, active=0, idle=2, waiting=0)
2025-10-22 18:39:17 DEBUG [HikariPool-1 connection adder] com.zaxxer.hikari.pool.HikariPool - HikariPool-1 - Added connection org.mariadb.jdbc.Connection@6e8b25c8
2025-10-22 18:39:17 DEBUG [main] o.h.c.i.RegionFactoryInitiator - Cannot default RegionFactory based on registered strategies as `[]` RegionFactory strategies were registered
2025-10-22 18:39:17 INFO  [main] o.h.c.i.RegionFactoryInitiator - HHH000026: Second-level cache disabled
2025-10-22 18:39:17 DEBUG [HikariPool-1 connection adder] com.zaxxer.hikari.pool.HikariPool - HikariPool-1 - After adding stats (total=3, active=0, idle=3, waiting=0)
2025-10-22 18:39:17 DEBUG [HikariPool-1 connection adder] com.zaxxer.hikari.pool.HikariPool - HikariPool-1 - Added connection org.mariadb.jdbc.Connection@1f28a749
2025-10-22 18:39:17 DEBUG [main] o.hibernate.type.BasicTypeRegistry - Adding type registration boolean -> org.hibernate.type.BasicTypeReference@250b5e5b
2025-10-22 18:39:17 DEBUG [main] o.hibernate.type.BasicTypeRegistry - Adding type registration boolean -> org.hibernate.type.BasicTypeReference@250b5e5b
2025-10-22 18:39:17 DEBUG [main] o.hibernate.type.BasicTypeRegistry - Adding type registration java.lang.Boolean -> org.hibernate.type.BasicTypeReference@250b5e5b
2025-10-22 18:39:17 DEBUG [main] o.hibernate.type.BasicTypeRegistry - Adding type registration numeric_boolean -> org.hibernate.type.BasicTypeReference@4ef2ab73
2025-10-22 18:39:17 DEBUG [main] o.hibernate.type.BasicTypeRegistry - Adding type registration org.hibernate.type.NumericBooleanConverter -> org.hibernate.type.BasicTypeReference@4ef2ab73
2025-10-22 18:39:17 DEBUG [main] o.hibernate.type.BasicTypeRegistry - Adding type registration true_false -> org.hibernate.type.BasicTypeReference@34be065a
2025-10-22 18:39:17 DEBUG [main] o.hibernate.type.BasicTypeRegistry - Adding type registration org.hibernate.type.TrueFalseConverter -> org.hibernate.type.BasicTypeReference@34be065a
2025-10-22 18:39:17 DEBUG [main] o.hibernate.type.BasicTypeRegistry - Adding type registration yes_no -> org.hibernate.type.BasicTypeReference@718f805a
2025-10-22 18:39:17 DEBUG [main] o.hibernate.type.BasicTypeRegistry - Adding type registration org.hibernate.type.YesNoConverter -> org.hibernate.type.BasicTypeReference@718f805a
2025-10-22 18:39:17 DEBUG [main] o.hibernate.type.BasicTypeRegistry - Adding type registration byte -> org.hibernate.type.BasicTypeReference@e09f1b6
2025-10-22 18:39:17 DEBUG [main] o.hibernate.type.BasicTypeRegistry - Adding type registration byte -> org.hibernate.type.BasicTypeReference@e09f1b6
2025-10-22 18:39:17 DEBUG [main] o.hibernate.type.BasicTypeRegistry - Adding type registration java.lang.Byte -> org.hibernate.type.BasicTypeReference@e09f1b6
2025-10-22 18:39:17 DEBUG [main] o.hibernate.type.BasicTypeRegistry - Adding type registration binary -> org.hibernate.type.BasicTypeReference@557b6a37
2025-10-22 18:39:17 DEBUG [main] o.hibernate.type.BasicTypeRegistry - Adding type registration byte[] -> org.hibernate.type.BasicTypeReference@557b6a37
2025-10-22 18:39:17 DEBUG [main] o.hibernate.type.BasicTypeRegistry - Adding type registration [B -> org.hibernate.type.BasicTypeReference@557b6a37
2025-10-22 18:39:17 DEBUG [main] o.hibernate.type.BasicTypeRegistry - Adding type registration binary_wrapper -> org.hibernate.type.BasicTypeReference@11b32a14
2025-10-22 18:39:17 DEBUG [main] o.hibernate.type.BasicTypeRegistry - Adding type registration wrapper-binary -> org.hibernate.type.BasicTypeReference@11b32a14
2025-10-22 18:39:17 DEBUG [main] o.hibernate.type.BasicTypeRegistry - Adding type registration image -> org.hibernate.type.BasicTypeReference@1c33e528
2025-10-22 18:39:17 DEBUG [main] o.hibernate.type.BasicTypeRegistry - Adding type registration blob -> org.hibernate.type.BasicTypeReference@5df63359
2025-10-22 18:39:17 DEBUG [main] o.hibernate.type.BasicTypeRegistry - Adding type registration java.sql.Blob -> org.hibernate.type.BasicTypeReference@5df63359
2025-10-22 18:39:17 DEBUG [main] o.hibernate.type.BasicTypeRegistry - Adding type registration materialized_blob -> org.hibernate.type.BasicTypeReference@53d2d002
2025-10-22 18:39:17 DEBUG [main] o.hibernate.type.BasicTypeRegistry - Adding type registration materialized_blob_wrapper -> org.hibernate.type.BasicTypeReference@5b39a3e6
2025-10-22 18:39:17 DEBUG [main] o.hibernate.type.BasicTypeRegistry - Adding type registration short -> org.hibernate.type.BasicTypeReference@5820070c
2025-10-22 18:39:17 DEBUG [main] o.hibernate.type.BasicTypeRegistry - Adding type registration short -> org.hibernate.type.BasicTypeReference@5820070c
2025-10-22 18:39:17 DEBUG [main] o.hibernate.type.BasicTypeRegistry - Adding type registration java.lang.Short -> org.hibernate.type.BasicTypeReference@5820070c
2025-10-22 18:39:17 DEBUG [main] o.hibernate.type.BasicTypeRegistry - Adding type registration integer -> org.hibernate.type.BasicTypeReference@34208baa
2025-10-22 18:39:17 DEBUG [main] o.hibernate.type.BasicTypeRegistry - Adding type registration int -> org.hibernate.type.BasicTypeReference@34208baa
2025-10-22 18:39:17 DEBUG [main] o.hibernate.type.BasicTypeRegistry - Adding type registration java.lang.Integer -> org.hibernate.type.BasicTypeReference@34208baa
2025-10-22 18:39:17 DEBUG [main] o.hibernate.type.BasicTypeRegistry - Adding type registration long -> org.hibernate.type.BasicTypeReference@71370fec
2025-10-22 18:39:17 DEBUG [main] o.hibernate.type.BasicTypeRegistry - Adding type registration long -> org.hibernate.type.BasicTypeReference@71370fec
2025-10-22 18:39:17 DEBUG [main] o.hibernate.type.BasicTypeRegistry - Adding type registration java.lang.Long -> org.hibernate.type.BasicTypeReference@71370fec
2025-10-22 18:39:17 DEBUG [main] o.hibernate.type.BasicTypeRegistry - Adding type registration float -> org.hibernate.type.BasicTypeReference@6707a4bf
2025-10-22 18:39:17 DEBUG [main] o.hibernate.type.BasicTypeRegistry - Adding type registration float -> org.hibernate.type.BasicTypeReference@6707a4bf
2025-10-22 18:39:17 DEBUG [main] o.hibernate.type.BasicTypeRegistry - Adding type registration java.lang.Float -> org.hibernate.type.BasicTypeReference@6707a4bf
2025-10-22 18:39:17 DEBUG [main] o.hibernate.type.BasicTypeRegistry - Adding type registration double -> org.hibernate.type.BasicTypeReference@3fc7c734
2025-10-22 18:39:17 DEBUG [main] o.hibernate.type.BasicTypeRegistry - Adding type registration double -> org.hibernate.type.BasicTypeReference@3fc7c734
2025-10-22 18:39:17 DEBUG [main] o.hibernate.type.BasicTypeRegistry - Adding type registration java.lang.Double -> org.hibernate.type.BasicTypeReference@3fc7c734
2025-10-22 18:39:17 DEBUG [main] o.hibernate.type.BasicTypeRegistry - Adding type registration big_integer -> org.hibernate.type.BasicTypeReference@f0a66bd
2025-10-22 18:39:17 DEBUG [main] o.hibernate.type.BasicTypeRegistry - Adding type registration java.math.BigInteger -> org.hibernate.type.BasicTypeReference@f0a66bd
2025-10-22 18:39:17 DEBUG [main] o.hibernate.type.BasicTypeRegistry - Adding type registration big_decimal -> org.hibernate.type.BasicTypeReference@460b50df
2025-10-22 18:39:17 DEBUG [main] o.hibernate.type.BasicTypeRegistry - Adding type registration java.math.BigDecimal -> org.hibernate.type.BasicTypeReference@460b50df
2025-10-22 18:39:17 DEBUG [main] o.hibernate.type.BasicTypeRegistry - Adding type registration character -> org.hibernate.type.BasicTypeReference@1cf336fd
2025-10-22 18:39:17 DEBUG [main] o.hibernate.type.BasicTypeRegistry - Adding type registration char -> org.hibernate.type.BasicTypeReference@1cf336fd
2025-10-22 18:39:17 DEBUG [main] o.hibernate.type.BasicTypeRegistry - Adding type registration java.lang.Character -> org.hibernate.type.BasicTypeReference@1cf336fd
2025-10-22 18:39:17 DEBUG [main] o.hibernate.type.BasicTypeRegistry - Adding type registration character_nchar -> org.hibernate.type.BasicTypeReference@1d0cac30
2025-10-22 18:39:17 DEBUG [main] o.hibernate.type.BasicTypeRegistry - Adding type registration string -> org.hibernate.type.BasicTypeReference@41ef1ea2
2025-10-22 18:39:17 DEBUG [main] o.hibernate.type.BasicTypeRegistry - Adding type registration java.lang.String -> org.hibernate.type.BasicTypeReference@41ef1ea2
2025-10-22 18:39:17 DEBUG [main] o.hibernate.type.BasicTypeRegistry - Adding type registration nstring -> org.hibernate.type.BasicTypeReference@5dfe23e8
2025-10-22 18:39:17 DEBUG [main] o.hibernate.type.BasicTypeRegistry - Adding type registration characters -> org.hibernate.type.BasicTypeReference@583fb274
2025-10-22 18:39:17 DEBUG [main] o.hibernate.type.BasicTypeRegistry - Adding type registration char[] -> org.hibernate.type.BasicTypeReference@583fb274
2025-10-22 18:39:17 DEBUG [main] o.hibernate.type.BasicTypeRegistry - Adding type registration [C -> org.hibernate.type.BasicTypeReference@583fb274
2025-10-22 18:39:17 DEBUG [main] o.hibernate.type.BasicTypeRegistry - Adding type registration wrapper-characters -> org.hibernate.type.BasicTypeReference@202ae86f
2025-10-22 18:39:17 DEBUG [main] o.hibernate.type.BasicTypeRegistry - Adding type registration text -> org.hibernate.type.BasicTypeReference@1989e8c6
2025-10-22 18:39:17 DEBUG [main] o.hibernate.type.BasicTypeRegistry - Adding type registration ntext -> org.hibernate.type.BasicTypeReference@35c4697c
2025-10-22 18:39:17 DEBUG [main] o.hibernate.type.BasicTypeRegistry - Adding type registration clob -> org.hibernate.type.BasicTypeReference@104dc1a2
2025-10-22 18:39:17 DEBUG [main] o.hibernate.type.BasicTypeRegistry - Adding type registration java.sql.Clob -> org.hibernate.type.BasicTypeReference@104dc1a2
2025-10-22 18:39:17 DEBUG [main] o.hibernate.type.BasicTypeRegistry - Adding type registration nclob -> org.hibernate.type.BasicTypeReference@67d32a54
2025-10-22 18:39:17 DEBUG [main] o.hibernate.type.BasicTypeRegistry - Adding type registration java.sql.NClob -> org.hibernate.type.BasicTypeReference@67d32a54
2025-10-22 18:39:17 DEBUG [main] o.hibernate.type.BasicTypeRegistry - Adding type registration materialized_clob -> org.hibernate.type.BasicTypeReference@314a31b0
2025-10-22 18:39:17 DEBUG [main] o.hibernate.type.BasicTypeRegistry - Adding type registration materialized_clob_char_array -> org.hibernate.type.BasicTypeReference@2753316c
2025-10-22 18:39:17 DEBUG [main] o.hibernate.type.BasicTypeRegistry - Adding type registration materialized_clob_character_array -> org.hibernate.type.BasicTypeReference@59edb4f5
2025-10-22 18:39:17 DEBUG [main] o.hibernate.type.BasicTypeRegistry - Adding type registration materialized_nclob -> org.hibernate.type.BasicTypeReference@2792b416
2025-10-22 18:39:17 DEBUG [main] o.hibernate.type.BasicTypeRegistry - Adding type registration materialized_nclob_character_array -> org.hibernate.type.BasicTypeReference@4735d6e5
2025-10-22 18:39:17 DEBUG [main] o.hibernate.type.BasicTypeRegistry - Adding type registration materialized_nclob_char_array -> org.hibernate.type.BasicTypeReference@79d3473e
2025-10-22 18:39:17 DEBUG [main] o.hibernate.type.BasicTypeRegistry - Adding type registration Duration -> org.hibernate.type.BasicTypeReference@4dad0eed
2025-10-22 18:39:17 DEBUG [main] o.hibernate.type.BasicTypeRegistry - Adding type registration java.time.Duration -> org.hibernate.type.BasicTypeReference@4dad0eed
2025-10-22 18:39:17 DEBUG [main] o.hibernate.type.BasicTypeRegistry - Adding type registration LocalDateTime -> org.hibernate.type.BasicTypeReference@7fad214a
2025-10-22 18:39:17 DEBUG [main] o.hibernate.type.BasicTypeRegistry - Adding type registration java.time.LocalDateTime -> org.hibernate.type.BasicTypeReference@7fad214a
2025-10-22 18:39:17 DEBUG [main] o.hibernate.type.BasicTypeRegistry - Adding type registration LocalDate -> org.hibernate.type.BasicTypeReference@164642a4
2025-10-22 18:39:17 DEBUG [main] o.hibernate.type.BasicTypeRegistry - Adding type registration java.time.LocalDate -> org.hibernate.type.BasicTypeReference@164642a4
2025-10-22 18:39:17 DEBUG [main] o.hibernate.type.BasicTypeRegistry - Adding type registration LocalTime -> org.hibernate.type.BasicTypeReference@75cf0de5
2025-10-22 18:39:17 DEBUG [main] o.hibernate.type.BasicTypeRegistry - Adding type registration java.time.LocalTime -> org.hibernate.type.BasicTypeReference@75cf0de5
2025-10-22 18:39:17 DEBUG [main] o.hibernate.type.BasicTypeRegistry - Adding type registration OffsetDateTime -> org.hibernate.type.BasicTypeReference@50b0afd7
2025-10-22 18:39:17 DEBUG [main] o.hibernate.type.BasicTypeRegistry - Adding type registration java.time.OffsetDateTime -> org.hibernate.type.BasicTypeReference@50b0afd7
2025-10-22 18:39:17 DEBUG [main] o.hibernate.type.BasicTypeRegistry - Adding type registration OffsetDateTimeWithTimezone -> org.hibernate.type.BasicTypeReference@468173fa
2025-10-22 18:39:17 DEBUG [main] o.hibernate.type.BasicTypeRegistry - Adding type registration OffsetDateTimeWithoutTimezone -> org.hibernate.type.BasicTypeReference@62765aec
2025-10-22 18:39:17 DEBUG [main] o.hibernate.type.BasicTypeRegistry - Adding type registration OffsetTime -> org.hibernate.type.BasicTypeReference@6f5bd362
2025-10-22 18:39:17 DEBUG [main] o.hibernate.type.BasicTypeRegistry - Adding type registration java.time.OffsetTime -> org.hibernate.type.BasicTypeReference@6f5bd362
2025-10-22 18:39:17 DEBUG [main] o.hibernate.type.BasicTypeRegistry - Adding type registration OffsetTimeUtc -> org.hibernate.type.BasicTypeReference@3a401749
2025-10-22 18:39:17 DEBUG [main] o.hibernate.type.BasicTypeRegistry - Adding type registration OffsetTimeWithTimezone -> org.hibernate.type.BasicTypeReference@7793ad58
2025-10-22 18:39:17 DEBUG [main] o.hibernate.type.BasicTypeRegistry - Adding type registration OffsetTimeWithoutTimezone -> org.hibernate.type.BasicTypeReference@27e2287c
2025-10-22 18:39:17 DEBUG [main] o.hibernate.type.BasicTypeRegistry - Adding type registration ZonedDateTime -> org.hibernate.type.BasicTypeReference@16132f21
2025-10-22 18:39:17 DEBUG [main] o.hibernate.type.BasicTypeRegistry - Adding type registration java.time.ZonedDateTime -> org.hibernate.type.BasicTypeReference@16132f21
2025-10-22 18:39:17 DEBUG [main] o.hibernate.type.BasicTypeRegistry - Adding type registration ZonedDateTimeWithTimezone -> org.hibernate.type.BasicTypeReference@2cd388f5
2025-10-22 18:39:17 DEBUG [main] o.hibernate.type.BasicTypeRegistry - Adding type registration ZonedDateTimeWithoutTimezone -> org.hibernate.type.BasicTypeReference@4640195a
2025-10-22 18:39:17 DEBUG [main] o.hibernate.type.BasicTypeRegistry - Adding type registration date -> org.hibernate.type.BasicTypeReference@70d77826
2025-10-22 18:39:17 DEBUG [main] o.hibernate.type.BasicTypeRegistry - Adding type registration java.sql.Date -> org.hibernate.type.BasicTypeReference@70d77826
2025-10-22 18:39:17 DEBUG [main] o.hibernate.type.BasicTypeRegistry - Adding type registration time -> org.hibernate.type.BasicTypeReference@7f323b3a
2025-10-22 18:39:17 DEBUG [main] o.hibernate.type.BasicTypeRegistry - Adding type registration java.sql.Time -> org.hibernate.type.BasicTypeReference@7f323b3a
2025-10-22 18:39:17 DEBUG [main] o.hibernate.type.BasicTypeRegistry - Adding type registration timestamp -> org.hibernate.type.BasicTypeReference@4f169009
2025-10-22 18:39:17 DEBUG [main] o.hibernate.type.BasicTypeRegistry - Adding type registration java.sql.Timestamp -> org.hibernate.type.BasicTypeReference@4f169009
2025-10-22 18:39:17 DEBUG [main] o.hibernate.type.BasicTypeRegistry - Adding type registration java.util.Date -> org.hibernate.type.BasicTypeReference@4f169009
2025-10-22 18:39:17 DEBUG [main] o.hibernate.type.BasicTypeRegistry - Adding type registration calendar -> org.hibernate.type.BasicTypeReference@9dada78
2025-10-22 18:39:17 DEBUG [main] o.hibernate.type.BasicTypeRegistry - Adding type registration java.util.Calendar -> org.hibernate.type.BasicTypeReference@9dada78
2025-10-22 18:39:17 DEBUG [main] o.hibernate.type.BasicTypeRegistry - Adding type registration java.util.GregorianCalendar -> org.hibernate.type.BasicTypeReference@9dada78
2025-10-22 18:39:17 DEBUG [main] o.hibernate.type.BasicTypeRegistry - Adding type registration calendar_date -> org.hibernate.type.BasicTypeReference@4207852d
2025-10-22 18:39:17 DEBUG [main] o.hibernate.type.BasicTypeRegistry - Adding type registration calendar_time -> org.hibernate.type.BasicTypeReference@2c829dbc
2025-10-22 18:39:17 DEBUG [main] o.hibernate.type.BasicTypeRegistry - Adding type registration instant -> org.hibernate.type.BasicTypeReference@57efc6fd
2025-10-22 18:39:17 DEBUG [main] o.hibernate.type.BasicTypeRegistry - Adding type registration java.time.Instant -> org.hibernate.type.BasicTypeReference@57efc6fd
2025-10-22 18:39:17 DEBUG [main] o.hibernate.type.BasicTypeRegistry - Adding type registration uuid -> org.hibernate.type.BasicTypeReference@839df62
2025-10-22 18:39:17 DEBUG [main] o.hibernate.type.BasicTypeRegistry - Adding type registration java.util.UUID -> org.hibernate.type.BasicTypeReference@839df62
2025-10-22 18:39:17 DEBUG [main] o.hibernate.type.BasicTypeRegistry - Adding type registration pg-uuid -> org.hibernate.type.BasicTypeReference@839df62
2025-10-22 18:39:17 DEBUG [main] o.hibernate.type.BasicTypeRegistry - Adding type registration uuid-binary -> org.hibernate.type.BasicTypeReference@76e90da5
2025-10-22 18:39:17 DEBUG [main] o.hibernate.type.BasicTypeRegistry - Adding type registration uuid-char -> org.hibernate.type.BasicTypeReference@4e3e11b9
2025-10-22 18:39:17 DEBUG [main] o.hibernate.type.BasicTypeRegistry - Adding type registration class -> org.hibernate.type.BasicTypeReference@67cffead
2025-10-22 18:39:17 DEBUG [main] o.hibernate.type.BasicTypeRegistry - Adding type registration java.lang.Class -> org.hibernate.type.BasicTypeReference@67cffead
2025-10-22 18:39:17 DEBUG [main] o.hibernate.type.BasicTypeRegistry - Adding type registration currency -> org.hibernate.type.BasicTypeReference@214beff9
2025-10-22 18:39:17 DEBUG [main] o.hibernate.type.BasicTypeRegistry - Adding type registration Currency -> org.hibernate.type.BasicTypeReference@214beff9
2025-10-22 18:39:17 DEBUG [main] o.hibernate.type.BasicTypeRegistry - Adding type registration java.util.Currency -> org.hibernate.type.BasicTypeReference@214beff9
2025-10-22 18:39:17 DEBUG [main] o.hibernate.type.BasicTypeRegistry - Adding type registration locale -> org.hibernate.type.BasicTypeReference@217c23ce
2025-10-22 18:39:17 DEBUG [main] o.hibernate.type.BasicTypeRegistry - Adding type registration java.util.Locale -> org.hibernate.type.BasicTypeReference@217c23ce
2025-10-22 18:39:17 DEBUG [main] o.hibernate.type.BasicTypeRegistry - Adding type registration serializable -> org.hibernate.type.BasicTypeReference@39de9bda
2025-10-22 18:39:17 DEBUG [main] o.hibernate.type.BasicTypeRegistry - Adding type registration java.io.Serializable -> org.hibernate.type.BasicTypeReference@39de9bda
2025-10-22 18:39:17 DEBUG [main] o.hibernate.type.BasicTypeRegistry - Adding type registration timezone -> org.hibernate.type.BasicTypeReference@47148f3f
2025-10-22 18:39:17 DEBUG [main] o.hibernate.type.BasicTypeRegistry - Adding type registration java.util.TimeZone -> org.hibernate.type.BasicTypeReference@47148f3f
2025-10-22 18:39:17 DEBUG [main] o.hibernate.type.BasicTypeRegistry - Adding type registration ZoneOffset -> org.hibernate.type.BasicTypeReference@52226e57
2025-10-22 18:39:17 DEBUG [main] o.hibernate.type.BasicTypeRegistry - Adding type registration java.time.ZoneOffset -> org.hibernate.type.BasicTypeReference@52226e57
2025-10-22 18:39:17 DEBUG [main] o.hibernate.type.BasicTypeRegistry - Adding type registration url -> org.hibernate.type.BasicTypeReference@1200458e
2025-10-22 18:39:17 DEBUG [main] o.hibernate.type.BasicTypeRegistry - Adding type registration java.net.URL -> org.hibernate.type.BasicTypeReference@1200458e
2025-10-22 18:39:17 DEBUG [main] o.hibernate.type.BasicTypeRegistry - Adding type registration vector -> org.hibernate.type.BasicTypeReference@5fcd1c5f
2025-10-22 18:39:17 DEBUG [main] o.hibernate.type.BasicTypeRegistry - Adding type registration float_vector -> org.hibernate.type.BasicTypeReference@3cc30dee
2025-10-22 18:39:17 DEBUG [main] o.hibernate.type.BasicTypeRegistry - Adding type registration double_vector -> org.hibernate.type.BasicTypeReference@7d528cf7
2025-10-22 18:39:17 DEBUG [main] o.hibernate.type.BasicTypeRegistry - Adding type registration byte_vector -> org.hibernate.type.BasicTypeReference@6dee8ae6
2025-10-22 18:39:17 DEBUG [HikariPool-1 connection adder] com.zaxxer.hikari.pool.HikariPool - HikariPool-1 - After adding stats (total=4, active=0, idle=4, waiting=0)
2025-10-22 18:39:17 DEBUG [main] o.hibernate.type.BasicTypeRegistry - Adding type registration row_version -> org.hibernate.type.BasicTypeReference@5af64ce0
2025-10-22 18:39:17 DEBUG [HikariPool-1 connection adder] com.zaxxer.hikari.pool.HikariPool - HikariPool-1 - Added connection org.mariadb.jdbc.Connection@1c0ed20
2025-10-22 18:39:17 DEBUG [main] o.hibernate.type.BasicTypeRegistry - Adding type registration object -> org.hibernate.type.JavaObjectType@554188ac
2025-10-22 18:39:17 DEBUG [main] o.hibernate.type.BasicTypeRegistry - Adding type registration java.lang.Object -> org.hibernate.type.JavaObjectType@554188ac
2025-10-22 18:39:17 DEBUG [main] o.hibernate.type.BasicTypeRegistry - Adding type registration null -> org.hibernate.type.NullType@420cd102
2025-10-22 18:39:17 DEBUG [main] o.hibernate.type.BasicTypeRegistry - Adding type registration imm_date -> org.hibernate.type.BasicTypeReference@c7f4457
2025-10-22 18:39:17 DEBUG [main] o.hibernate.type.BasicTypeRegistry - Adding type registration imm_time -> org.hibernate.type.BasicTypeReference@12e12ac9
2025-10-22 18:39:17 DEBUG [main] o.hibernate.type.BasicTypeRegistry - Adding type registration imm_timestamp -> org.hibernate.type.BasicTypeReference@5e230fc6
2025-10-22 18:39:17 DEBUG [main] o.hibernate.type.BasicTypeRegistry - Adding type registration imm_calendar -> org.hibernate.type.BasicTypeReference@7a8341c1
2025-10-22 18:39:17 DEBUG [main] o.hibernate.type.BasicTypeRegistry - Adding type registration imm_calendar_date -> org.hibernate.type.BasicTypeReference@ca8ef3a
2025-10-22 18:39:17 DEBUG [main] o.hibernate.type.BasicTypeRegistry - Adding type registration imm_calendar_time -> org.hibernate.type.BasicTypeReference@17043b04
2025-10-22 18:39:17 DEBUG [main] o.hibernate.type.BasicTypeRegistry - Adding type registration imm_binary -> org.hibernate.type.BasicTypeReference@511f5b1d
2025-10-22 18:39:17 DEBUG [main] o.hibernate.type.BasicTypeRegistry - Adding type registration imm_serializable -> org.hibernate.type.BasicTypeReference@31f295b6
2025-10-22 18:39:17 DEBUG [main] o.h.b.internal.BootstrapContextImpl - Injecting JPA temp ClassLoader [org.springframework.instrument.classloading.SimpleThrowawayClassLoader@3513c84c] into BootstrapContext; was [null]
2025-10-22 18:39:17 DEBUG [main] o.h.b.internal.ClassLoaderAccessImpl - ClassLoaderAccessImpl#injectTempClassLoader(org.springframework.instrument.classloading.SimpleThrowawayClassLoader@3513c84c) [was null]
2025-10-22 18:39:17 DEBUG [main] o.h.b.internal.BootstrapContextImpl - Injecting ScanEnvironment [org.hibernate.jpa.boot.internal.StandardJpaScanEnvironmentImpl@468e8565] into BootstrapContext; was [null]
2025-10-22 18:39:17 DEBUG [main] o.h.b.internal.BootstrapContextImpl - Injecting ScanOptions [org.hibernate.boot.archive.scan.internal.StandardScanOptions@91da29b] into BootstrapContext; was [org.hibernate.boot.archive.scan.internal.StandardScanOptions@7066363]
2025-10-22 18:39:17 DEBUG [HikariPool-1 connection adder] com.zaxxer.hikari.pool.HikariPool - HikariPool-1 - After adding stats (total=5, active=0, idle=5, waiting=0)
2025-10-22 18:39:17 DEBUG [HikariPool-1 connection adder] com.zaxxer.hikari.pool.HikariPool - HikariPool-1 - Added connection org.mariadb.jdbc.Connection@7b81a92b
2025-10-22 18:39:17 DEBUG [HikariPool-1 connection adder] com.zaxxer.hikari.pool.HikariPool - HikariPool-1 - After adding stats (total=6, active=0, idle=6, waiting=0)
2025-10-22 18:39:17 DEBUG [HikariPool-1 connection adder] com.zaxxer.hikari.pool.HikariPool - HikariPool-1 - Added connection org.mariadb.jdbc.Connection@5f128c13
2025-10-22 18:39:17 DEBUG [HikariPool-1 connection adder] com.zaxxer.hikari.pool.HikariPool - HikariPool-1 - After adding stats (total=7, active=0, idle=7, waiting=0)
2025-10-22 18:39:17 DEBUG [HikariPool-1 connection adder] com.zaxxer.hikari.pool.HikariPool - HikariPool-1 - Added connection org.mariadb.jdbc.Connection@13dd90d6
2025-10-22 18:39:17 DEBUG [HikariPool-1 connection adder] com.zaxxer.hikari.pool.HikariPool - HikariPool-1 - After adding stats (total=8, active=0, idle=8, waiting=0)
2025-10-22 18:39:17 DEBUG [HikariPool-1 connection adder] com.zaxxer.hikari.pool.HikariPool - HikariPool-1 - Added connection org.mariadb.jdbc.Connection@4af98048
2025-10-22 18:39:17 INFO  [main] o.s.o.j.p.SpringPersistenceUnitInfo - No LoadTimeWeaver setup: ignoring JPA class transformer
2025-10-22 18:39:17 DEBUG [main] o.h.b.internal.BootstrapContextImpl - Injecting JPA temp ClassLoader [null] into BootstrapContext; was [org.springframework.instrument.classloading.SimpleThrowawayClassLoader@3513c84c]
2025-10-22 18:39:17 DEBUG [main] o.h.b.internal.ClassLoaderAccessImpl - ClassLoaderAccessImpl#injectTempClassLoader(null) [was org.springframework.instrument.classloading.SimpleThrowawayClassLoader@3513c84c]
2025-10-22 18:39:17 DEBUG [main] o.h.e.j.e.i.JdbcEnvironmentInitiator - Database ->
	   name : MariaDB
	version : 11.8.3-MariaDB
	  major : 11
	  minor : 8
2025-10-22 18:39:17 DEBUG [main] o.h.e.j.e.i.JdbcEnvironmentInitiator - Driver ->
	   name : MariaDB Connector/J
	version : 3.4.1
	  major : 3
	  minor : 4
2025-10-22 18:39:17 DEBUG [main] o.h.e.j.e.i.JdbcEnvironmentInitiator - JDBC version : 4.2
2025-10-22 18:39:17 DEBUG [HikariPool-1 connection adder] com.zaxxer.hikari.pool.HikariPool - HikariPool-1 - After adding stats (total=9, active=1, idle=8, waiting=0)
2025-10-22 18:39:17 DEBUG [HikariPool-1 connection adder] com.zaxxer.hikari.pool.HikariPool - HikariPool-1 - Added connection org.mariadb.jdbc.Connection@6c56491f
2025-10-22 18:39:17 DEBUG [main] org.hibernate.orm.dialect - HHH035001: Using dialect: org.hibernate.dialect.MariaDBDialect, version: 11.8.3
2025-10-22 18:39:17 DEBUG [main] o.h.e.j.e.s.IdentifierHelperBuilder - IdentifierCaseStrategy for both quoted and unquoted identifiers was set to the same strategy [LOWER]; that will likely lead to problems in schema update and validation if using quoted identifiers
2025-10-22 18:39:17 INFO  [main] o.hibernate.orm.connections.pooling - HHH10001005: Database info:
	Database JDBC URL [Connecting through datasource 'HikariDataSource (HikariPool-1)']
	Database driver: undefined/unknown
	Database version: 11.8.3
	Autocommit mode: undefined/unknown
	Isolation level: undefined/unknown
	Minimum pool size: undefined/unknown
	Maximum pool size: undefined/unknown
2025-10-22 18:39:17 DEBUG [HikariPool-1 connection adder] com.zaxxer.hikari.pool.HikariPool - HikariPool-1 - After adding stats (total=10, active=0, idle=10, waiting=0)
2025-10-22 18:39:17 DEBUG [main] o.h.t.d.sql.spi.DdlTypeRegistry - addDescriptor(12, org.hibernate.type.descriptor.sql.internal.CapacityDependentDdlType@37d3e140) replaced previous registration(org.hibernate.type.descriptor.sql.internal.CapacityDependentDdlType@3e53c4ad)
2025-10-22 18:39:17 DEBUG [main] o.h.t.d.sql.spi.DdlTypeRegistry - addDescriptor(-9, org.hibernate.type.descriptor.sql.internal.CapacityDependentDdlType@33eb0d4) replaced previous registration(org.hibernate.type.descriptor.sql.internal.CapacityDependentDdlType@224d86d2)
2025-10-22 18:39:17 DEBUG [main] o.h.t.d.sql.spi.DdlTypeRegistry - addDescriptor(-3, org.hibernate.type.descriptor.sql.internal.CapacityDependentDdlType@a3cba3a) replaced previous registration(org.hibernate.type.descriptor.sql.internal.CapacityDependentDdlType@2aea717c)
2025-10-22 18:39:17 DEBUG [main] o.h.t.d.sql.spi.DdlTypeRegistry - addDescriptor(4003, org.hibernate.type.descriptor.sql.internal.DdlTypeImpl@5ca4dce5) replaced previous registration(org.hibernate.type.descriptor.sql.internal.DdlTypeImpl@1291aab5)
2025-10-22 18:39:17 DEBUG [main] o.h.t.d.sql.spi.DdlTypeRegistry - addDescriptor(4001, org.hibernate.type.descriptor.sql.internal.DdlTypeImpl@7d133fb7) replaced previous registration(org.hibernate.type.descriptor.sql.internal.DdlTypeImpl@40bd0f8)
2025-10-22 18:39:17 DEBUG [main] o.h.t.d.sql.spi.DdlTypeRegistry - addDescriptor(4002, org.hibernate.type.descriptor.sql.internal.DdlTypeImpl@7eb27768) replaced previous registration(org.hibernate.type.descriptor.sql.internal.DdlTypeImpl@6169be09)
2025-10-22 18:39:17 DEBUG [main] o.h.t.d.sql.spi.DdlTypeRegistry - addDescriptor(2004, org.hibernate.type.descriptor.sql.internal.CapacityDependentDdlType@5e3db14) replaced previous registration(org.hibernate.type.descriptor.sql.internal.DdlTypeImpl@5fb54740)
2025-10-22 18:39:17 DEBUG [main] o.h.t.d.sql.spi.DdlTypeRegistry - addDescriptor(2005, org.hibernate.type.descriptor.sql.internal.CapacityDependentDdlType@325162e9) replaced previous registration(org.hibernate.type.descriptor.sql.internal.DdlTypeImpl@1ee40b5c)
2025-10-22 18:39:17 DEBUG [main] o.h.t.d.sql.spi.DdlTypeRegistry - addDescriptor(2011, org.hibernate.type.descriptor.sql.internal.CapacityDependentDdlType@5c448ef) replaced previous registration(org.hibernate.type.descriptor.sql.internal.DdlTypeImpl@703e8050)
2025-10-22 18:39:17 INFO  [main] ceu.dam.ad.tema3.ejercicios.App - Starting App using Java 21.0.8 with PID 20388 (C:\Users\rromero2106\Desktop\Github\Acceso-a-Datos\misproyecto\ejercicios-tema-02-basicos\target\classes started by rromero2106 in C:\Users\rromero2106\Desktop\Github\Acceso-a-Datos\misproyecto\ejercicios-tema-02-basicos)
2025-10-22 18:39:17 DEBUG [main] ceu.dam.ad.tema3.ejercicios.App - Running with Spring Boot v3.4.0, Spring v6.2.0
2025-10-22 18:39:17 INFO  [main] ceu.dam.ad.tema3.ejercicios.App - No active profile set, falling back to 1 default profile: "default"
2025-10-22 18:39:17 DEBUG [main] o.s.boot.SpringApplication - Loading source class ceu.dam.ad.tema3.ejercicios.App
2025-10-22 18:39:17 DEBUG [main] o.hibernate.type.BasicTypeRegistry - Adding type registration null -> org.hibernate.type.NullType@7ea42c82
2025-10-22 18:39:17 DEBUG [main] o.hibernate.type.BasicTypeRegistry - Type registration key [null] overrode previous entry : `org.hibernate.type.NullType@420cd102`
2025-10-22 18:39:17 DEBUG [main] o.hibernate.type.BasicTypeRegistry - Adding type registration org.hibernate.type.DurationType -> basicType@1(java.time.Duration,3015)
2025-10-22 18:39:17 DEBUG [main] o.hibernate.type.BasicTypeRegistry - Adding type registration Duration -> basicType@1(java.time.Duration,3015)
2025-10-22 18:39:17 DEBUG [main] o.hibernate.type.BasicTypeRegistry - Adding type registration java.time.Duration -> basicType@1(java.time.Duration,3015)
2025-10-22 18:39:17 DEBUG [main] o.hibernate.type.BasicTypeRegistry - Adding type registration org.hibernate.type.OffsetDateTimeType -> basicType@2(java.time.OffsetDateTime,3003)
2025-10-22 18:39:17 DEBUG [main] o.hibernate.type.BasicTypeRegistry - Adding type registration OffsetDateTime -> basicType@2(java.time.OffsetDateTime,3003)
2025-10-22 18:39:17 DEBUG [main] o.hibernate.type.BasicTypeRegistry - Adding type registration java.time.OffsetDateTime -> basicType@2(java.time.OffsetDateTime,3003)
2025-10-22 18:39:17 DEBUG [main] o.hibernate.type.BasicTypeRegistry - Adding type registration org.hibernate.type.ZonedDateTimeType -> basicType@3(java.time.ZonedDateTime,3003)
2025-10-22 18:39:17 DEBUG [main] o.hibernate.type.BasicTypeRegistry - Adding type registration ZonedDateTime -> basicType@3(java.time.ZonedDateTime,3003)
2025-10-22 18:39:17 DEBUG [main] o.hibernate.type.BasicTypeRegistry - Adding type registration java.time.ZonedDateTime -> basicType@3(java.time.ZonedDateTime,3003)
2025-10-22 18:39:17 DEBUG [main] o.hibernate.type.BasicTypeRegistry - Adding type registration org.hibernate.type.OffsetTimeType -> basicType@4(java.time.OffsetTime,3007)
2025-10-22 18:39:17 DEBUG [main] o.hibernate.type.BasicTypeRegistry - Adding type registration OffsetTime -> basicType@4(java.time.OffsetTime,3007)
2025-10-22 18:39:17 DEBUG [main] o.hibernate.type.BasicTypeRegistry - Adding type registration java.time.OffsetTime -> basicType@4(java.time.OffsetTime,3007)
2025-10-22 18:39:17 DEBUG [main] o.h.type.spi.TypeConfiguration$Scope - Scoping TypeConfiguration [org.hibernate.type.spi.TypeConfiguration@6cc48a17] to MetadataBuildingContext [org.hibernate.boot.internal.MetadataBuildingContextRootImpl@289f15e9]
2025-10-22 18:39:17 DEBUG [main] o.s.c.a.AnnotationConfigApplicationContext - Refreshing org.springframework.context.annotation.AnnotationConfigApplicationContext@7829b776
2025-10-22 18:39:17 DEBUG [main] o.s.b.f.s.DefaultListableBeanFactory - Creating shared instance of singleton bean 'org.springframework.context.annotation.internalConfigurationAnnotationProcessor'
2025-10-22 18:39:17 DEBUG [main] o.h.boot.model.relational.Namespace - Created database namespace [logicalName=Name{catalog=null, schema=null}, physicalName=Name{catalog=null, schema=null}]
2025-10-22 18:39:17 DEBUG [main] o.s.b.f.s.DefaultListableBeanFactory - Creating shared instance of singleton bean 'org.springframework.boot.autoconfigure.internalCachingMetadataReaderFactory'
2025-10-22 18:39:17 DEBUG [main] o.h.boot.model.internal.EntityBinder - Binding entity from annotated class: ceu.dam.ad.tema3.ejercicios.ejercicio01.model.Pelicula
2025-10-22 18:39:17 DEBUG [main] o.h.boot.model.internal.EntityBinder - Import with entity name Pelicula
2025-10-22 18:39:17 DEBUG [main] o.h.boot.model.internal.EntityBinder - Bind entity ceu.dam.ad.tema3.ejercicios.ejercicio01.model.Pelicula on table film
2025-10-22 18:39:17 DEBUG [main] o.h.b.model.internal.AnnotatedColumn - Binding column: AnnotatedDiscriminatorColumn(column='DTYPE')
2025-10-22 18:39:17 DEBUG [main] o.s.c.a.ClassPathBeanDefinitionScanner - Identified candidate component class: file [C:\Users\rromero2106\Desktop\Github\Acceso-a-Datos\misproyecto\ejercicios-tema-02-basicos\target\classes\ceu\dam\ad\tema3\ejercicios\ejercicio01\services\PeliculasService.class]
2025-10-22 18:39:17 DEBUG [main] o.s.c.a.ClassPathBeanDefinitionScanner - Identified candidate component class: file [C:\Users\rromero2106\Desktop\Github\Acceso-a-Datos\misproyecto\ejercicios-tema-02-basicos\target\classes\ceu\dam\ad\tema3\ejercicios\ejercicio01\test\TestEj1.class]
2025-10-22 18:39:17 DEBUG [main] o.h.b.model.internal.AnnotatedColumn - Binding column: AnnotatedColumn()
2025-10-22 18:39:17 DEBUG [main] o.h.b.internal.ClassLoaderAccessImpl - Not known whether passed class name [ceu.dam.ad.tema3.ejercicios.ejercicio01.model.Pelicula] is safe
2025-10-22 18:39:17 DEBUG [main] o.h.b.internal.ClassLoaderAccessImpl - No temp ClassLoader provided; using live ClassLoader for loading potentially unsafe class : ceu.dam.ad.tema3.ejercicios.ejercicio01.model.Pelicula
2025-10-22 18:39:17 DEBUG [main] o.h.b.model.internal.PropertyBinder - MetadataSourceProcessor property id with lazy=false
2025-10-22 18:39:17 DEBUG [main] o.h.b.m.i.AbstractPropertyHolder - Attempting to locate auto-apply AttributeConverter for property [ceu.dam.ad.tema3.ejercicios.ejercicio01.model.Pelicula:id]
2025-10-22 18:39:17 DEBUG [main] o.h.b.m.internal.BasicValueBinder - building BasicValue for id
2025-10-22 18:39:17 DEBUG [main] org.hibernate.mapping.BasicValue - Skipping column re-registration: film.id
2025-10-22 18:39:17 DEBUG [main] o.h.b.model.internal.PropertyBinder - Building property id
2025-10-22 18:39:17 DEBUG [main] o.h.boot.model.internal.BinderHelper - #makeIdGenerator(BasicValue([Column(id)]), id, identity, , ...)
2025-10-22 18:39:17 DEBUG [main] o.h.b.model.internal.AnnotatedColumn - Binding column: AnnotatedColumn(column='length')
2025-10-22 18:39:17 DEBUG [main] o.h.b.model.internal.PropertyBinder - MetadataSourceProcessor property longitud with lazy=false
2025-10-22 18:39:17 DEBUG [main] o.h.b.m.i.AbstractPropertyHolder - Attempting to locate auto-apply AttributeConverter for property [ceu.dam.ad.tema3.ejercicios.ejercicio01.model.Pelicula:longitud]
2025-10-22 18:39:17 DEBUG [main] o.h.b.m.internal.BasicValueBinder - building BasicValue for longitud
2025-10-22 18:39:17 DEBUG [main] org.hibernate.mapping.BasicValue - Skipping column re-registration: film.length
2025-10-22 18:39:17 DEBUG [main] o.h.b.model.internal.PropertyBinder - Building property longitud
2025-10-22 18:39:17 DEBUG [main] o.h.b.model.internal.AnnotatedColumn - Binding column: AnnotatedColumn(column='title')
2025-10-22 18:39:17 DEBUG [main] o.h.b.model.internal.PropertyBinder - MetadataSourceProcessor property nombre with lazy=false
2025-10-22 18:39:17 DEBUG [main] o.h.b.m.i.AbstractPropertyHolder - Attempting to locate auto-apply AttributeConverter for property [ceu.dam.ad.tema3.ejercicios.ejercicio01.model.Pelicula:nombre]
2025-10-22 18:39:17 DEBUG [main] o.h.b.m.internal.BasicValueBinder - building BasicValue for nombre
2025-10-22 18:39:17 DEBUG [main] org.hibernate.mapping.BasicValue - Skipping column re-registration: film.title
2025-10-22 18:39:17 DEBUG [main] o.h.b.model.internal.PropertyBinder - Building property nombre
2025-10-22 18:39:17 DEBUG [main] o.h.b.r.c.i.ClassLoaderServiceImpl - HHH000194: Package not found or no package-info.java: ceu.dam.ad.tema3.ejercicios.ejercicio01.model
2025-10-22 18:39:17 DEBUG [main] o.h.b.m.internal.BasicValueBinder - Starting `BasicValueBinder#fillSimpleValue` for id
2025-10-22 18:39:17 DEBUG [main] o.h.b.m.internal.BasicValueBinder - Starting `BasicValueBinder#fillSimpleValue` for longitud
2025-10-22 18:39:17 DEBUG [main] o.h.b.m.internal.BasicValueBinder - Starting `BasicValueBinder#fillSimpleValue` for nombre
2025-10-22 18:39:17 DEBUG [main] org.hibernate.mapping.PrimaryKey - Forcing column [id] to be non-null as it is part of the primary key for table [film]
2025-10-22 18:39:17 DEBUG [main] o.h.internal.SessionFactoryImpl - Building session factory
2025-10-22 18:39:18 DEBUG [main] o.h.s.i.SessionFactoryServiceRegistryImpl - EventListenerRegistry access via ServiceRegistry is deprecated.  Use `sessionFactory.getEventEngine().getListenerRegistry()` instead
2025-10-22 18:39:18 DEBUG [main] o.h.internal.SessionFactoryImpl - Instantiating SessionFactory with settings: {java.specification.version=21, sun.cpu.isalist=amd64, hibernate.resource.beans.container=org.springframework.orm.hibernate5.SpringBeanContainer@1570cad0, hibernate.connection.handling_mode=DELAYED_ACQUISITION_AND_HOLD, sun.jnu.encoding=Cp1252, hibernate.implicit_naming_strategy=org.springframework.boot.orm.jpa.hibernate.SpringImplicitNamingStrategy, java.class.path=C:\Users\rromero2106\Desktop\Github\Acceso-a-Datos\misproyecto\ejercicios-tema-02-basicos\target\classes;C:\Users\rromero2106\.m2\repository\org\springframework\boot\spring-boot-starter-data-jpa\3.4.0\spring-boot-starter-data-jpa-3.4.0.jar;C:\Users\rromero2106\.m2\repository\org\springframework\boot\spring-boot-starter\3.4.0\spring-boot-starter-3.4.0.jar;C:\Users\rromero2106\.m2\repository\org\springframework\boot\spring-boot\3.4.0\spring-boot-3.4.0.jar;C:\Users\rromero2106\.m2\repository\org\springframework\boot\spring-boot-autoconfigure\3.4.0\spring-boot-autoconfigure-3.4.0.jar;C:\Users\rromero2106\.m2\repository\org\springframework\boot\spring-boot-starter-logging\3.4.0\spring-boot-starter-logging-3.4.0.jar;C:\Users\rromero2106\.m2\repository\ch\qos\logback\logback-classic\1.5.12\logback-classic-1.5.12.jar;C:\Users\rromero2106\.m2\repository\ch\qos\logback\logback-core\1.5.12\logback-core-1.5.12.jar;C:\Users\rromero2106\.m2\repository\org\apache\logging\log4j\log4j-to-slf4j\2.24.1\log4j-to-slf4j-2.24.1.jar;C:\Users\rromero2106\.m2\repository\org\apache\logging\log4j\log4j-api\2.24.1\log4j-api-2.24.1.jar;C:\Users\rromero2106\.m2\repository\org\slf4j\jul-to-slf4j\2.0.16\jul-to-slf4j-2.0.16.jar;C:\Users\rromero2106\.m2\repository\jakarta\annotation\jakarta.annotation-api\2.1.1\jakarta.annotation-api-2.1.1.jar;C:\Users\rromero2106\.m2\repository\org\yaml\snakeyaml\2.3\snakeyaml-2.3.jar;C:\Users\rromero2106\.m2\repository\org\springframework\boot\spring-boot-starter-jdbc\3.4.0\spring-boot-starter-jdbc-3.4.0.jar;C:\Users\rromero2106\.m2\repository\com\zaxxer\HikariCP\5.1.0\HikariCP-5.1.0.jar;C:\Users\rromero2106\.m2\repository\org\springframework\spring-jdbc\6.2.0\spring-jdbc-6.2.0.jar;C:\Users\rromero2106\.m2\repository\org\hibernate\orm\hibernate-core\6.6.2.Final\hibernate-core-6.6.2.Final.jar;C:\Users\rromero2106\.m2\repository\jakarta\persistence\jakarta.persistence-api\3.1.0\jakarta.persistence-api-3.1.0.jar;C:\Users\rromero2106\.m2\repository\jakarta\transaction\jakarta.transaction-api\2.0.1\jakarta.transaction-api-2.0.1.jar;C:\Users\rromero2106\.m2\repository\org\jboss\logging\jboss-logging\3.6.1.Final\jboss-logging-3.6.1.Final.jar;C:\Users\rromero2106\.m2\repository\org\hibernate\common\hibernate-commons-annotations\7.0.3.Final\hibernate-commons-annotations-7.0.3.Final.jar;C:\Users\rromero2106\.m2\repository\io\smallrye\jandex\3.2.0\jandex-3.2.0.jar;C:\Users\rromero2106\.m2\repository\com\fasterxml\classmate\1.7.0\classmate-1.7.0.jar;C:\Users\rromero2106\.m2\repository\net\bytebuddy\byte-buddy\1.15.10\byte-buddy-1.15.10.jar;C:\Users\rromero2106\.m2\repository\org\glassfish\jaxb\jaxb-runtime\4.0.5\jaxb-runtime-4.0.5.jar;C:\Users\rromero2106\.m2\repository\org\glassfish\jaxb\jaxb-core\4.0.5\jaxb-core-4.0.5.jar;C:\Users\rromero2106\.m2\repository\org\eclipse\angus\angus-activation\2.0.2\angus-activation-2.0.2.jar;C:\Users\rromero2106\.m2\repository\org\glassfish\jaxb\txw2\4.0.5\txw2-4.0.5.jar;C:\Users\rromero2106\.m2\repository\com\sun\istack\istack-commons-runtime\4.1.2\istack-commons-runtime-4.1.2.jar;C:\Users\rromero2106\.m2\repository\jakarta\inject\jakarta.inject-api\2.0.1\jakarta.inject-api-2.0.1.jar;C:\Users\rromero2106\.m2\repository\org\antlr\antlr4-runtime\4.13.0\antlr4-runtime-4.13.0.jar;C:\Users\rromero2106\.m2\repository\org\springframework\data\spring-data-jpa\3.4.0\spring-data-jpa-3.4.0.jar;C:\Users\rromero2106\.m2\repository\org\springframework\data\spring-data-commons\3.4.0\spring-data-commons-3.4.0.jar;C:\Users\rromero2106\.m2\repository\org\springframework\spring-orm\6.2.0\spring-orm-6.2.0.jar;C:\Users\rromero2106\.m2\repository\org\springframework\spring-context\6.2.0\spring-context-6.2.0.jar;C:\Users\rromero2106\.m2\repository\org\springframework\spring-expression\6.2.0\spring-expression-6.2.0.jar;C:\Users\rromero2106\.m2\repository\io\micrometer\micrometer-observation\1.14.1\micrometer-observation-1.14.1.jar;C:\Users\rromero2106\.m2\repository\io\micrometer\micrometer-commons\1.14.1\micrometer-commons-1.14.1.jar;C:\Users\rromero2106\.m2\repository\org\springframework\spring-aop\6.2.0\spring-aop-6.2.0.jar;C:\Users\rromero2106\.m2\repository\org\springframework\spring-tx\6.2.0\spring-tx-6.2.0.jar;C:\Users\rromero2106\.m2\repository\org\springframework\spring-beans\6.2.0\spring-beans-6.2.0.jar;C:\Users\rromero2106\.m2\repository\org\slf4j\slf4j-api\2.0.16\slf4j-api-2.0.16.jar;C:\Users\rromero2106\.m2\repository\org\springframework\spring-aspects\6.2.0\spring-aspects-6.2.0.jar;C:\Users\rromero2106\.m2\repository\org\aspectj\aspectjweaver\1.9.22.1\aspectjweaver-1.9.22.1.jar;C:\Users\rromero2106\.m2\repository\org\mariadb\jdbc\mariadb-java-client\3.4.1\mariadb-java-client-3.4.1.jar;C:\Users\rromero2106\.m2\repository\com\github\waffle\waffle-jna\3.3.0\waffle-jna-3.3.0.jar;C:\Users\rromero2106\.m2\repository\net\java\dev\jna\jna\5.13.0\jna-5.13.0.jar;C:\Users\rromero2106\.m2\repository\net\java\dev\jna\jna-platform\5.13.0\jna-platform-5.13.0.jar;C:\Users\rromero2106\.m2\repository\org\slf4j\jcl-over-slf4j\2.0.16\jcl-over-slf4j-2.0.16.jar;C:\Users\rromero2106\.m2\repository\com\github\ben-manes\caffeine\caffeine\3.1.8\caffeine-3.1.8.jar;C:\Users\rromero2106\.m2\repository\com\google\errorprone\error_prone_annotations\2.21.1\error_prone_annotations-2.21.1.jar;C:\Users\rromero2106\.m2\repository\org\checkerframework\checker-qual\3.32.0\checker-qual-3.32.0.jar;C:\Users\rromero2106\.m2\repository\org\projectlombok\lombok\1.18.36\lombok-1.18.36.jar;C:\Users\rromero2106\.m2\repository\jakarta\xml\bind\jakarta.xml.bind-api\4.0.2\jakarta.xml.bind-api-4.0.2.jar;C:\Users\rromero2106\.m2\repository\jakarta\activation\jakarta.activation-api\2.1.3\jakarta.activation-api-2.1.3.jar;C:\Users\rromero2106\.m2\repository\org\springframework\spring-core\6.2.0\spring-core-6.2.0.jar;C:\Users\rromero2106\.m2\repository\org\springframework\spring-jcl\6.2.0\spring-jcl-6.2.0.jar;C:\Users\rromero2106\.m2\repository\commons-codec\commons-codec\1.17.1\commons-codec-1.17.1.jar, com.sun.management.jmxremote.authenticate=false, java.vm.vendor=Eclipse Adoptium, sun.arch.data.model=64, user.variant=, java.vendor.url=https://adoptium.net/, user.timezone=Europe/Madrid, jakarta.persistence.sharedCache.mode=UNSPECIFIED, org.jboss.logging.provider=slf4j, java.vm.specification.version=21, os.name=Windows 11, APPLICATION_NAME=demo-spring-perros, jakarta.persistence.nonJtaDataSource=HikariDataSource (HikariPool-1), sun.java.launcher=SUN_STANDARD, user.country=ES, sun.boot.library.path=C:\Users\rromero2106\Downloads\eclipse-java-2025-09-R-win32-x86_64\eclipse\plugins\org.eclipse.justj.openjdk.hotspot.jre.full.win32.x86_64_21.0.8.v20250724-1412\jre\bin, com.sun.management.jmxremote.ssl=false, sun.java.command=ceu.dam.ad.tema3.ejercicios.App, spring.application.admin.enabled=true, javax.persistence.nonJtaDataSource=HikariDataSource (HikariPool-1), hibernate.transaction.jta.platform=org.hibernate.engine.transaction.jta.platform.internal.NoJtaPlatform@21090c88, com.sun.management.jmxremote=, jdk.debug=release, sun.cpu.endian=little, hibernate.cdi.extensions=true, spring.boot.project.name=ejercicios-tema-02-basicos, user.home=C:\Users\rromero2106, user.language=es, java.specification.vendor=Oracle Corporation, java.version.date=2025-07-15, java.home=C:\Users\rromero2106\Downloads\eclipse-java-2025-09-R-win32-x86_64\eclipse\plugins\org.eclipse.justj.openjdk.hotspot.jre.full.win32.x86_64_21.0.8.v20250724-1412\jre, file.separator=\, spring.output.ansi.enabled=always, java.vm.compressedOopsMode=Zero based, line.separator=
, hibernate.persistenceUnitName=default, java.vm.specification.vendor=Oracle Corporation, java.specification.name=Java Platform API Specification, FILE_LOG_CHARSET=UTF-8, hibernate.transaction.coordinator_class=class org.hibernate.resource.transaction.backend.jdbc.internal.JdbcResourceLocalTransactionCoordinatorBuilderImpl, java.awt.headless=true, jakarta.persistence.validation.mode=AUTO, user.script=, sun.management.compiler=HotSpot 64-Bit Tiered Compilers, java.runtime.version=21.0.8+9-LTS, user.name=rromero2106, spring.jmx.enabled=true, stdout.encoding=UTF-8, path.separator=;, management.endpoints.jmx.exposure.include=*, os.version=10.0, java.runtime.name=OpenJDK Runtime Environment, file.encoding=UTF-8, java.vm.name=OpenJDK 64-Bit Server VM, hibernate.show_sql=true, java.vendor.version=Temurin-21.0.8+9, java.vendor.url.bug=https://github.com/adoptium/adoptium-support/issues, java.io.tmpdir=C:\Users\RROMER~1\AppData\Local\Temp\, com.zaxxer.hikari.pool_number=1, com.sun.management.jmxremote.port=49335, java.version=21.0.8, hibernate.physical_naming_strategy=org.hibernate.boot.model.naming.CamelCaseToUnderscoresNamingStrategy, user.dir=C:\Users\rromero2106\Desktop\Github\Acceso-a-Datos\misproyecto\ejercicios-tema-02-basicos, os.arch=amd64, java.vm.specification.name=Java Virtual Machine Specification, PID=20952, sun.os.patch.level=, CONSOLE_LOG_CHARSET=UTF-8, hibernate.boot.CfgXmlAccessService.key=org.hibernate.boot.registry.StandardServiceRegistryBuilder$1@d62472f, native.encoding=Cp1252, java.library.path=C:\Users\rromero2106\Downloads\eclipse-java-2025-09-R-win32-x86_64\eclipse\plugins\org.eclipse.justj.openjdk.hotspot.jre.full.win32.x86_64_21.0.8.v20250724-1412\jre\bin;C:\windows\Sun\Java\bin;C:\windows\system32;C:\windows;C:/Users/rromero2106/Downloads/eclipse-java-2025-09-R-win32-x86_64/eclipse//plugins/org.eclipse.justj.openjdk.hotspot.jre.full.win32.x86_64_21.0.8.v20250724-1412/jre/bin/server;C:/Users/rromero2106/Downloads/eclipse-java-2025-09-R-win32-x86_64/eclipse//plugins/org.eclipse.justj.openjdk.hotspot.jre.full.win32.x86_64_21.0.8.v20250724-1412/jre/bin;C:\Program Files (x86)\Common Files\Oracle\Java\java8path;C:\Program Files (x86)\Common Files\Oracle\Java\javapath;C:\windows\system32;C:\windows;C:\windows\System32\Wbem;C:\windows\System32\WindowsPowerShell\v1.0\;C:\windows\System32\OpenSSH\;C:\Program Files\PuTTY\;C:\Program Files\TortoiseGit\bin;C:\Program Files\Git\cmd;C:\Program Files\nodejs\npm-global;C:\Program Files\nodejs\;C:\Users\rromero2106\AppData\Local\Microsoft\WindowsApps;C:\Users\rromero2106\AppData\Local\Programs\Microsoft VS Code\bin;C:\Users\rromero2106\AppData\Local\GitHubDesktop\bin;C:\Users\rromero2106\AppData\Local\Programs\Git\cmd;C:\Users\rromero2106\Downloads\eclipse-java-2025-09-R-win32-x86_64\eclipse;;., stderr.encoding=UTF-8, java.vendor=Eclipse Adoptium, java.vm.info=mixed mode, emulated-client, sharing, java.vm.version=21.0.8+9-LTS, java.rmi.server.randomIDs=true, java.rmi.server.hostname=localhost, sun.io.unicode.encoding=UnicodeLittle, hibernate.archive.scanner=org.hibernate.boot.archive.scan.internal.DisabledScanner, hibernate.connection.datasource=HikariDataSource (HikariPool-1), java.class.version=65.0, LOGGED_APPLICATION_NAME=[demo-spring-perros] }
2025-10-22 18:39:18 DEBUG [main] o.h.internal.SessionFactoryImpl - Session factory constructed with filter configurations : {}
2025-10-22 18:39:18 DEBUG [main] o.h.t.s.s.SchemaManagementToolCoordinator - No schema actions specified for contributor `orm`; doing nothing
2025-10-22 18:39:18 DEBUG [main] o.h.q.s.function.SqmFunctionRegistry - Registered SqmFunctionTemplate [NamedSqmFunctionTemplate(max)] under max; prior registration was null
2025-10-22 18:39:18 DEBUG [main] o.h.q.s.function.SqmFunctionRegistry - Registered SqmFunctionTemplate [NamedSqmFunctionTemplate(min)] under min; prior registration was null
2025-10-22 18:39:18 DEBUG [main] o.h.q.s.function.SqmFunctionRegistry - Registered SqmFunctionTemplate [NamedSqmFunctionTemplate(sum)] under sum; prior registration was null
2025-10-22 18:39:18 DEBUG [main] o.h.q.s.function.SqmFunctionRegistry - Registered SqmFunctionTemplate [NamedSqmFunctionTemplate(avg)] under avg; prior registration was null
2025-10-22 18:39:18 DEBUG [main] o.h.q.s.function.SqmFunctionRegistry - Registered SqmFunctionTemplate [org.hibernate.dialect.function.CountFunction@28dd81ad] under count; prior registration was null
2025-10-22 18:39:18 DEBUG [main] o.h.q.s.function.SqmFunctionRegistry - Registered SqmFunctionTemplate [org.hibernate.dialect.function.EveryAnyEmulation@65753724] under every; prior registration was null
2025-10-22 18:39:18 DEBUG [main] o.h.q.s.function.SqmFunctionRegistry - Registered SqmFunctionTemplate [org.hibernate.dialect.function.EveryAnyEmulation@2bc16fe2] under any; prior registration was null
2025-10-22 18:39:18 DEBUG [main] o.h.q.s.function.SqmFunctionRegistry - Registered SqmFunctionTemplate [NamedSqmFunctionTemplate(floor)] under floor; prior registration was null
2025-10-22 18:39:18 DEBUG [main] o.h.q.s.function.SqmFunctionRegistry - Registered SqmFunctionTemplate [NamedSqmFunctionTemplate(ceiling)] under ceiling; prior registration was null
2025-10-22 18:39:18 DEBUG [main] o.h.q.s.function.SqmFunctionRegistry - Registered SqmFunctionTemplate [NamedSqmFunctionTemplate(mod)] under mod; prior registration was null
2025-10-22 18:39:18 DEBUG [main] o.h.q.s.function.SqmFunctionRegistry - Registered SqmFunctionTemplate [NamedSqmFunctionTemplate(abs)] under abs; prior registration was null
2025-10-22 18:39:18 DEBUG [main] o.h.q.s.function.SqmFunctionRegistry - Registered SqmFunctionTemplate [NamedSqmFunctionTemplate(sign)] under sign; prior registration was null
2025-10-22 18:39:18 DEBUG [main] o.h.q.s.function.SqmFunctionRegistry - Registered SqmFunctionTemplate [NamedSqmFunctionTemplate(sqrt)] under sqrt; prior registration was null
2025-10-22 18:39:18 DEBUG [main] o.h.q.s.function.SqmFunctionRegistry - Registered SqmFunctionTemplate [NamedSqmFunctionTemplate(ln)] under ln; prior registration was null
2025-10-22 18:39:18 DEBUG [main] o.h.q.s.function.SqmFunctionRegistry - Registered SqmFunctionTemplate [NamedSqmFunctionTemplate(exp)] under exp; prior registration was null
2025-10-22 18:39:18 DEBUG [main] o.h.q.s.function.SqmFunctionRegistry - Registered SqmFunctionTemplate [NamedSqmFunctionTemplate(power)] under power; prior registration was null
2025-10-22 18:39:18 DEBUG [main] o.h.q.s.function.SqmFunctionRegistry - Registered SqmFunctionTemplate [NamedSqmFunctionTemplate(round)] under round; prior registration was null
2025-10-22 18:39:18 DEBUG [main] o.h.q.s.function.SqmFunctionRegistry - Registered SqmFunctionTemplate [NamedSqmFunctionTemplate(sin)] under sin; prior registration was null
2025-10-22 18:39:18 DEBUG [main] o.h.q.s.function.SqmFunctionRegistry - Registered SqmFunctionTemplate [NamedSqmFunctionTemplate(cos)] under cos; prior registration was null
2025-10-22 18:39:18 DEBUG [main] o.h.q.s.function.SqmFunctionRegistry - Registered SqmFunctionTemplate [NamedSqmFunctionTemplate(tan)] under tan; prior registration was null
2025-10-22 18:39:18 DEBUG [main] o.h.q.s.function.SqmFunctionRegistry - Registered SqmFunctionTemplate [NamedSqmFunctionTemplate(asin)] under asin; prior registration was null
2025-10-22 18:39:18 DEBUG [main] o.h.q.s.function.SqmFunctionRegistry - Registered SqmFunctionTemplate [NamedSqmFunctionTemplate(acos)] under acos; prior registration was null
2025-10-22 18:39:18 DEBUG [main] o.h.q.s.function.SqmFunctionRegistry - Registered SqmFunctionTemplate [NamedSqmFunctionTemplate(atan)] under atan; prior registration was null
2025-10-22 18:39:18 DEBUG [main] o.h.q.s.function.SqmFunctionRegistry - Registered SqmFunctionTemplate [NamedSqmFunctionTemplate(atan2)] under atan2; prior registration was null
2025-10-22 18:39:18 DEBUG [main] o.h.q.s.function.SqmFunctionRegistry - Registered SqmFunctionTemplate [org.hibernate.query.sqm.function.PatternBasedSqmFunctionDescriptor@41582899] under sinh; prior registration was null
2025-10-22 18:39:18 DEBUG [main] o.h.q.s.function.SqmFunctionRegistry - Registered SqmFunctionTemplate [org.hibernate.query.sqm.function.PatternBasedSqmFunctionDescriptor@595814a1] under cosh; prior registration was null
2025-10-22 18:39:18 DEBUG [main] o.h.q.s.function.SqmFunctionRegistry - Registered SqmFunctionTemplate [org.hibernate.query.sqm.function.PatternBasedSqmFunctionDescriptor@7de5871d] under tanh; prior registration was null
2025-10-22 18:39:18 DEBUG [main] o.h.q.s.function.SqmFunctionRegistry - Registered SqmFunctionTemplate [org.hibernate.query.sqm.function.PatternBasedSqmFunctionDescriptor@49d42faf] under pi; prior registration was null
2025-10-22 18:39:18 DEBUG [main] o.h.q.s.function.SqmFunctionRegistry - Registered SqmFunctionTemplate [org.hibernate.query.sqm.function.PatternBasedSqmFunctionDescriptor@4948daec] under log; prior registration was null
2025-10-22 18:39:18 DEBUG [main] o.h.q.s.function.SqmFunctionRegistry - Registered SqmFunctionTemplate [NamedSqmFunctionTemplate(coalesce)] under coalesce; prior registration was null
2025-10-22 18:39:18 DEBUG [main] o.h.q.s.function.SqmFunctionRegistry - Registered SqmFunctionTemplate [NamedSqmFunctionTemplate(nullif)] under nullif; prior registration was null
2025-10-22 18:39:18 DEBUG [main] o.h.q.s.function.SqmFunctionRegistry - Registered SqmFunctionTemplate [NamedSqmFunctionTemplate(left)] under left; prior registration was null
2025-10-22 18:39:18 DEBUG [main] o.h.q.s.function.SqmFunctionRegistry - Registered SqmFunctionTemplate [NamedSqmFunctionTemplate(right)] under right; prior registration was null
2025-10-22 18:39:18 DEBUG [main] o.h.q.s.function.SqmFunctionRegistry - Registered SqmFunctionTemplate [NamedSqmFunctionTemplate(replace)] under replace; prior registration was null
2025-10-22 18:39:18 DEBUG [main] o.h.q.s.function.SqmFunctionRegistry - Registered SqmFunctionTemplate [NamedSqmFunctionTemplate(concat)] under concat; prior registration was null
2025-10-22 18:39:18 DEBUG [main] o.h.q.s.function.SqmFunctionRegistry - Registered SqmFunctionTemplate [NamedSqmFunctionTemplate(lower)] under lower; prior registration was null
2025-10-22 18:39:18 DEBUG [main] o.h.q.s.function.SqmFunctionRegistry - Registered SqmFunctionTemplate [NamedSqmFunctionTemplate(upper)] under upper; prior registration was null
2025-10-22 18:39:18 DEBUG [main] o.h.q.s.function.SqmFunctionRegistry - Registered SqmFunctionTemplate [NamedSqmFunctionTemplate(substring)] under substring; prior registration was null
2025-10-22 18:39:18 DEBUG [main] o.h.q.s.function.SqmFunctionRegistry - Registered SqmFunctionTemplate [NamedSqmFunctionTemplate(locate)] under locate; prior registration was null
2025-10-22 18:39:18 DEBUG [main] o.h.q.s.function.SqmFunctionRegistry - Registered SqmFunctionTemplate [NamedSqmFunctionTemplate(character_length)] under character_length; prior registration was null
2025-10-22 18:39:18 DEBUG [main] o.h.q.s.function.SqmFunctionRegistry - Registering alternate key : length -> character_length
2025-10-22 18:39:18 DEBUG [main] o.h.q.s.function.SqmFunctionRegistry - Registered SqmFunctionTemplate [org.hibernate.dialect.function.LocatePositionEmulation@714f1a44] under position; prior registration was null
2025-10-22 18:39:18 DEBUG [main] o.h.q.s.function.SqmFunctionRegistry - Registered SqmFunctionTemplate [org.hibernate.dialect.function.InsertSubstringOverlayEmulation@23396fc0] under overlay; prior registration was null
2025-10-22 18:39:18 DEBUG [main] o.h.q.s.function.SqmFunctionRegistry - Registered SqmFunctionTemplate [org.hibernate.dialect.function.TrimFunction@58aa5c94] under trim; prior registration was null
2025-10-22 18:39:18 DEBUG [main] o.h.q.s.function.SqmFunctionRegistry - Registered SqmFunctionTemplate [org.hibernate.dialect.function.CastFunction@473847fb] under cast; prior registration was null
2025-10-22 18:39:18 DEBUG [main] o.h.q.s.function.SqmFunctionRegistry - Registered SqmFunctionTemplate [org.hibernate.query.sqm.function.PatternBasedSqmFunctionDescriptor@270f28cf] under collate; prior registration was null
2025-10-22 18:39:18 DEBUG [main] o.h.q.s.function.SqmFunctionRegistry - Registered SqmFunctionTemplate [org.hibernate.dialect.function.ExtractFunction@1d6f77d7] under extract; prior registration was null
2025-10-22 18:39:18 DEBUG [main] o.h.q.s.function.SqmFunctionRegistry - Registered SqmFunctionTemplate [NamedSqmFunctionTemplate(least)] under least; prior registration was null
2025-10-22 18:39:18 DEBUG [main] o.h.q.s.function.SqmFunctionRegistry - Registered SqmFunctionTemplate [NamedSqmFunctionTemplate(greatest)] under greatest; prior registration was null
2025-10-22 18:39:18 DEBUG [main] o.h.q.s.function.SqmFunctionRegistry - Registered SqmFunctionTemplate [org.hibernate.dialect.function.CoalesceIfnullEmulation@12c76d6e] under ifnull; prior registration was null
2025-10-22 18:39:18 DEBUG [main] o.h.q.s.function.SqmFunctionRegistry - Registered SqmFunctionTemplate [NamedSqmFunctionTemplate(lpad)] under lpad; prior registration was null
2025-10-22 18:39:18 DEBUG [main] o.h.q.s.function.SqmFunctionRegistry - Registered SqmFunctionTemplate [NamedSqmFunctionTemplate(rpad)] under rpad; prior registration was null
2025-10-22 18:39:18 DEBUG [main] o.h.q.s.function.SqmFunctionRegistry - Registered SqmFunctionTemplate [org.hibernate.dialect.function.LpadRpadPadEmulation@27bb74e1] under pad; prior registration was null
2025-10-22 18:39:18 DEBUG [main] o.h.q.s.function.SqmFunctionRegistry - Registered SqmFunctionTemplate [org.hibernate.dialect.function.CastStrEmulation@2ab8589a] under str; prior registration was null
2025-10-22 18:39:18 DEBUG [main] o.h.q.s.function.SqmFunctionRegistry - Registered SqmFunctionTemplate [org.hibernate.dialect.function.FormatFunction@15f2a43f] under format; prior registration was null
2025-10-22 18:39:18 DEBUG [main] o.h.q.s.function.SqmFunctionRegistry - Registered SqmFunctionTemplate [org.hibernate.dialect.function.TimestampaddFunction@699d96bc] under timestampadd; prior registration was null
2025-10-22 18:39:18 DEBUG [main] o.h.q.s.function.SqmFunctionRegistry - Registered SqmFunctionTemplate [org.hibernate.dialect.function.TimestampdiffFunction@2d2fc130] under timestampdiff; prior registration was null
2025-10-22 18:39:18 DEBUG [main] o.h.q.s.function.SqmFunctionRegistry - Registering alternate key : dateadd -> timestampadd
2025-10-22 18:39:18 DEBUG [main] o.h.q.s.function.SqmFunctionRegistry - Registering alternate key : datediff -> timestampdiff
2025-10-22 18:39:18 DEBUG [main] o.h.q.s.function.SqmFunctionRegistry - Registered SqmFunctionTemplate [org.hibernate.dialect.function.CurrentFunction@5ee77baf] under current_date; prior registration was null
2025-10-22 18:39:18 DEBUG [main] o.h.q.s.function.SqmFunctionRegistry - Registered SqmFunctionTemplate [org.hibernate.dialect.function.CurrentFunction@485deee1] under current_time; prior registration was null
2025-10-22 18:39:18 DEBUG [main] o.h.q.s.function.SqmFunctionRegistry - Registered SqmFunctionTemplate [org.hibernate.dialect.function.CurrentFunction@25cde5bb] under current_timestamp; prior registration was null
2025-10-22 18:39:18 DEBUG [main] o.h.q.s.function.SqmFunctionRegistry - Registering alternate key : current date -> current_date
2025-10-22 18:39:18 DEBUG [main] o.h.q.s.function.SqmFunctionRegistry - Registering alternate key : current time -> current_time
2025-10-22 18:39:18 DEBUG [main] o.h.q.s.function.SqmFunctionRegistry - Registering alternate key : current timestamp -> current_timestamp
2025-10-22 18:39:18 DEBUG [main] o.h.q.s.function.SqmFunctionRegistry - Registered SqmFunctionTemplate [org.hibernate.dialect.function.CurrentFunction@38a96593] under local_date; prior registration was null
2025-10-22 18:39:18 DEBUG [main] o.h.q.s.function.SqmFunctionRegistry - Registered SqmFunctionTemplate [org.hibernate.dialect.function.CurrentFunction@5df64b2a] under local_time; prior registration was null
2025-10-22 18:39:18 DEBUG [main] o.h.q.s.function.SqmFunctionRegistry - Registered SqmFunctionTemplate [org.hibernate.dialect.function.CurrentFunction@7afb9c93] under local_datetime; prior registration was null
2025-10-22 18:39:18 DEBUG [main] o.h.q.s.function.SqmFunctionRegistry - Registered SqmFunctionTemplate [org.hibernate.dialect.function.CurrentFunction@30d15e4a] under offset_datetime; prior registration was null
2025-10-22 18:39:18 DEBUG [main] o.h.q.s.function.SqmFunctionRegistry - Registering alternate key : local date -> local_date
2025-10-22 18:39:18 DEBUG [main] o.h.q.s.function.SqmFunctionRegistry - Registering alternate key : local time -> local_time
2025-10-22 18:39:18 DEBUG [main] o.h.q.s.function.SqmFunctionRegistry - Registering alternate key : local datetime -> local_datetime
2025-10-22 18:39:18 DEBUG [main] o.h.q.s.function.SqmFunctionRegistry - Registering alternate key : offset datetime -> offset_datetime
2025-10-22 18:39:18 DEBUG [main] o.h.q.s.function.SqmFunctionRegistry - Registered SqmFunctionTemplate [org.hibernate.dialect.function.CurrentFunction@43a7203e] under instant; prior registration was null
2025-10-22 18:39:18 DEBUG [main] o.h.q.s.function.SqmFunctionRegistry - Registering alternate key : current_instant -> instant
2025-10-22 18:39:18 DEBUG [main] o.h.q.s.function.SqmFunctionRegistry - Registered SqmFunctionTemplate [org.hibernate.dialect.function.SqlFunction@4a9bce99] under sql; prior registration was null
2025-10-22 18:39:18 DEBUG [main] o.h.q.s.function.SqmFunctionRegistry - Registered SqmFunctionTemplate [NamedSqmFunctionTemplate(soundex)] under soundex; prior registration was null
2025-10-22 18:39:18 DEBUG [main] o.h.q.s.function.SqmFunctionRegistry - Registered SqmFunctionTemplate [NamedSqmFunctionTemplate(radians)] under radians; prior registration was null
2025-10-22 18:39:18 DEBUG [main] o.h.q.s.function.SqmFunctionRegistry - Registered SqmFunctionTemplate [NamedSqmFunctionTemplate(degrees)] under degrees; prior registration was null
2025-10-22 18:39:18 DEBUG [main] o.h.q.s.function.SqmFunctionRegistry - Registered SqmFunctionTemplate [NamedSqmFunctionTemplate(cot)] under cot; prior registration was null
2025-10-22 18:39:18 DEBUG [main] o.h.q.s.function.SqmFunctionRegistry - Registered SqmFunctionTemplate [NamedSqmFunctionTemplate(log)] under log; prior registration was org.hibernate.query.sqm.function.PatternBasedSqmFunctionDescriptor@4948daec
2025-10-22 18:39:18 DEBUG [main] o.h.q.s.function.SqmFunctionRegistry - Registered SqmFunctionTemplate [NamedSqmFunctionTemplate(log2)] under log2; prior registration was null
2025-10-22 18:39:18 DEBUG [main] o.h.q.s.function.SqmFunctionRegistry - Registered SqmFunctionTemplate [NamedSqmFunctionTemplate(log10)] under log10; prior registration was null
2025-10-22 18:39:18 DEBUG [main] o.h.q.s.function.SqmFunctionRegistry - Registered SqmFunctionTemplate [NamedSqmFunctionTemplate(ltrim)] under ltrim; prior registration was null
2025-10-22 18:39:18 DEBUG [main] o.h.q.s.function.SqmFunctionRegistry - Registered SqmFunctionTemplate [NamedSqmFunctionTemplate(rtrim)] under rtrim; prior registration was null
2025-10-22 18:39:18 DEBUG [main] o.h.q.s.function.SqmFunctionRegistry - Registered SqmFunctionTemplate [NamedSqmFunctionTemplate(octet_length)] under octet_length; prior registration was null
2025-10-22 18:39:18 DEBUG [main] o.h.q.s.function.SqmFunctionRegistry - Registered SqmFunctionTemplate [NamedSqmFunctionTemplate(reverse)] under reverse; prior registration was null
2025-10-22 18:39:18 DEBUG [main] o.h.q.s.function.SqmFunctionRegistry - Registered SqmFunctionTemplate [NamedSqmFunctionTemplate(space)] under space; prior registration was null
2025-10-22 18:39:18 DEBUG [main] o.h.q.s.function.SqmFunctionRegistry - Registered SqmFunctionTemplate [NamedSqmFunctionTemplate(repeat)] under repeat; prior registration was null
2025-10-22 18:39:18 DEBUG [main] o.h.q.s.function.SqmFunctionRegistry - Registered SqmFunctionTemplate [org.hibernate.query.sqm.function.MultipatternSqmFunctionDescriptor@3dfe59d7] under lpad; prior registration was NamedSqmFunctionTemplate(lpad)
2025-10-22 18:39:18 DEBUG [main] o.h.q.s.function.SqmFunctionRegistry - Registered SqmFunctionTemplate [org.hibernate.query.sqm.function.MultipatternSqmFunctionDescriptor@1be8c122] under rpad; prior registration was NamedSqmFunctionTemplate(rpad)
2025-10-22 18:39:18 DEBUG [main] o.h.q.s.function.SqmFunctionRegistry - Registered SqmFunctionTemplate [NamedSqmFunctionTemplate(md5)] under md5; prior registration was null
2025-10-22 18:39:18 DEBUG [main] o.h.q.s.function.SqmFunctionRegistry - Registered SqmFunctionTemplate [NamedSqmFunctionTemplate(day)] under day; prior registration was null
2025-10-22 18:39:18 DEBUG [main] o.h.q.s.function.SqmFunctionRegistry - Registered SqmFunctionTemplate [NamedSqmFunctionTemplate(month)] under month; prior registration was null
2025-10-22 18:39:18 DEBUG [main] o.h.q.s.function.SqmFunctionRegistry - Registered SqmFunctionTemplate [NamedSqmFunctionTemplate(year)] under year; prior registration was null
2025-10-22 18:39:18 DEBUG [main] o.h.q.s.function.SqmFunctionRegistry - Registered SqmFunctionTemplate [NamedSqmFunctionTemplate(hour)] under hour; prior registration was null
2025-10-22 18:39:18 DEBUG [main] o.h.q.s.function.SqmFunctionRegistry - Registered SqmFunctionTemplate [NamedSqmFunctionTemplate(minute)] under minute; prior registration was null
2025-10-22 18:39:18 DEBUG [main] o.h.q.s.function.SqmFunctionRegistry - Registered SqmFunctionTemplate [NamedSqmFunctionTemplate(second)] under second; prior registration was null
2025-10-22 18:39:18 DEBUG [main] o.h.q.s.function.SqmFunctionRegistry - Registered SqmFunctionTemplate [NamedSqmFunctionTemplate(microsecond)] under microsecond; prior registration was null
2025-10-22 18:39:18 DEBUG [main] o.h.q.s.function.SqmFunctionRegistry - Registered SqmFunctionTemplate [NamedSqmFunctionTemplate(dayofweek)] under dayofweek; prior registration was null
2025-10-22 18:39:18 DEBUG [main] o.h.q.s.function.SqmFunctionRegistry - Registered SqmFunctionTemplate [NamedSqmFunctionTemplate(dayofmonth)] under dayofmonth; prior registration was null
2025-10-22 18:39:18 DEBUG [main] o.h.q.s.function.SqmFunctionRegistry - Registering alternate key : day -> dayofmonth
2025-10-22 18:39:18 DEBUG [main] o.h.q.s.function.SqmFunctionRegistry - Registered SqmFunctionTemplate [NamedSqmFunctionTemplate(dayofyear)] under dayofyear; prior registration was null
2025-10-22 18:39:18 DEBUG [main] o.h.q.s.function.SqmFunctionRegistry - Registered SqmFunctionTemplate [NamedSqmFunctionTemplate(week)] under week; prior registration was null
2025-10-22 18:39:18 DEBUG [main] o.h.q.s.function.SqmFunctionRegistry - Registered SqmFunctionTemplate [NamedSqmFunctionTemplate(quarter)] under quarter; prior registration was null
2025-10-22 18:39:18 DEBUG [main] o.h.q.s.function.SqmFunctionRegistry - Registered SqmFunctionTemplate [NamedSqmFunctionTemplate(monthname)] under monthname; prior registration was null
2025-10-22 18:39:18 DEBUG [main] o.h.q.s.function.SqmFunctionRegistry - Registered SqmFunctionTemplate [NamedSqmFunctionTemplate(dayname)] under dayname; prior registration was null
2025-10-22 18:39:18 DEBUG [main] o.h.q.s.function.SqmFunctionRegistry - Registered SqmFunctionTemplate [NamedSqmFunctionTemplate(last_day)] under last_day; prior registration was null
2025-10-22 18:39:18 DEBUG [main] o.h.q.s.function.SqmFunctionRegistry - Registered SqmFunctionTemplate [NamedSqmFunctionTemplate(date)] under date; prior registration was null
2025-10-22 18:39:18 DEBUG [main] o.h.q.s.function.SqmFunctionRegistry - Registered SqmFunctionTemplate [NamedSqmFunctionTemplate(timestamp)] under timestamp; prior registration was null
2025-10-22 18:39:18 DEBUG [main] o.h.q.s.function.SqmFunctionRegistry - Registered SqmFunctionTemplate [NamedSqmFunctionTemplate(time)] under time; prior registration was null
2025-10-22 18:39:18 DEBUG [main] o.h.q.s.function.SqmFunctionRegistry - Registered SqmFunctionTemplate [NamedSqmFunctionTemplate(utc_date)] under utc_date; prior registration was null
2025-10-22 18:39:18 DEBUG [main] o.h.q.s.function.SqmFunctionRegistry - Registered SqmFunctionTemplate [NamedSqmFunctionTemplate(utc_time)] under utc_time; prior registration was null
2025-10-22 18:39:18 DEBUG [main] o.h.q.s.function.SqmFunctionRegistry - Registered SqmFunctionTemplate [NamedSqmFunctionTemplate(utc_timestamp)] under utc_timestamp; prior registration was null
2025-10-22 18:39:18 DEBUG [main] o.h.q.s.function.SqmFunctionRegistry - Registered SqmFunctionTemplate [NamedSqmFunctionTemplate(rand)] under rand; prior registration was null
2025-10-22 18:39:18 DEBUG [main] o.h.q.s.function.SqmFunctionRegistry - Registered SqmFunctionTemplate [NamedSqmFunctionTemplate(crc32)] under crc32; prior registration was null
2025-10-22 18:39:18 DEBUG [main] o.h.q.s.function.SqmFunctionRegistry - Registered SqmFunctionTemplate [NamedSqmFunctionTemplate(sha1)] under sha1; prior registration was null
2025-10-22 18:39:18 DEBUG [main] o.h.q.s.function.SqmFunctionRegistry - Registered SqmFunctionTemplate [NamedSqmFunctionTemplate(sha2)] under sha2; prior registration was null
2025-10-22 18:39:18 DEBUG [main] o.h.q.s.function.SqmFunctionRegistry - Registered SqmFunctionTemplate [NamedSqmFunctionTemplate(sha)] under sha; prior registration was null
2025-10-22 18:39:18 DEBUG [main] o.h.q.s.function.SqmFunctionRegistry - Registered SqmFunctionTemplate [NamedSqmFunctionTemplate(bit_length)] under bit_length; prior registration was null
2025-10-22 18:39:18 DEBUG [main] o.h.q.s.function.SqmFunctionRegistry - Registered SqmFunctionTemplate [NamedSqmFunctionTemplate(octet_length)] under octet_length; prior registration was NamedSqmFunctionTemplate(octet_length)
2025-10-22 18:39:18 DEBUG [main] o.h.q.s.function.SqmFunctionRegistry - Registered SqmFunctionTemplate [NamedSqmFunctionTemplate(ascii)] under ascii; prior registration was null
2025-10-22 18:39:18 DEBUG [main] o.h.q.s.function.SqmFunctionRegistry - Registered SqmFunctionTemplate [NamedSqmFunctionTemplate(instr)] under instr; prior registration was null
2025-10-22 18:39:18 DEBUG [main] o.h.q.s.function.SqmFunctionRegistry - Registered SqmFunctionTemplate [NamedSqmFunctionTemplate(substr)] under substr; prior registration was null
2025-10-22 18:39:18 DEBUG [main] o.h.q.s.function.SqmFunctionRegistry - Registered SqmFunctionTemplate [org.hibernate.query.sqm.function.PatternBasedSqmFunctionDescriptor@5d08976a] under position; prior registration was org.hibernate.dialect.function.LocatePositionEmulation@714f1a44
2025-10-22 18:39:18 DEBUG [main] o.h.q.s.function.SqmFunctionRegistry - Registered SqmFunctionTemplate [NamedSqmFunctionTemplate(curtime)] under curtime; prior registration was null
2025-10-22 18:39:18 DEBUG [main] o.h.q.s.function.SqmFunctionRegistry - Registered SqmFunctionTemplate [NamedSqmFunctionTemplate(curdate)] under curdate; prior registration was null
2025-10-22 18:39:18 DEBUG [main] o.h.q.s.function.SqmFunctionRegistry - Registered SqmFunctionTemplate [NamedSqmFunctionTemplate(now)] under now; prior registration was null
2025-10-22 18:39:18 DEBUG [main] o.h.q.s.function.SqmFunctionRegistry - Registered SqmFunctionTemplate [org.hibernate.dialect.function.TruncFunction@5834198f] under trunc; prior registration was null
2025-10-22 18:39:18 DEBUG [main] o.h.q.s.function.SqmFunctionRegistry - Registering alternate key : truncate -> trunc
2025-10-22 18:39:18 DEBUG [main] o.h.q.s.function.SqmFunctionRegistry - Registered SqmFunctionTemplate [NamedSqmFunctionTemplate(insert)] under insert; prior registration was null
2025-10-22 18:39:18 DEBUG [main] o.h.q.s.function.SqmFunctionRegistry - Registered SqmFunctionTemplate [org.hibernate.query.sqm.function.PatternBasedSqmFunctionDescriptor@4eb63dc8] under bitand; prior registration was null
2025-10-22 18:39:18 DEBUG [main] o.h.q.s.function.SqmFunctionRegistry - Registered SqmFunctionTemplate [org.hibernate.query.sqm.function.PatternBasedSqmFunctionDescriptor@402d6012] under bitor; prior registration was null
2025-10-22 18:39:18 DEBUG [main] o.h.q.s.function.SqmFunctionRegistry - Registered SqmFunctionTemplate [org.hibernate.query.sqm.function.PatternBasedSqmFunctionDescriptor@395281c2] under bitxor; prior registration was null
2025-10-22 18:39:18 DEBUG [main] o.h.q.s.function.SqmFunctionRegistry - Registered SqmFunctionTemplate [org.hibernate.query.sqm.function.PatternBasedSqmFunctionDescriptor@41d20f06] under bitnot; prior registration was null
2025-10-22 18:39:18 DEBUG [main] o.h.q.s.function.SqmFunctionRegistry - Registered SqmFunctionTemplate [NamedSqmFunctionTemplate(bit_and)] under bit_and; prior registration was null
2025-10-22 18:39:18 DEBUG [main] o.h.q.s.function.SqmFunctionRegistry - Registered SqmFunctionTemplate [NamedSqmFunctionTemplate(bit_or)] under bit_or; prior registration was null
2025-10-22 18:39:18 DEBUG [main] o.h.q.s.function.SqmFunctionRegistry - Registered SqmFunctionTemplate [NamedSqmFunctionTemplate(stddev)] under stddev; prior registration was null
2025-10-22 18:39:18 DEBUG [main] o.h.q.s.function.SqmFunctionRegistry - Registered SqmFunctionTemplate [NamedSqmFunctionTemplate(stddev_pop)] under stddev_pop; prior registration was null
2025-10-22 18:39:18 DEBUG [main] o.h.q.s.function.SqmFunctionRegistry - Registered SqmFunctionTemplate [NamedSqmFunctionTemplate(stddev_samp)] under stddev_samp; prior registration was null
2025-10-22 18:39:18 DEBUG [main] o.h.q.s.function.SqmFunctionRegistry - Registered SqmFunctionTemplate [NamedSqmFunctionTemplate(variance)] under variance; prior registration was null
2025-10-22 18:39:18 DEBUG [main] o.h.q.s.function.SqmFunctionRegistry - Registered SqmFunctionTemplate [NamedSqmFunctionTemplate(var_pop)] under var_pop; prior registration was null
2025-10-22 18:39:18 DEBUG [main] o.h.q.s.function.SqmFunctionRegistry - Registered SqmFunctionTemplate [NamedSqmFunctionTemplate(var_samp)] under var_samp; prior registration was null
2025-10-22 18:39:18 DEBUG [main] o.h.q.s.function.SqmFunctionRegistry - Registered SqmFunctionTemplate [NamedSqmFunctionTemplate(datediff)] under datediff; prior registration was null
2025-10-22 18:39:18 DEBUG [main] o.h.q.s.function.SqmFunctionRegistry - Registered SqmFunctionTemplate [NamedSqmFunctionTemplate(adddate)] under adddate; prior registration was null
2025-10-22 18:39:18 DEBUG [main] o.h.q.s.function.SqmFunctionRegistry - Registered SqmFunctionTemplate [NamedSqmFunctionTemplate(subdate)] under subdate; prior registration was null
2025-10-22 18:39:18 DEBUG [main] o.h.q.s.function.SqmFunctionRegistry - Registered SqmFunctionTemplate [NamedSqmFunctionTemplate(addtime)] under addtime; prior registration was null
2025-10-22 18:39:18 DEBUG [main] o.h.q.s.function.SqmFunctionRegistry - Registered SqmFunctionTemplate [NamedSqmFunctionTemplate(subtime)] under subtime; prior registration was null
2025-10-22 18:39:18 DEBUG [main] o.h.q.s.function.SqmFunctionRegistry - Registered SqmFunctionTemplate [org.hibernate.dialect.function.FormatFunction@3e753289] under format; prior registration was org.hibernate.dialect.function.FormatFunction@15f2a43f
2025-10-22 18:39:18 DEBUG [main] o.h.q.s.function.SqmFunctionRegistry - Registered SqmFunctionTemplate [NamedSqmFunctionTemplate(makedate)] under makedate; prior registration was null
2025-10-22 18:39:18 DEBUG [main] o.h.q.s.function.SqmFunctionRegistry - Registered SqmFunctionTemplate [NamedSqmFunctionTemplate(maketime)] under maketime; prior registration was null
2025-10-22 18:39:18 DEBUG [main] o.h.q.s.function.SqmFunctionRegistry - Registered SqmFunctionTemplate [NamedSqmFunctionTemplate(localtime)] under localtime; prior registration was null
2025-10-22 18:39:18 DEBUG [main] o.h.q.s.function.SqmFunctionRegistry - Registered SqmFunctionTemplate [NamedSqmFunctionTemplate(localtimestamp)] under localtimestamp; prior registration was null
2025-10-22 18:39:18 DEBUG [main] o.h.q.s.function.SqmFunctionRegistry - Registered SqmFunctionTemplate [NamedSqmFunctionTemplate(localtime)] under local_time; prior registration was org.hibernate.dialect.function.CurrentFunction@5df64b2a
2025-10-22 18:39:18 DEBUG [main] o.h.q.s.function.SqmFunctionRegistry - Registered SqmFunctionTemplate [NamedSqmFunctionTemplate(localtimestamp)] under local_datetime; prior registration was org.hibernate.dialect.function.CurrentFunction@7afb9c93
2025-10-22 18:39:18 DEBUG [main] o.h.q.s.function.SqmFunctionRegistry - Registered SqmFunctionTemplate [NamedSqmFunctionTemplate(localtime)] under localtime; prior registration was NamedSqmFunctionTemplate(localtime)
2025-10-22 18:39:18 DEBUG [main] o.h.q.s.function.SqmFunctionRegistry - Registered SqmFunctionTemplate [org.hibernate.query.sqm.function.PatternBasedSqmFunctionDescriptor@1573e8a5] under pi; prior registration was org.hibernate.query.sqm.function.PatternBasedSqmFunctionDescriptor@49d42faf
2025-10-22 18:39:18 DEBUG [main] o.h.q.s.function.SqmFunctionRegistry - Registered SqmFunctionTemplate [org.hibernate.query.sqm.function.PatternBasedSqmFunctionDescriptor@38022758] under chr; prior registration was null
2025-10-22 18:39:18 DEBUG [main] o.h.q.s.function.SqmFunctionRegistry - Registering alternate key : char -> chr
2025-10-22 18:39:18 DEBUG [main] o.h.q.s.function.SqmFunctionRegistry - Registered SqmFunctionTemplate [org.hibernate.query.sqm.function.PatternBasedSqmFunctionDescriptor@69f9b561] under sysdate; prior registration was null
2025-10-22 18:39:18 DEBUG [main] o.h.q.s.function.SqmFunctionRegistry - Registered SqmFunctionTemplate [org.hibernate.dialect.function.ListaggGroupConcatEmulation@79d4ff58] under listagg; prior registration was null
2025-10-22 18:39:18 DEBUG [main] o.h.q.s.function.SqmFunctionRegistry - Registered SqmFunctionTemplate [NamedSqmFunctionTemplate(row_number)] under row_number; prior registration was null
2025-10-22 18:39:18 DEBUG [main] o.h.q.s.function.SqmFunctionRegistry - Registered SqmFunctionTemplate [NamedSqmFunctionTemplate(lag)] under lag; prior registration was null
2025-10-22 18:39:18 DEBUG [main] o.h.q.s.function.SqmFunctionRegistry - Registered SqmFunctionTemplate [NamedSqmFunctionTemplate(lead)] under lead; prior registration was null
2025-10-22 18:39:18 DEBUG [main] o.h.q.s.function.SqmFunctionRegistry - Registered SqmFunctionTemplate [NamedSqmFunctionTemplate(first_value)] under first_value; prior registration was null
2025-10-22 18:39:18 DEBUG [main] o.h.q.s.function.SqmFunctionRegistry - Registered SqmFunctionTemplate [NamedSqmFunctionTemplate(last_value)] under last_value; prior registration was null
2025-10-22 18:39:18 DEBUG [main] o.h.q.s.function.SqmFunctionRegistry - Registered SqmFunctionTemplate [NamedSqmFunctionTemplate(nth_value)] under nth_value; prior registration was null
2025-10-22 18:39:18 DEBUG [main] o.h.q.s.function.SqmFunctionRegistry - Registered SqmFunctionTemplate [org.hibernate.dialect.function.HypotheticalSetWindowEmulation@ae3c140] under rank; prior registration was null
2025-10-22 18:39:18 DEBUG [main] o.h.q.s.function.SqmFunctionRegistry - Registered SqmFunctionTemplate [org.hibernate.dialect.function.HypotheticalSetWindowEmulation@6f2d3391] under dense_rank; prior registration was null
2025-10-22 18:39:18 DEBUG [main] o.h.q.s.function.SqmFunctionRegistry - Registered SqmFunctionTemplate [org.hibernate.dialect.function.HypotheticalSetWindowEmulation@71b0289b] under percent_rank; prior registration was null
2025-10-22 18:39:18 DEBUG [main] o.h.q.s.function.SqmFunctionRegistry - Registered SqmFunctionTemplate [org.hibernate.dialect.function.HypotheticalSetWindowEmulation@42cc420b] under cume_dist; prior registration was null
2025-10-22 18:39:18 DEBUG [main] o.h.q.s.function.SqmFunctionRegistry - Registered SqmFunctionTemplate [NamedSqmFunctionTemplate(json_valid)] under json_valid; prior registration was null
2025-10-22 18:39:18 DEBUG [main] o.h.q.s.function.SqmFunctionRegistry - Registered SqmFunctionTemplate [org.hibernate.dialect.function.InverseDistributionWindowEmulation@2c9cafa5] under percentile_cont; prior registration was null
2025-10-22 18:39:18 DEBUG [main] o.h.q.s.function.SqmFunctionRegistry - Registered SqmFunctionTemplate [org.hibernate.dialect.function.InverseDistributionWindowEmulation@6c6379c] under percentile_disc; prior registration was null
2025-10-22 18:39:18 DEBUG [main] o.h.q.s.function.SqmFunctionRegistry - Registered SqmFunctionTemplate [org.hibernate.query.sqm.function.PatternBasedSqmFunctionDescriptor@7df4709e] under median; prior registration was null
2025-10-22 18:39:18 DEBUG [main] org.hibernate.HQL_FUNCTIONS - abs(NUMERIC arg)
2025-10-22 18:39:18 DEBUG [main] org.hibernate.HQL_FUNCTIONS - Double acos(NUMERIC arg)
2025-10-22 18:39:18 DEBUG [main] org.hibernate.HQL_FUNCTIONS - adddate(DATE datetime, INTEGER days)
2025-10-22 18:39:18 DEBUG [main] org.hibernate.HQL_FUNCTIONS - addtime(TIME datetime, TIME time)
2025-10-22 18:39:18 DEBUG [main] org.hibernate.HQL_FUNCTIONS - Boolean any(BOOLEAN arg)
2025-10-22 18:39:18 DEBUG [main] org.hibernate.HQL_FUNCTIONS - Integer ascii(STRING arg)
2025-10-22 18:39:18 DEBUG [main] org.hibernate.HQL_FUNCTIONS - Double asin(NUMERIC arg)
2025-10-22 18:39:18 DEBUG [main] org.hibernate.HQL_FUNCTIONS - Double atan(NUMERIC arg)
2025-10-22 18:39:18 DEBUG [main] org.hibernate.HQL_FUNCTIONS - Double atan2(NUMERIC arg0, NUMERIC arg1)
2025-10-22 18:39:18 DEBUG [main] org.hibernate.HQL_FUNCTIONS - avg(arg)
2025-10-22 18:39:18 DEBUG [main] org.hibernate.HQL_FUNCTIONS - bit_and(arg)
2025-10-22 18:39:18 DEBUG [main] org.hibernate.HQL_FUNCTIONS - Integer bit_length(STRING_OR_CLOB arg)
2025-10-22 18:39:18 DEBUG [main] org.hibernate.HQL_FUNCTIONS - bit_or(arg)
2025-10-22 18:39:18 DEBUG [main] org.hibernate.HQL_FUNCTIONS - bitand(arg0, arg1)
2025-10-22 18:39:18 DEBUG [main] org.hibernate.HQL_FUNCTIONS - bitnot(arg)
2025-10-22 18:39:18 DEBUG [main] org.hibernate.HQL_FUNCTIONS - bitor(arg0, arg1)
2025-10-22 18:39:18 DEBUG [main] org.hibernate.HQL_FUNCTIONS - bitxor(arg0, arg1)
2025-10-22 18:39:18 DEBUG [main] org.hibernate.HQL_FUNCTIONS - cast(arg as Type)
2025-10-22 18:39:18 DEBUG [main] org.hibernate.HQL_FUNCTIONS - ceiling(NUMERIC arg)
2025-10-22 18:39:18 DEBUG [main] org.hibernate.HQL_FUNCTIONS - Character char(INTEGER arg)
2025-10-22 18:39:18 DEBUG [main] org.hibernate.HQL_FUNCTIONS - Integer character_length(STRING_OR_CLOB arg)
2025-10-22 18:39:18 DEBUG [main] org.hibernate.HQL_FUNCTIONS - Character chr(INTEGER arg)
2025-10-22 18:39:18 DEBUG [main] org.hibernate.HQL_FUNCTIONS - coalesce(arg0[, arg1[, ...]])
2025-10-22 18:39:18 DEBUG [main] org.hibernate.HQL_FUNCTIONS - String collate(STRING string as COLLATION collation)
2025-10-22 18:39:18 DEBUG [main] org.hibernate.HQL_FUNCTIONS - String concat(STRING string0[, STRING string1[, ...]])
2025-10-22 18:39:18 DEBUG [main] org.hibernate.HQL_FUNCTIONS - Double cos(NUMERIC arg)
2025-10-22 18:39:18 DEBUG [main] org.hibernate.HQL_FUNCTIONS - Double cosh(NUMERIC arg)
2025-10-22 18:39:18 DEBUG [main] org.hibernate.HQL_FUNCTIONS - Double cot(NUMERIC arg)
2025-10-22 18:39:18 DEBUG [main] org.hibernate.HQL_FUNCTIONS - Long count([distinct ]{arg|*})
2025-10-22 18:39:18 DEBUG [main] org.hibernate.HQL_FUNCTIONS - Integer crc32(arg)
2025-10-22 18:39:18 DEBUG [main] org.hibernate.HQL_FUNCTIONS - Double cume_dist([arg0[, ...]])
2025-10-22 18:39:18 DEBUG [main] org.hibernate.HQL_FUNCTIONS - Date curdate()
2025-10-22 18:39:18 DEBUG [main] org.hibernate.HQL_FUNCTIONS - Date current date
2025-10-22 18:39:18 DEBUG [main] org.hibernate.HQL_FUNCTIONS - Time current time
2025-10-22 18:39:18 DEBUG [main] org.hibernate.HQL_FUNCTIONS - Timestamp current timestamp
2025-10-22 18:39:18 DEBUG [main] org.hibernate.HQL_FUNCTIONS - Date current_date
2025-10-22 18:39:18 DEBUG [main] org.hibernate.HQL_FUNCTIONS - Instant current_instant
2025-10-22 18:39:18 DEBUG [main] org.hibernate.HQL_FUNCTIONS - Time current_time
2025-10-22 18:39:18 DEBUG [main] org.hibernate.HQL_FUNCTIONS - Timestamp current_timestamp
2025-10-22 18:39:18 DEBUG [main] org.hibernate.HQL_FUNCTIONS - Time curtime()
2025-10-22 18:39:18 DEBUG [main] org.hibernate.HQL_FUNCTIONS - Date date(arg)
2025-10-22 18:39:18 DEBUG [main] org.hibernate.HQL_FUNCTIONS - dateadd(TEMPORAL_UNIT field, INTEGER magnitude, TEMPORAL datetime)
2025-10-22 18:39:18 DEBUG [main] org.hibernate.HQL_FUNCTIONS - Integer datediff(DATE end, DATE start)
2025-10-22 18:39:18 DEBUG [main] org.hibernate.HQL_FUNCTIONS - Integer day(DATE arg)
2025-10-22 18:39:18 DEBUG [main] org.hibernate.HQL_FUNCTIONS - String dayname(DATE arg)
2025-10-22 18:39:18 DEBUG [main] org.hibernate.HQL_FUNCTIONS - Integer dayofmonth(DATE arg)
2025-10-22 18:39:18 DEBUG [main] org.hibernate.HQL_FUNCTIONS - Integer dayofweek(DATE arg)
2025-10-22 18:39:18 DEBUG [main] org.hibernate.HQL_FUNCTIONS - Integer dayofyear(DATE arg)
2025-10-22 18:39:18 DEBUG [main] org.hibernate.HQL_FUNCTIONS - Double degrees(NUMERIC arg)
2025-10-22 18:39:18 DEBUG [main] org.hibernate.HQL_FUNCTIONS - Long dense_rank([arg0[, ...]])
2025-10-22 18:39:18 DEBUG [main] org.hibernate.HQL_FUNCTIONS - Boolean every(BOOLEAN arg)
2025-10-22 18:39:18 DEBUG [main] org.hibernate.HQL_FUNCTIONS - Double exp(NUMERIC arg)
2025-10-22 18:39:18 DEBUG [main] org.hibernate.HQL_FUNCTIONS - extract(TEMPORAL_UNIT field from TEMPORAL arg)
2025-10-22 18:39:18 DEBUG [main] org.hibernate.HQL_FUNCTIONS - first_valueANY value
2025-10-22 18:39:18 DEBUG [main] org.hibernate.HQL_FUNCTIONS - floor(NUMERIC arg)
2025-10-22 18:39:18 DEBUG [main] org.hibernate.HQL_FUNCTIONS - String format(TEMPORAL datetime as STRING pattern)
2025-10-22 18:39:18 DEBUG [main] org.hibernate.HQL_FUNCTIONS - greatest(COMPARABLE arg0, COMPARABLE arg1[, arg2[, ...]])
2025-10-22 18:39:18 DEBUG [main] org.hibernate.HQL_FUNCTIONS - Integer hour(TIME arg)
2025-10-22 18:39:18 DEBUG [main] org.hibernate.HQL_FUNCTIONS - ifnull(arg0, arg1)
2025-10-22 18:39:18 DEBUG [main] org.hibernate.HQL_FUNCTIONS - String insert(STRING string, INTEGER start, INTEGER length, STRING replacement)
2025-10-22 18:39:18 DEBUG [main] org.hibernate.HQL_FUNCTIONS - Instant instant
2025-10-22 18:39:18 DEBUG [main] org.hibernate.HQL_FUNCTIONS - Integer instr(STRING string, STRING pattern[, INTEGER start[, INTEGER occurrence]])
2025-10-22 18:39:18 DEBUG [main] org.hibernate.HQL_FUNCTIONS - Boolean json_valid([arg0[, ...]])
2025-10-22 18:39:18 DEBUG [main] org.hibernate.HQL_FUNCTIONS - lagANY value[, INTEGER offset[, ANY default]]
2025-10-22 18:39:18 DEBUG [main] org.hibernate.HQL_FUNCTIONS - Date last_day(DATE arg)
2025-10-22 18:39:18 DEBUG [main] org.hibernate.HQL_FUNCTIONS - last_valueANY value
2025-10-22 18:39:18 DEBUG [main] org.hibernate.HQL_FUNCTIONS - leadANY value[, INTEGER offset[, ANY default]]
2025-10-22 18:39:18 DEBUG [main] org.hibernate.HQL_FUNCTIONS - least(COMPARABLE arg0, COMPARABLE arg1[, arg2[, ...]])
2025-10-22 18:39:18 DEBUG [main] org.hibernate.HQL_FUNCTIONS - String left(STRING string, INTEGER length)
2025-10-22 18:39:18 DEBUG [main] org.hibernate.HQL_FUNCTIONS - Integer length(STRING_OR_CLOB arg)
2025-10-22 18:39:18 DEBUG [main] org.hibernate.HQL_FUNCTIONS - String listagg(STRING arg0, STRING arg1)
2025-10-22 18:39:18 DEBUG [main] org.hibernate.HQL_FUNCTIONS - Double ln(NUMERIC arg)
2025-10-22 18:39:18 DEBUG [main] org.hibernate.HQL_FUNCTIONS - LocalDate local date
2025-10-22 18:39:18 DEBUG [main] org.hibernate.HQL_FUNCTIONS - LocalDateTime local datetime
2025-10-22 18:39:18 DEBUG [main] org.hibernate.HQL_FUNCTIONS - LocalTime local time
2025-10-22 18:39:18 DEBUG [main] org.hibernate.HQL_FUNCTIONS - LocalDate local_date
2025-10-22 18:39:18 DEBUG [main] org.hibernate.HQL_FUNCTIONS - LocalDateTime local_datetime
2025-10-22 18:39:18 DEBUG [main] org.hibernate.HQL_FUNCTIONS - LocalTime local_time
2025-10-22 18:39:18 DEBUG [main] org.hibernate.HQL_FUNCTIONS - Timestamp localtime
2025-10-22 18:39:18 DEBUG [main] org.hibernate.HQL_FUNCTIONS - Timestamp localtimestamp
2025-10-22 18:39:18 DEBUG [main] org.hibernate.HQL_FUNCTIONS - Integer locate(STRING pattern, STRING string[, INTEGER start])
2025-10-22 18:39:18 DEBUG [main] org.hibernate.HQL_FUNCTIONS - Double log(NUMERIC arg0[, NUMERIC arg1])
2025-10-22 18:39:18 DEBUG [main] org.hibernate.HQL_FUNCTIONS - Double log10(NUMERIC arg)
2025-10-22 18:39:18 DEBUG [main] org.hibernate.HQL_FUNCTIONS - Double log2(NUMERIC arg)
2025-10-22 18:39:18 DEBUG [main] org.hibernate.HQL_FUNCTIONS - String lower(STRING string)
2025-10-22 18:39:18 DEBUG [main] org.hibernate.HQL_FUNCTIONS - String lpad(string, length[, padding])
2025-10-22 18:39:18 DEBUG [main] org.hibernate.HQL_FUNCTIONS - String ltrim(STRING string[, STRING characters])
2025-10-22 18:39:18 DEBUG [main] org.hibernate.HQL_FUNCTIONS - Date makedate(INTEGER year, INTEGER dayofyear)
2025-10-22 18:39:18 DEBUG [main] org.hibernate.HQL_FUNCTIONS - Time maketime(INTEGER hour, INTEGER min, INTEGER sec)
2025-10-22 18:39:18 DEBUG [main] org.hibernate.HQL_FUNCTIONS - max(COMPARABLE arg)
2025-10-22 18:39:18 DEBUG [main] org.hibernate.HQL_FUNCTIONS - String md5(arg)
2025-10-22 18:39:18 DEBUG [main] org.hibernate.HQL_FUNCTIONS - Double median(NUMERIC arg)
2025-10-22 18:39:18 DEBUG [main] org.hibernate.HQL_FUNCTIONS - Integer microsecond(TIME arg)
2025-10-22 18:39:18 DEBUG [main] org.hibernate.HQL_FUNCTIONS - min(COMPARABLE arg)
2025-10-22 18:39:18 DEBUG [main] org.hibernate.HQL_FUNCTIONS - Integer minute(TIME arg)
2025-10-22 18:39:18 DEBUG [main] org.hibernate.HQL_FUNCTIONS - Integer mod(INTEGER arg0, INTEGER arg1)
2025-10-22 18:39:18 DEBUG [main] org.hibernate.HQL_FUNCTIONS - Integer month(DATE arg)
2025-10-22 18:39:18 DEBUG [main] org.hibernate.HQL_FUNCTIONS - String monthname(DATE arg)
2025-10-22 18:39:18 DEBUG [main] org.hibernate.HQL_FUNCTIONS - Timestamp now()
2025-10-22 18:39:18 DEBUG [main] org.hibernate.HQL_FUNCTIONS - nth_valueANY value, INTEGER nth
2025-10-22 18:39:18 DEBUG [main] org.hibernate.HQL_FUNCTIONS - nullif(arg0, arg1)
2025-10-22 18:39:18 DEBUG [main] org.hibernate.HQL_FUNCTIONS - Integer octet_length(STRING_OR_CLOB arg)
2025-10-22 18:39:18 DEBUG [main] org.hibernate.HQL_FUNCTIONS - OffsetDateTime offset datetime
2025-10-22 18:39:18 DEBUG [main] org.hibernate.HQL_FUNCTIONS - OffsetDateTime offset_datetime
2025-10-22 18:39:18 DEBUG [main] org.hibernate.HQL_FUNCTIONS - String overlay(STRING string placing STRING replacement from INTEGER start[ for INTEGER length])
2025-10-22 18:39:18 DEBUG [main] org.hibernate.HQL_FUNCTIONS - String pad(STRING string with INTEGER length {leading|trailing}[ STRING character])
2025-10-22 18:39:18 DEBUG [main] org.hibernate.HQL_FUNCTIONS - Double percent_rank([arg0[, ...]])
2025-10-22 18:39:18 DEBUG [main] org.hibernate.HQL_FUNCTIONS - percentile_cont(NUMERIC arg)
2025-10-22 18:39:18 DEBUG [main] org.hibernate.HQL_FUNCTIONS - percentile_disc(NUMERIC arg)
2025-10-22 18:39:18 DEBUG [main] org.hibernate.HQL_FUNCTIONS - Double pi
2025-10-22 18:39:18 DEBUG [main] org.hibernate.HQL_FUNCTIONS - Integer position(STRING pattern in STRING string)
2025-10-22 18:39:18 DEBUG [main] org.hibernate.HQL_FUNCTIONS - Double power(NUMERIC arg0, NUMERIC arg1)
2025-10-22 18:39:18 DEBUG [main] org.hibernate.HQL_FUNCTIONS - Integer quarter(DATE arg)
2025-10-22 18:39:18 DEBUG [main] org.hibernate.HQL_FUNCTIONS - Double radians(NUMERIC arg)
2025-10-22 18:39:18 DEBUG [main] org.hibernate.HQL_FUNCTIONS - Double rand([INTEGER seed])
2025-10-22 18:39:18 DEBUG [main] org.hibernate.HQL_FUNCTIONS - Long rank([arg0[, ...]])
2025-10-22 18:39:18 DEBUG [main] org.hibernate.HQL_FUNCTIONS - String repeat(STRING string, INTEGER times)
2025-10-22 18:39:18 DEBUG [main] org.hibernate.HQL_FUNCTIONS - String replace(STRING string, STRING pattern, STRING replacement)
2025-10-22 18:39:18 DEBUG [main] org.hibernate.HQL_FUNCTIONS - String reverse(STRING arg)
2025-10-22 18:39:18 DEBUG [main] org.hibernate.HQL_FUNCTIONS - String right(STRING string, INTEGER length)
2025-10-22 18:39:18 DEBUG [main] org.hibernate.HQL_FUNCTIONS - round(NUMERIC number[, INTEGER places])
2025-10-22 18:39:18 DEBUG [main] org.hibernate.HQL_FUNCTIONS - Long row_number()
2025-10-22 18:39:18 DEBUG [main] org.hibernate.HQL_FUNCTIONS - String rpad(string, length[, padding])
2025-10-22 18:39:18 DEBUG [main] org.hibernate.HQL_FUNCTIONS - String rtrim(STRING string[, STRING characters])
2025-10-22 18:39:18 DEBUG [main] org.hibernate.HQL_FUNCTIONS - Integer second(TIME arg)
2025-10-22 18:39:18 DEBUG [main] org.hibernate.HQL_FUNCTIONS - String sha(arg)
2025-10-22 18:39:18 DEBUG [main] org.hibernate.HQL_FUNCTIONS - String sha1(arg)
2025-10-22 18:39:18 DEBUG [main] org.hibernate.HQL_FUNCTIONS - String sha2(arg0, arg1)
2025-10-22 18:39:18 DEBUG [main] org.hibernate.HQL_FUNCTIONS - Integer sign(NUMERIC arg)
2025-10-22 18:39:18 DEBUG [main] org.hibernate.HQL_FUNCTIONS - Double sin(NUMERIC arg)
2025-10-22 18:39:18 DEBUG [main] org.hibernate.HQL_FUNCTIONS - Double sinh(NUMERIC arg)
2025-10-22 18:39:18 DEBUG [main] org.hibernate.HQL_FUNCTIONS - String soundex(arg)
2025-10-22 18:39:18 DEBUG [main] org.hibernate.HQL_FUNCTIONS - String space(INTEGER arg)
2025-10-22 18:39:18 DEBUG [main] org.hibernate.HQL_FUNCTIONS - Object sql
2025-10-22 18:39:18 DEBUG [main] org.hibernate.HQL_FUNCTIONS - Double sqrt(NUMERIC arg)
2025-10-22 18:39:18 DEBUG [main] org.hibernate.HQL_FUNCTIONS - Double stddev(NUMERIC arg)
2025-10-22 18:39:18 DEBUG [main] org.hibernate.HQL_FUNCTIONS - Double stddev_pop(NUMERIC arg)
2025-10-22 18:39:18 DEBUG [main] org.hibernate.HQL_FUNCTIONS - Double stddev_samp(NUMERIC arg)
2025-10-22 18:39:18 DEBUG [main] org.hibernate.HQL_FUNCTIONS - String str(arg)
2025-10-22 18:39:18 DEBUG [main] org.hibernate.HQL_FUNCTIONS - subdate(DATE datetime, INTEGER days)
2025-10-22 18:39:18 DEBUG [main] org.hibernate.HQL_FUNCTIONS - String substr(STRING string, INTEGER start[, INTEGER length])
2025-10-22 18:39:18 DEBUG [main] org.hibernate.HQL_FUNCTIONS - String substring(STRING string{ from|,} INTEGER start[{ for|,} INTEGER length])
2025-10-22 18:39:18 DEBUG [main] org.hibernate.HQL_FUNCTIONS - subtime(TIME datetime, TIME time)
2025-10-22 18:39:18 DEBUG [main] org.hibernate.HQL_FUNCTIONS - sum(arg)
2025-10-22 18:39:18 DEBUG [main] org.hibernate.HQL_FUNCTIONS - Timestamp sysdate()
2025-10-22 18:39:18 DEBUG [main] org.hibernate.HQL_FUNCTIONS - Double tan(NUMERIC arg)
2025-10-22 18:39:18 DEBUG [main] org.hibernate.HQL_FUNCTIONS - Double tanh(NUMERIC arg)
2025-10-22 18:39:18 DEBUG [main] org.hibernate.HQL_FUNCTIONS - String time(arg)
2025-10-22 18:39:18 DEBUG [main] org.hibernate.HQL_FUNCTIONS - Timestamp timestamp(arg0[, arg1])
2025-10-22 18:39:18 DEBUG [main] org.hibernate.HQL_FUNCTIONS - timestampadd(TEMPORAL_UNIT field, INTEGER magnitude, TEMPORAL datetime)
2025-10-22 18:39:18 DEBUG [main] org.hibernate.HQL_FUNCTIONS - Long|Double timestampdiff(TEMPORAL_UNIT field, TEMPORAL start, TEMPORAL end)
2025-10-22 18:39:18 DEBUG [main] org.hibernate.HQL_FUNCTIONS - String trim([[{leading|trailing|both} ][STRING arg0 ]from] STRING arg1)
2025-10-22 18:39:18 DEBUG [main] org.hibernate.HQL_FUNCTIONS - trunc( ... )
2025-10-22 18:39:18 DEBUG [main] org.hibernate.HQL_FUNCTIONS - truncate( ... )
2025-10-22 18:39:18 DEBUG [main] org.hibernate.HQL_FUNCTIONS - String upper(STRING string)
2025-10-22 18:39:18 DEBUG [main] org.hibernate.HQL_FUNCTIONS - Date utc_date
2025-10-22 18:39:18 DEBUG [main] org.hibernate.HQL_FUNCTIONS - Time utc_time
2025-10-22 18:39:18 DEBUG [main] org.hibernate.HQL_FUNCTIONS - Timestamp utc_timestamp
2025-10-22 18:39:18 DEBUG [main] org.hibernate.HQL_FUNCTIONS - Double var_pop(NUMERIC arg)
2025-10-22 18:39:18 DEBUG [main] org.hibernate.HQL_FUNCTIONS - Double var_samp(NUMERIC arg)
2025-10-22 18:39:18 DEBUG [main] org.hibernate.HQL_FUNCTIONS - Double variance(NUMERIC arg)
2025-10-22 18:39:18 DEBUG [main] org.hibernate.HQL_FUNCTIONS - Integer week(DATE arg)
2025-10-22 18:39:18 DEBUG [main] org.hibernate.HQL_FUNCTIONS - Integer year(DATE arg)
2025-10-22 18:39:18 DEBUG [main] org.hibernate.orm.query.plan.cache - Starting QueryInterpretationCache(2048)
2025-10-22 18:39:18 INFO  [main] o.s.d.r.c.RepositoryConfigurationDelegate - Bootstrapping Spring Data JPA repositories in DEFAULT mode.
2025-10-22 18:39:18 DEBUG [main] o.s.b.f.s.DefaultListableBeanFactory - Creating shared instance of singleton bean 'org.springframework.boot.autoconfigure.AutoConfigurationPackages'
2025-10-22 18:39:18 DEBUG [main] o.s.b.a.AutoConfigurationPackages - @EnableAutoConfiguration was declared on a class in the package 'ceu.dam.ad.tema3.ejercicios'. Automatic @Repository and @Entity scanning is enabled.
2025-10-22 18:39:18 DEBUG [main] o.s.d.r.c.RepositoryConfigurationDelegate - Scanning for JPA repositories in packages ceu.dam.ad.tema3.ejercicios.
2025-10-22 18:39:18 DEBUG [main] o.h.s.i.SessionFactoryServiceRegistryImpl - EventListenerRegistry access via ServiceRegistry is deprecated.  Use `sessionFactory.getEventEngine().getListenerRegistry()` instead
2025-10-22 18:39:18 DEBUG [main] o.h.e.i.EntityCopyObserverFactoryInitiator - Configured EntityCopyObserver strategy: disallow
2025-10-22 18:39:18 DEBUG [main] o.s.d.r.c.RepositoryComponentProvider - Identified candidate component class: file [C:\Users\rromero2106\Desktop\Github\Acceso-a-Datos\misproyecto\ejercicios-tema-02-basicos\target\classes\ceu\dam\ad\tema3\ejercicios\ejercicio01\repository\PeliculaRepository.class]
2025-10-22 18:39:18 DEBUG [main] o.s.c.a.ClassPathScanningCandidateComponentProvider - Identified candidate component class: file [C:\Users\rromero2106\Desktop\Github\Acceso-a-Datos\misproyecto\ejercicios-tema-02-basicos\target\classes\ceu\dam\ad\tema3\ejercicios\ejercicio05\service\UserServiceImpl.class]
2025-10-22 18:39:18 INFO  [main] o.s.d.r.c.RepositoryConfigurationDelegate - Finished Spring Data repository scanning in 59 ms. Found 1 JPA repository interface.
2025-10-22 18:39:18 DEBUG [main] o.h.b.internal.ClassLoaderAccessImpl - Not known whether passed class name [ceu.dam.ad.tema3.ejercicios.ejercicio01.model.Pelicula] is safe
2025-10-22 18:39:18 DEBUG [main] o.h.b.internal.ClassLoaderAccessImpl - No temp ClassLoader provided; using live ClassLoader for loading potentially unsafe class : ceu.dam.ad.tema3.ejercicios.ejercicio01.model.Pelicula
2025-10-22 18:39:18 DEBUG [main] o.s.b.f.s.DefaultListableBeanFactory - Creating shared instance of singleton bean 'propertySourcesPlaceholderConfigurer'
2025-10-22 18:39:18 DEBUG [main] o.s.b.f.s.DefaultListableBeanFactory - Creating shared instance of singleton bean 'emBeanDefinitionRegistrarPostProcessor'
2025-10-22 18:39:18 DEBUG [main] o.s.b.f.s.DefaultListableBeanFactory - Creating shared instance of singleton bean 'org.springframework.boot.sql.init.dependency.DatabaseInitializationDependencyConfigurer$DependsOnDatabaseInitializationPostProcessor'
2025-10-22 18:39:18 DEBUG [main] o.s.b.f.s.DefaultListableBeanFactory - Creating shared instance of singleton bean 'org.springframework.context.event.internalEventListenerProcessor'
2025-10-22 18:39:18 DEBUG [main] o.s.b.f.s.DefaultListableBeanFactory - Creating shared instance of singleton bean 'org.springframework.context.event.internalEventListenerFactory'
2025-10-22 18:39:18 DEBUG [main] o.s.b.f.s.DefaultListableBeanFactory - Creating shared instance of singleton bean 'org.springframework.transaction.config.internalTransactionalEventListenerFactory'
2025-10-22 18:39:18 DEBUG [main] o.s.b.f.s.DefaultListableBeanFactory - Creating shared instance of singleton bean 'org.springframework.context.annotation.internalAutowiredAnnotationProcessor'
2025-10-22 18:39:18 DEBUG [main] o.s.b.f.s.DefaultListableBeanFactory - Creating shared instance of singleton bean 'org.springframework.context.annotation.internalCommonAnnotationProcessor'
2025-10-22 18:39:18 DEBUG [main] o.s.b.f.s.DefaultListableBeanFactory - Creating shared instance of singleton bean 'org.springframework.context.annotation.internalPersistenceAnnotationProcessor'
2025-10-22 18:39:18 DEBUG [main] o.s.b.f.s.DefaultListableBeanFactory - Creating shared instance of singleton bean 'org.springframework.boot.context.properties.ConfigurationPropertiesBindingPostProcessor'
2025-10-22 18:39:18 DEBUG [main] o.s.b.f.s.DefaultListableBeanFactory - Creating shared instance of singleton bean 'org.springframework.boot.context.internalConfigurationPropertiesBinder'
2025-10-22 18:39:18 DEBUG [main] o.s.b.f.s.DefaultListableBeanFactory - Creating shared instance of singleton bean 'jdbcConnectionDetailsHikariBeanPostProcessor'
2025-10-22 18:39:18 DEBUG [main] o.s.b.f.s.DefaultListableBeanFactory - Creating shared instance of singleton bean 'org.springframework.aop.config.internalAutoProxyCreator'
2025-10-22 18:39:18 DEBUG [main] o.s.b.f.s.DefaultListableBeanFactory - Creating shared instance of singleton bean 'persistenceExceptionTranslationPostProcessor'
2025-10-22 18:39:18 DEBUG [main] o.s.b.f.s.DefaultListableBeanFactory - Autowiring by type from bean name 'persistenceExceptionTranslationPostProcessor' via factory method to bean named 'environment'
2025-10-22 18:39:18 DEBUG [main] o.s.b.f.s.DefaultListableBeanFactory - Creating shared instance of singleton bean 'dataSourceScriptDatabaseInitializer'
2025-10-22 18:39:18 DEBUG [main] o.s.b.f.s.DefaultListableBeanFactory - Creating shared instance of singleton bean 'org.springframework.transaction.config.internalTransactionAdvisor'
2025-10-22 18:39:18 DEBUG [main] o.s.b.f.s.DefaultListableBeanFactory - Creating shared instance of singleton bean 'org.springframework.transaction.annotation.ProxyTransactionManagementConfiguration'
2025-10-22 18:39:18 DEBUG [main] o.h.b.i.b.BytecodeProviderImpl - HHH000513: Unable to create the ReflectionOptimizer for [ceu.dam.ad.tema3.ejercicios.ejercicio01.model.Pelicula]: private accessor [longitud]
2025-10-22 18:39:18 DEBUG [main] o.s.b.f.s.DefaultListableBeanFactory - Creating shared instance of singleton bean 'transactionAttributeSource'
2025-10-22 18:39:18 DEBUG [main] o.s.b.f.s.DefaultListableBeanFactory - Creating shared instance of singleton bean 'transactionInterceptor'
2025-10-22 18:39:18 DEBUG [main] o.s.b.f.s.DefaultListableBeanFactory - Autowiring by type from bean name 'transactionInterceptor' via factory method to bean named 'transactionAttributeSource'
2025-10-22 18:39:18 DEBUG [main] o.s.b.f.s.DefaultListableBeanFactory - Autowiring by type from bean name 'org.springframework.transaction.config.internalTransactionAdvisor' via factory method to bean named 'transactionAttributeSource'
2025-10-22 18:39:18 DEBUG [main] o.s.b.f.s.DefaultListableBeanFactory - Autowiring by type from bean name 'org.springframework.transaction.config.internalTransactionAdvisor' via factory method to bean named 'transactionInterceptor'
2025-10-22 18:39:18 DEBUG [main] o.s.b.f.s.DefaultListableBeanFactory - Creating shared instance of singleton bean 'org.springframework.boot.autoconfigure.sql.init.DataSourceInitializationConfiguration'
2025-10-22 18:39:18 DEBUG [main] o.s.b.f.s.DefaultListableBeanFactory - Creating shared instance of singleton bean 'dataSource'
2025-10-22 18:39:18 DEBUG [main] o.s.b.f.s.DefaultListableBeanFactory - Creating shared instance of singleton bean 'org.springframework.boot.autoconfigure.jdbc.DataSourceConfiguration$Hikari'
2025-10-22 18:39:18 DEBUG [main] o.s.b.f.s.DefaultListableBeanFactory - Creating shared instance of singleton bean 'spring.datasource-org.springframework.boot.autoconfigure.jdbc.DataSourceProperties'
2025-10-22 18:39:18 DEBUG [main] o.s.b.f.s.DefaultListableBeanFactory - Creating shared instance of singleton bean 'org.springframework.boot.context.properties.BoundConfigurationProperties'
2025-10-22 18:39:18 DEBUG [main] o.s.b.f.s.DefaultListableBeanFactory - Creating shared instance of singleton bean 'jdbcConnectionDetails'
2025-10-22 18:39:18 DEBUG [main] o.s.b.f.s.DefaultListableBeanFactory - Creating shared instance of singleton bean 'org.springframework.boot.autoconfigure.jdbc.DataSourceAutoConfiguration$PooledDataSourceConfiguration'
2025-10-22 18:39:18 DEBUG [main] o.s.b.f.s.DefaultListableBeanFactory - Autowiring by type from bean name 'jdbcConnectionDetails' via factory method to bean named 'spring.datasource-org.springframework.boot.autoconfigure.jdbc.DataSourceProperties'
2025-10-22 18:39:18 DEBUG [main] o.s.b.f.s.DefaultListableBeanFactory - Autowiring by type from bean name 'dataSource' via factory method to bean named 'spring.datasource-org.springframework.boot.autoconfigure.jdbc.DataSourceProperties'
2025-10-22 18:39:18 DEBUG [main] o.s.b.f.s.DefaultListableBeanFactory - Autowiring by type from bean name 'dataSource' via factory method to bean named 'jdbcConnectionDetails'
2025-10-22 18:39:18 DEBUG [main] o.h.orm.model.mapping.creation - Starting post-init callbacks
2025-10-22 18:39:18 DEBUG [main] o.h.orm.model.mapping.creation - Starting PostInitCallbackEntry : Entity(ceu.dam.ad.tema3.ejercicios.ejercicio01.model.Pelicula) `staticFetchableList` generator
2025-10-22 18:39:18 DEBUG [main] com.zaxxer.hikari.HikariConfig - Driver class org.mariadb.jdbc.Driver found in Thread context class loader jdk.internal.loader.ClassLoaders$AppClassLoader@76ed5528
2025-10-22 18:39:18 DEBUG [main] o.s.b.f.s.DefaultListableBeanFactory - Creating shared instance of singleton bean 'spring.sql.init-org.springframework.boot.autoconfigure.sql.init.SqlInitializationProperties'
2025-10-22 18:39:18 DEBUG [main] o.s.b.f.s.DefaultListableBeanFactory - Autowiring by type from bean name 'dataSourceScriptDatabaseInitializer' via factory method to bean named 'dataSource'
2025-10-22 18:39:18 DEBUG [main] o.s.b.f.s.DefaultListableBeanFactory - Autowiring by type from bean name 'dataSourceScriptDatabaseInitializer' via factory method to bean named 'spring.sql.init-org.springframework.boot.autoconfigure.sql.init.SqlInitializationProperties'
2025-10-22 18:39:18 DEBUG [main] o.s.b.f.s.DefaultListableBeanFactory - Creating shared instance of singleton bean 'entityManagerFactory'
2025-10-22 18:39:18 DEBUG [main] o.s.b.f.s.DefaultListableBeanFactory - Creating shared instance of singleton bean 'org.springframework.boot.autoconfigure.orm.jpa.HibernateJpaConfiguration'
2025-10-22 18:39:18 DEBUG [main] o.s.b.f.s.DefaultListableBeanFactory - Creating shared instance of singleton bean 'spring.jpa-org.springframework.boot.autoconfigure.orm.jpa.JpaProperties'
2025-10-22 18:39:18 DEBUG [main] o.s.b.f.s.DefaultListableBeanFactory - Creating shared instance of singleton bean 'spring.jpa.hibernate-org.springframework.boot.autoconfigure.orm.jpa.HibernateProperties'
2025-10-22 18:39:18 DEBUG [main] o.s.b.f.s.DefaultListableBeanFactory - Autowiring by type from bean name 'org.springframework.boot.autoconfigure.orm.jpa.HibernateJpaConfiguration' via constructor to bean named 'dataSource'
2025-10-22 18:39:18 DEBUG [main] o.s.b.f.s.DefaultListableBeanFactory - Autowiring by type from bean name 'org.springframework.boot.autoconfigure.orm.jpa.HibernateJpaConfiguration' via constructor to bean named 'spring.jpa-org.springframework.boot.autoconfigure.orm.jpa.JpaProperties'
2025-10-22 18:39:18 DEBUG [main] o.s.b.f.s.DefaultListableBeanFactory - Autowiring by type from bean name 'org.springframework.boot.autoconfigure.orm.jpa.HibernateJpaConfiguration' via constructor to bean named 'org.springframework.beans.factory.support.DefaultListableBeanFactory@677dbd89'
2025-10-22 18:39:18 DEBUG [main] o.s.b.f.s.DefaultListableBeanFactory - Autowiring by type from bean name 'org.springframework.boot.autoconfigure.orm.jpa.HibernateJpaConfiguration' via constructor to bean named 'spring.jpa.hibernate-org.springframework.boot.autoconfigure.orm.jpa.HibernateProperties'
2025-10-22 18:39:18 DEBUG [main] o.s.b.f.s.DefaultListableBeanFactory - Creating shared instance of singleton bean 'hikariPoolDataSourceMetadataProvider'
2025-10-22 18:39:18 DEBUG [main] o.s.b.f.s.DefaultListableBeanFactory - Creating shared instance of singleton bean 'org.springframework.boot.autoconfigure.jdbc.metadata.DataSourcePoolMetadataProvidersConfiguration$HikariPoolDataSourceMetadataProviderConfiguration'
2025-10-22 18:39:18 DEBUG [main] o.s.b.f.s.DefaultListableBeanFactory - Creating shared instance of singleton bean 'entityManagerFactoryBuilder'
2025-10-22 18:39:18 DEBUG [main] o.s.b.f.s.DefaultListableBeanFactory - Creating shared instance of singleton bean 'jpaVendorAdapter'
2025-10-22 18:39:18 DEBUG [main] org.jboss.logging - Logging Provider: org.jboss.logging.Slf4jLoggerProvider found via system property
2025-10-22 18:39:18 DEBUG [main] o.s.b.f.s.DefaultListableBeanFactory - Autowiring by type from bean name 'entityManagerFactoryBuilder' via factory method to bean named 'jpaVendorAdapter'
2025-10-22 18:39:18 DEBUG [main] o.s.jdbc.datasource.DataSourceUtils - Fetching JDBC Connection from DataSource
2025-10-22 18:39:18 DEBUG [main] com.zaxxer.hikari.HikariConfig - HikariPool-1 - configuration:
2025-10-22 18:39:18 DEBUG [main] com.zaxxer.hikari.HikariConfig - allowPoolSuspension.............false
2025-10-22 18:39:18 DEBUG [main] com.zaxxer.hikari.HikariConfig - autoCommit......................true
2025-10-22 18:39:18 DEBUG [main] com.zaxxer.hikari.HikariConfig - catalog.........................none
2025-10-22 18:39:18 DEBUG [main] com.zaxxer.hikari.HikariConfig - connectionInitSql...............none
2025-10-22 18:39:18 DEBUG [main] com.zaxxer.hikari.HikariConfig - connectionTestQuery.............none
2025-10-22 18:39:18 DEBUG [main] com.zaxxer.hikari.HikariConfig - connectionTimeout...............30000
2025-10-22 18:39:18 DEBUG [main] com.zaxxer.hikari.HikariConfig - dataSource......................none
2025-10-22 18:39:18 DEBUG [main] com.zaxxer.hikari.HikariConfig - dataSourceClassName.............none
2025-10-22 18:39:18 DEBUG [main] com.zaxxer.hikari.HikariConfig - dataSourceJNDI..................none
2025-10-22 18:39:18 DEBUG [main] com.zaxxer.hikari.HikariConfig - dataSourceProperties............{password=<masked>}
2025-10-22 18:39:18 DEBUG [main] com.zaxxer.hikari.HikariConfig - driverClassName................."org.mariadb.jdbc.Driver"
2025-10-22 18:39:18 DEBUG [main] com.zaxxer.hikari.HikariConfig - exceptionOverrideClassName......none
2025-10-22 18:39:18 DEBUG [main] com.zaxxer.hikari.HikariConfig - healthCheckProperties...........{}
2025-10-22 18:39:18 DEBUG [main] com.zaxxer.hikari.HikariConfig - healthCheckRegistry.............none
2025-10-22 18:39:18 DEBUG [main] com.zaxxer.hikari.HikariConfig - idleTimeout.....................600000
2025-10-22 18:39:18 DEBUG [main] com.zaxxer.hikari.HikariConfig - initializationFailTimeout.......1
2025-10-22 18:39:18 DEBUG [main] com.zaxxer.hikari.HikariConfig - isolateInternalQueries..........false
2025-10-22 18:39:18 DEBUG [main] com.zaxxer.hikari.HikariConfig - jdbcUrl.........................jdbc:mariadb://localhost:3306/sakila
2025-10-22 18:39:18 DEBUG [main] com.zaxxer.hikari.HikariConfig - keepaliveTime...................0
2025-10-22 18:39:18 DEBUG [main] com.zaxxer.hikari.HikariConfig - leakDetectionThreshold..........0
2025-10-22 18:39:18 DEBUG [main] com.zaxxer.hikari.HikariConfig - maxLifetime.....................1800000
2025-10-22 18:39:18 DEBUG [main] com.zaxxer.hikari.HikariConfig - maximumPoolSize.................10
2025-10-22 18:39:18 DEBUG [main] com.zaxxer.hikari.HikariConfig - metricRegistry..................none
2025-10-22 18:39:18 DEBUG [main] com.zaxxer.hikari.HikariConfig - metricsTrackerFactory...........none
2025-10-22 18:39:18 DEBUG [main] com.zaxxer.hikari.HikariConfig - minimumIdle.....................10
2025-10-22 18:39:18 DEBUG [main] com.zaxxer.hikari.HikariConfig - password........................<masked>
2025-10-22 18:39:18 DEBUG [main] com.zaxxer.hikari.HikariConfig - poolName........................"HikariPool-1"
2025-10-22 18:39:18 DEBUG [main] com.zaxxer.hikari.HikariConfig - readOnly........................false
2025-10-22 18:39:18 DEBUG [main] com.zaxxer.hikari.HikariConfig - registerMbeans..................false
2025-10-22 18:39:18 DEBUG [main] com.zaxxer.hikari.HikariConfig - scheduledExecutor...............none
2025-10-22 18:39:18 DEBUG [main] com.zaxxer.hikari.HikariConfig - schema..........................none
2025-10-22 18:39:18 DEBUG [main] com.zaxxer.hikari.HikariConfig - threadFactory...................internal
2025-10-22 18:39:18 DEBUG [main] com.zaxxer.hikari.HikariConfig - transactionIsolation............default
2025-10-22 18:39:18 DEBUG [main] com.zaxxer.hikari.HikariConfig - username........................"sakila"
2025-10-22 18:39:18 DEBUG [main] com.zaxxer.hikari.HikariConfig - validationTimeout...............5000
2025-10-22 18:39:18 INFO  [main] com.zaxxer.hikari.HikariDataSource - HikariPool-1 - Starting...
2025-10-22 18:39:18 DEBUG [main] org.hibernate.orm.sql.ast.create - Created new SQL alias : p1_0
2025-10-22 18:39:18 DEBUG [main] org.hibernate.orm.sql.ast.create - Registration of TableGroup [StandardTableGroup(ceu.dam.ad.tema3.ejercicios.ejercicio01.model.Pelicula)] with identifierForTableGroup [ceu.dam.ad.tema3.ejercicios.ejercicio01.model.Pelicula] for NavigablePath [ceu.dam.ad.tema3.ejercicios.ejercicio01.model.Pelicula] 
2025-10-22 18:39:18 DEBUG [main] org.hibernate.orm.results.graph.AST - DomainResult Graph:
 \-EntityResultImpl [ceu.dam.ad.tema3.ejercicios.ejercicio01.model.Pelicula]
 |  +-BasicFetch [ceu.dam.ad.tema3.ejercicios.ejercicio01.model.Pelicula.longitud]
 |  \-BasicFetch [ceu.dam.ad.tema3.ejercicios.ejercicio01.model.Pelicula.nombre]

2025-10-22 18:39:18 DEBUG [main] org.hibernate.orm.sql.ast.tree - SQL AST Tree:
    SelectStatement {
      FromClause {
        StandardTableGroup (p1 : ceu.dam.ad.tema3.ejercicios.ejercicio01.model.Pelicula) {
          primaryTableReference : film as p1_0
        }
      }
    }

2025-10-22 18:39:18 DEBUG [main] o.h.p.entity.AbstractEntityPersister - Static SQL for entity: ceu.dam.ad.tema3.ejercicios.ejercicio01.model.Pelicula
2025-10-22 18:39:18 DEBUG [main] o.h.p.entity.AbstractEntityPersister -  Version select: select id from film where id=?
2025-10-22 18:39:18 DEBUG [main] o.h.p.entity.AbstractEntityPersister -  Insert (0): insert into film (length,title) values (?,?)
2025-10-22 18:39:18 DEBUG [main] o.h.p.entity.AbstractEntityPersister -  Update (0): update film set length=?,title=? where id=?
2025-10-22 18:39:18 DEBUG [main] o.h.p.entity.AbstractEntityPersister -  Delete (0): delete from film where id=?
2025-10-22 18:39:18 INFO  [main] o.h.e.t.j.p.i.JtaPlatformInitiator - HHH000489: No JTA platform available (set 'hibernate.transaction.jta.platform' to enable JTA platform integration)
2025-10-22 18:39:18 DEBUG [main] o.h.type.spi.TypeConfiguration$Scope - Scoping TypeConfiguration [org.hibernate.type.spi.TypeConfiguration@6cc48a17] to SessionFactoryImplementor [org.hibernate.internal.SessionFactoryImpl@388e4c25]
2025-10-22 18:39:18 DEBUG [main] o.h.q.named.NamedObjectRepository - Checking 0 named HQL queries
2025-10-22 18:39:18 DEBUG [main] o.h.q.named.NamedObjectRepository - Checking 0 named SQL queries
2025-10-22 18:39:18 DEBUG [main] o.h.t.s.s.SchemaManagementToolCoordinator - No schema actions specified for contributor `orm`; doing nothing
2025-10-22 18:39:18 DEBUG [main] o.h.t.s.s.SchemaManagementToolCoordinator - No actions found; doing nothing
2025-10-22 18:39:18 DEBUG [main] o.h.internal.SessionFactoryRegistry - Initializing SessionFactoryRegistry : org.hibernate.internal.SessionFactoryRegistry@5d93ff21
2025-10-22 18:39:18 DEBUG [main] o.h.internal.SessionFactoryRegistry - Registering SessionFactory: 6d1a6ebf-7347-448d-8f3a-1de65ac0a01a (<unnamed>)
2025-10-22 18:39:18 DEBUG [main] o.h.internal.SessionFactoryRegistry - Not binding SessionFactory to JNDI, no JNDI name configured
2025-10-22 18:39:18 DEBUG [main] o.h.internal.SessionFactoryImpl - Instantiated SessionFactory
2025-10-22 18:39:18 INFO  [main] o.s.o.j.LocalContainerEntityManagerFactoryBean - Initialized JPA EntityManagerFactory for persistence unit 'default'
2025-10-22 18:39:18 DEBUG [main] o.s.b.f.s.DefaultListableBeanFactory - Creating shared instance of singleton bean 'app'
2025-10-22 18:39:18 DEBUG [main] o.s.b.f.s.DefaultListableBeanFactory - Creating shared instance of singleton bean 'testEj1'
2025-10-22 18:39:18 DEBUG [main] o.s.b.f.s.DefaultListableBeanFactory - Creating shared instance of singleton bean 'peliculasService'
2025-10-22 18:39:18 DEBUG [main] o.s.b.f.s.DefaultListableBeanFactory - Creating shared instance of singleton bean 'peliculaRepository'
2025-10-22 18:39:18 DEBUG [main] o.s.b.f.s.DefaultListableBeanFactory - Creating shared instance of singleton bean 'jpa.named-queries#0'
2025-10-22 18:39:18 DEBUG [main] o.s.b.f.s.DefaultListableBeanFactory - Creating shared instance of singleton bean 'jpa.PeliculaRepository.fragments#0'
2025-10-22 18:39:18 INFO  [main] com.zaxxer.hikari.pool.HikariPool - HikariPool-1 - Added connection org.mariadb.jdbc.Connection@26c89563
2025-10-22 18:39:18 DEBUG [main] o.s.b.f.s.DefaultListableBeanFactory - Creating shared instance of singleton bean 'jpaSharedEM_entityManagerFactory'
2025-10-22 18:39:18 INFO  [main] com.zaxxer.hikari.HikariDataSource - HikariPool-1 - Start completed.
2025-10-22 18:39:18 DEBUG [main] o.s.b.f.s.DefaultListableBeanFactory - Creating shared instance of singleton bean 'persistenceManagedTypes'
2025-10-22 18:39:18 DEBUG [main] o.s.b.f.s.DefaultListableBeanFactory - Autowiring by type from bean name 'persistenceManagedTypes' via factory method to bean named 'org.springframework.beans.factory.support.DefaultListableBeanFactory@677dbd89'
2025-10-22 18:39:18 DEBUG [main] o.s.b.f.s.DefaultListableBeanFactory - Autowiring by type from bean name 'persistenceManagedTypes' via factory method to bean named 'org.springframework.context.annotation.AnnotationConfigApplicationContext@7829b776'
2025-10-22 18:39:18 DEBUG [main] o.s.b.f.s.DefaultListableBeanFactory - Creating shared instance of singleton bean 'jpaMappingContext'
2025-10-22 18:39:18 DEBUG [main] o.s.d.j.r.c.JpaMetamodelMappingContextFactoryBean - Initializing JpaMetamodelMappingContext…
2025-10-22 18:39:18 DEBUG [main] o.s.b.f.s.DefaultListableBeanFactory - Autowiring by type from bean name 'entityManagerFactory' via factory method to bean named 'entityManagerFactoryBuilder'
2025-10-22 18:39:18 DEBUG [main] o.s.b.f.s.DefaultListableBeanFactory - Autowiring by type from bean name 'entityManagerFactory' via factory method to bean named 'persistenceManagedTypes'
2025-10-22 18:39:18 DEBUG [main] o.s.d.j.r.c.JpaMetamodelMappingContextFactoryBean - Finished initializing JpaMetamodelMappingContext
2025-10-22 18:39:18 DEBUG [main] o.s.o.j.LocalContainerEntityManagerFactoryBean - Building JPA container EntityManagerFactory for persistence unit 'default'
2025-10-22 18:39:18 DEBUG [main] o.h.jpa.internal.util.LogHelper - PersistenceUnitInfo [
	name: default
	persistence provider classname: null
	classloader: jdk.internal.loader.ClassLoaders$AppClassLoader@76ed5528
	excludeUnlistedClasses: true
	JTA datasource: null
	Non JTA datasource: HikariDataSource (HikariPool-1)
	Transaction type: RESOURCE_LOCAL
	PU root URL: file:/C:/Users/rromero2106/Desktop/Github/Acceso-a-Datos/misproyecto/ejercicios-tema-02-basicos/target/classes/
	Shared Cache Mode: UNSPECIFIED
	Validation Mode: AUTO
	Jar files URLs []
	Managed classes names [
		ceu.dam.ad.tema3.ejercicios.ejercicio01.model.Pelicula]
	Mapping files names []
	Properties []
2025-10-22 18:39:18 DEBUG [main] o.h.i.internal.IntegratorServiceImpl - Adding Integrator [org.hibernate.boot.beanvalidation.BeanValidationIntegrator].
2025-10-22 18:39:18 DEBUG [main] o.h.i.internal.IntegratorServiceImpl - Adding Integrator [org.hibernate.cache.internal.CollectionCacheInvalidator].
2025-10-22 18:39:18 DEBUG [main] o.s.o.j.SharedEntityManagerCreator$SharedEntityManagerInvocationHandler - Creating new EntityManager for shared EntityManager invocation
2025-10-22 18:39:18 DEBUG [HikariPool-1 housekeeper] com.zaxxer.hikari.pool.HikariPool - HikariPool-1 - Pool stats (total=1, active=0, idle=1, waiting=0)
2025-10-22 18:39:18 DEBUG [main] o.h.s.internal.StatisticsInitiator - Statistics initialized [enabled=false]
2025-10-22 18:39:18 DEBUG [HikariPool-1 connection adder] com.zaxxer.hikari.pool.HikariPool - HikariPool-1 - Added connection org.mariadb.jdbc.Connection@33afcb51
2025-10-22 18:39:18 DEBUG [main] o.s.o.j.SharedEntityManagerCreator$SharedEntityManagerInvocationHandler - Creating new EntityManager for shared EntityManager invocation
2025-10-22 18:39:18 INFO  [main] org.hibernate.Version - HHH000412: Hibernate ORM core version 6.6.2.Final
2025-10-22 18:39:18 DEBUG [main] org.hibernate.cfg.Environment - HHH000206: 'hibernate.properties' not found
2025-10-22 18:39:18 DEBUG [main] org.hibernate.orm.idgen.factory - Registering IdentifierGenerator strategy [uuid2] -> [org.hibernate.id.UUIDGenerator]
2025-10-22 18:39:18 DEBUG [main] org.hibernate.orm.idgen.factory - Registering IdentifierGenerator strategy [guid] -> [org.hibernate.id.GUIDGenerator]
2025-10-22 18:39:18 DEBUG [main] org.hibernate.orm.idgen.factory - Registering IdentifierGenerator strategy [uuid] -> [org.hibernate.id.UUIDHexGenerator]
2025-10-22 18:39:18 DEBUG [main] org.hibernate.orm.idgen.factory - Registering IdentifierGenerator strategy [uuid.hex] -> [org.hibernate.id.UUIDHexGenerator]
2025-10-22 18:39:18 DEBUG [main] org.hibernate.orm.idgen.factory - Registering IdentifierGenerator strategy [assigned] -> [org.hibernate.id.Assigned]
2025-10-22 18:39:18 DEBUG [main] org.hibernate.orm.idgen.factory - Registering IdentifierGenerator strategy [identity] -> [org.hibernate.id.IdentityGenerator]
2025-10-22 18:39:18 DEBUG [main] org.hibernate.orm.idgen.factory - Registering IdentifierGenerator strategy [select] -> [org.hibernate.id.SelectGenerator]
2025-10-22 18:39:18 DEBUG [HikariPool-1 connection adder] com.zaxxer.hikari.pool.HikariPool - HikariPool-1 - After adding stats (total=2, active=0, idle=2, waiting=0)
2025-10-22 18:39:18 DEBUG [main] org.hibernate.orm.idgen.factory - Registering IdentifierGenerator strategy [sequence] -> [org.hibernate.id.enhanced.SequenceStyleGenerator]
2025-10-22 18:39:18 DEBUG [main] org.hibernate.orm.idgen.factory - Registering IdentifierGenerator strategy [increment] -> [org.hibernate.id.IncrementGenerator]
2025-10-22 18:39:18 DEBUG [main] org.hibernate.orm.idgen.factory - Registering IdentifierGenerator strategy [foreign] -> [org.hibernate.id.ForeignGenerator]
2025-10-22 18:39:18 DEBUG [main] org.hibernate.orm.idgen.factory - Registering IdentifierGenerator strategy [enhanced-sequence] -> [org.hibernate.id.enhanced.SequenceStyleGenerator]
2025-10-22 18:39:18 DEBUG [main] org.hibernate.orm.idgen.factory - Registering IdentifierGenerator strategy [enhanced-table] -> [org.hibernate.id.enhanced.TableGenerator]
2025-10-22 18:39:18 DEBUG [HikariPool-1 connection adder] com.zaxxer.hikari.pool.HikariPool - HikariPool-1 - Added connection org.mariadb.jdbc.Connection@41caba59
2025-10-22 18:39:18 DEBUG [main] o.s.d.r.c.s.RepositoryFactorySupport - Initializing repository instance for ceu.dam.ad.tema3.ejercicios.ejercicio01.repository.PeliculaRepository…
2025-10-22 18:39:18 DEBUG [main] o.h.c.i.RegionFactoryInitiator - Cannot default RegionFactory based on registered strategies as `[]` RegionFactory strategies were registered
2025-10-22 18:39:18 INFO  [main] o.h.c.i.RegionFactoryInitiator - HHH000026: Second-level cache disabled
2025-10-22 18:39:18 DEBUG [main] o.s.o.j.SharedEntityManagerCreator$SharedEntityManagerInvocationHandler - Creating new EntityManager for shared EntityManager invocation
2025-10-22 18:39:18 DEBUG [HikariPool-1 connection adder] com.zaxxer.hikari.pool.HikariPool - HikariPool-1 - After adding stats (total=3, active=0, idle=3, waiting=0)
2025-10-22 18:39:18 DEBUG [HikariPool-1 connection adder] com.zaxxer.hikari.pool.HikariPool - HikariPool-1 - Added connection org.mariadb.jdbc.Connection@44af1ba
2025-10-22 18:39:18 DEBUG [main] o.s.d.j.repository.query.NamedQuery - Looking up named query Pelicula.findByLongitudLessThan
2025-10-22 18:39:18 DEBUG [main] o.h.r.t.b.j.i.JdbcResourceLocalTransactionCoordinatorImpl - JDBC transaction marked for rollback-only (exception provided for stack trace)
java.lang.Exception: exception just for purpose of providing stack trace
	at org.hibernate.resource.transaction.backend.jdbc.internal.JdbcResourceLocalTransactionCoordinatorImpl$TransactionDriverControlImpl.markRollbackOnly(JdbcResourceLocalTransactionCoordinatorImpl.java:309)
	at org.hibernate.internal.AbstractSharedSessionContract.buildNamedQuery(AbstractSharedSessionContract.java:1138)
	at org.hibernate.internal.AbstractSharedSessionContract.createNamedQuery(AbstractSharedSessionContract.java:1016)
	at org.hibernate.internal.AbstractSharedSessionContract.createNamedQuery(AbstractSharedSessionContract.java:142)
	at java.base/jdk.internal.reflect.DirectMethodHandleAccessor.invoke(DirectMethodHandleAccessor.java:103)
	at java.base/java.lang.reflect.Method.invoke(Method.java:580)
	at org.springframework.orm.jpa.ExtendedEntityManagerCreator$ExtendedEntityManagerInvocationHandler.invoke(ExtendedEntityManagerCreator.java:364)
	at jdk.proxy2/jdk.proxy2.$Proxy95.createNamedQuery(Unknown Source)
	at org.springframework.data.jpa.repository.query.NamedQuery.hasNamedQuery(NamedQuery.java:113)
	at org.springframework.data.jpa.repository.query.NamedQuery.lookupFrom(NamedQuery.java:139)
	at org.springframework.data.jpa.repository.query.JpaQueryLookupStrategy$DeclaredQueryLookupStrategy.resolveQuery(JpaQueryLookupStrategy.java:184)
	at org.springframework.data.jpa.repository.query.JpaQueryLookupStrategy$CreateIfNotFoundQueryLookupStrategy.resolveQuery(JpaQueryLookupStrategy.java:256)
	at org.springframework.data.jpa.repository.query.JpaQueryLookupStrategy$AbstractQueryLookupStrategy.resolveQuery(JpaQueryLookupStrategy.java:99)
	at org.springframework.data.repository.core.support.QueryExecutorMethodInterceptor.lookupQuery(QueryExecutorMethodInterceptor.java:116)
	at org.springframework.data.repository.core.support.QueryExecutorMethodInterceptor.mapMethodsToQuery(QueryExecutorMethodInterceptor.java:104)
	at org.springframework.data.repository.core.support.QueryExecutorMethodInterceptor.lambda$new$0(QueryExecutorMethodInterceptor.java:92)
	at java.base/java.util.Optional.map(Optional.java:260)
	at org.springframework.data.repository.core.support.QueryExecutorMethodInterceptor.<init>(QueryExecutorMethodInterceptor.java:92)
	at org.springframework.data.repository.core.support.RepositoryFactorySupport.getRepository(RepositoryFactorySupport.java:440)
	at org.springframework.data.repository.core.support.RepositoryFactoryBeanSupport.lambda$afterPropertiesSet$4(RepositoryFactoryBeanSupport.java:350)
	at org.springframework.data.util.Lazy.getNullable(Lazy.java:135)
	at org.springframework.data.util.Lazy.get(Lazy.java:113)
	at org.springframework.data.repository.core.support.RepositoryFactoryBeanSupport.afterPropertiesSet(RepositoryFactoryBeanSupport.java:356)
	at org.springframework.data.jpa.repository.support.JpaRepositoryFactoryBean.afterPropertiesSet(JpaRepositoryFactoryBean.java:132)
	at org.springframework.beans.factory.support.AbstractAutowireCapableBeanFactory.invokeInitMethods(AbstractAutowireCapableBeanFactory.java:1849)
	at org.springframework.beans.factory.support.AbstractAutowireCapableBeanFactory.initializeBean(AbstractAutowireCapableBeanFactory.java:1798)
	at org.springframework.beans.factory.support.AbstractAutowireCapableBeanFactory.doCreateBean(AbstractAutowireCapableBeanFactory.java:601)
	at org.springframework.beans.factory.support.AbstractAutowireCapableBeanFactory.createBean(AbstractAutowireCapableBeanFactory.java:523)
	at org.springframework.beans.factory.support.AbstractBeanFactory.lambda$doGetBean$0(AbstractBeanFactory.java:336)
	at org.springframework.beans.factory.support.DefaultSingletonBeanRegistry.getSingleton(DefaultSingletonBeanRegistry.java:288)
	at org.springframework.beans.factory.support.AbstractBeanFactory.doGetBean(AbstractBeanFactory.java:334)
	at org.springframework.beans.factory.support.AbstractBeanFactory.getBean(AbstractBeanFactory.java:199)
	at org.springframework.beans.factory.config.DependencyDescriptor.resolveCandidate(DependencyDescriptor.java:254)
	at org.springframework.beans.factory.support.DefaultListableBeanFactory.doResolveDependency(DefaultListableBeanFactory.java:1626)
	at org.springframework.beans.factory.support.DefaultListableBeanFactory.resolveDependency(DefaultListableBeanFactory.java:1514)
	at org.springframework.beans.factory.annotation.AutowiredAnnotationBeanPostProcessor$AutowiredFieldElement.resolveFieldValue(AutowiredAnnotationBeanPostProcessor.java:785)
	at org.springframework.beans.factory.annotation.AutowiredAnnotationBeanPostProcessor$AutowiredFieldElement.inject(AutowiredAnnotationBeanPostProcessor.java:768)
	at org.springframework.beans.factory.annotation.InjectionMetadata.inject(InjectionMetadata.java:146)
	at org.springframework.beans.factory.annotation.AutowiredAnnotationBeanPostProcessor.postProcessProperties(AutowiredAnnotationBeanPostProcessor.java:509)
	at org.springframework.beans.factory.support.AbstractAutowireCapableBeanFactory.populateBean(AbstractAutowireCapableBeanFactory.java:1435)
	at org.springframework.beans.factory.support.AbstractAutowireCapableBeanFactory.doCreateBean(AbstractAutowireCapableBeanFactory.java:600)
	at org.springframework.beans.factory.support.AbstractAutowireCapableBeanFactory.createBean(AbstractAutowireCapableBeanFactory.java:523)
	at org.springframework.beans.factory.support.AbstractBeanFactory.lambda$doGetBean$0(AbstractBeanFactory.java:336)
	at org.springframework.beans.factory.support.DefaultSingletonBeanRegistry.getSingleton(DefaultSingletonBeanRegistry.java:288)
	at org.springframework.beans.factory.support.AbstractBeanFactory.doGetBean(AbstractBeanFactory.java:334)
	at org.springframework.beans.factory.support.AbstractBeanFactory.getBean(AbstractBeanFactory.java:199)
	at org.springframework.beans.factory.config.DependencyDescriptor.resolveCandidate(DependencyDescriptor.java:254)
	at org.springframework.beans.factory.support.DefaultListableBeanFactory.doResolveDependency(DefaultListableBeanFactory.java:1626)
	at org.springframework.beans.factory.support.DefaultListableBeanFactory.resolveDependency(DefaultListableBeanFactory.java:1514)
	at org.springframework.beans.factory.annotation.AutowiredAnnotationBeanPostProcessor$AutowiredFieldElement.resolveFieldValue(AutowiredAnnotationBeanPostProcessor.java:785)
	at org.springframework.beans.factory.annotation.AutowiredAnnotationBeanPostProcessor$AutowiredFieldElement.inject(AutowiredAnnotationBeanPostProcessor.java:768)
	at org.springframework.beans.factory.annotation.InjectionMetadata.inject(InjectionMetadata.java:146)
	at org.springframework.beans.factory.annotation.AutowiredAnnotationBeanPostProcessor.postProcessProperties(AutowiredAnnotationBeanPostProcessor.java:509)
	at org.springframework.beans.factory.support.AbstractAutowireCapableBeanFactory.populateBean(AbstractAutowireCapableBeanFactory.java:1435)
	at org.springframework.beans.factory.support.AbstractAutowireCapableBeanFactory.doCreateBean(AbstractAutowireCapableBeanFactory.java:600)
	at org.springframework.beans.factory.support.AbstractAutowireCapableBeanFactory.createBean(AbstractAutowireCapableBeanFactory.java:523)
	at org.springframework.beans.factory.support.AbstractBeanFactory.lambda$doGetBean$0(AbstractBeanFactory.java:336)
	at org.springframework.beans.factory.support.DefaultSingletonBeanRegistry.getSingleton(DefaultSingletonBeanRegistry.java:288)
	at org.springframework.beans.factory.support.AbstractBeanFactory.doGetBean(AbstractBeanFactory.java:334)
	at org.springframework.beans.factory.support.AbstractBeanFactory.getBean(AbstractBeanFactory.java:199)
	at org.springframework.beans.factory.support.DefaultListableBeanFactory.doResolveDependency(DefaultListableBeanFactory.java:1568)
	at org.springframework.beans.factory.support.DefaultListableBeanFactory.resolveDependency(DefaultListableBeanFactory.java:1514)
	at org.springframework.beans.factory.support.ConstructorResolver.resolveAutowiredArgument(ConstructorResolver.java:913)
	at org.springframework.beans.factory.support.ConstructorResolver.createArgumentArray(ConstructorResolver.java:791)
	at org.springframework.beans.factory.support.ConstructorResolver.autowireConstructor(ConstructorResolver.java:240)
	at org.springframework.beans.factory.support.AbstractAutowireCapableBeanFactory.autowireConstructor(AbstractAutowireCapableBeanFactory.java:1371)
	at org.springframework.beans.factory.support.AbstractAutowireCapableBeanFactory.createBeanInstance(AbstractAutowireCapableBeanFactory.java:1208)
	at org.springframework.beans.factory.support.AbstractAutowireCapableBeanFactory.doCreateBean(AbstractAutowireCapableBeanFactory.java:563)
	at org.springframework.beans.factory.support.AbstractAutowireCapableBeanFactory.createBean(AbstractAutowireCapableBeanFactory.java:523)
	at org.springframework.beans.factory.support.AbstractBeanFactory.lambda$doGetBean$0(AbstractBeanFactory.java:336)
	at org.springframework.beans.factory.support.DefaultSingletonBeanRegistry.getSingleton(DefaultSingletonBeanRegistry.java:288)
	at org.springframework.beans.factory.support.AbstractBeanFactory.doGetBean(AbstractBeanFactory.java:334)
	at org.springframework.beans.factory.support.AbstractBeanFactory.getBean(AbstractBeanFactory.java:199)
	at org.springframework.beans.factory.support.DefaultListableBeanFactory.instantiateSingleton(DefaultListableBeanFactory.java:1122)
	at org.springframework.beans.factory.support.DefaultListableBeanFactory.preInstantiateSingleton(DefaultListableBeanFactory.java:1093)
	at org.springframework.beans.factory.support.DefaultListableBeanFactory.preInstantiateSingletons(DefaultListableBeanFactory.java:1030)
	at org.springframework.context.support.AbstractApplicationContext.finishBeanFactoryInitialization(AbstractApplicationContext.java:987)
	at org.springframework.context.support.AbstractApplicationContext.refresh(AbstractApplicationContext.java:627)
	at org.springframework.boot.SpringApplication.refresh(SpringApplication.java:752)
	at org.springframework.boot.SpringApplication.refreshContext(SpringApplication.java:439)
	at org.springframework.boot.SpringApplication.run(SpringApplication.java:318)
	at org.springframework.boot.SpringApplication.run(SpringApplication.java:1361)
	at org.springframework.boot.SpringApplication.run(SpringApplication.java:1350)
	at ceu.dam.ad.tema3.ejercicios.App.main(App.java:20)
2025-10-22 18:39:18 DEBUG [main] o.s.d.j.repository.query.NamedQuery - Did not find named query Pelicula.findByLongitudLessThan
2025-10-22 18:39:18 DEBUG [main] o.s.o.j.SharedEntityManagerCreator$SharedEntityManagerInvocationHandler - Creating new EntityManager for shared EntityManager invocation
2025-10-22 18:39:18 DEBUG [main] o.hibernate.type.BasicTypeRegistry - Adding type registration boolean -> org.hibernate.type.BasicTypeReference@16da476c
2025-10-22 18:39:18 DEBUG [main] o.hibernate.type.BasicTypeRegistry - Adding type registration boolean -> org.hibernate.type.BasicTypeReference@16da476c
2025-10-22 18:39:18 DEBUG [main] o.hibernate.type.BasicTypeRegistry - Adding type registration java.lang.Boolean -> org.hibernate.type.BasicTypeReference@16da476c
2025-10-22 18:39:18 DEBUG [main] o.hibernate.type.BasicTypeRegistry - Adding type registration numeric_boolean -> org.hibernate.type.BasicTypeReference@2fd72332
2025-10-22 18:39:18 DEBUG [main] o.hibernate.type.BasicTypeRegistry - Adding type registration org.hibernate.type.NumericBooleanConverter -> org.hibernate.type.BasicTypeReference@2fd72332
2025-10-22 18:39:18 DEBUG [main] o.hibernate.type.BasicTypeRegistry - Adding type registration true_false -> org.hibernate.type.BasicTypeReference@51f18e31
2025-10-22 18:39:18 DEBUG [main] o.hibernate.type.BasicTypeRegistry - Adding type registration org.hibernate.type.TrueFalseConverter -> org.hibernate.type.BasicTypeReference@51f18e31
2025-10-22 18:39:18 DEBUG [main] o.hibernate.type.BasicTypeRegistry - Adding type registration yes_no -> org.hibernate.type.BasicTypeReference@60ed12e8
2025-10-22 18:39:18 DEBUG [main] o.hibernate.type.BasicTypeRegistry - Adding type registration org.hibernate.type.YesNoConverter -> org.hibernate.type.BasicTypeReference@60ed12e8
2025-10-22 18:39:18 DEBUG [main] o.hibernate.type.BasicTypeRegistry - Adding type registration byte -> org.hibernate.type.BasicTypeReference@24c8d8be
2025-10-22 18:39:18 DEBUG [main] o.hibernate.type.BasicTypeRegistry - Adding type registration byte -> org.hibernate.type.BasicTypeReference@24c8d8be
2025-10-22 18:39:18 DEBUG [main] o.hibernate.type.BasicTypeRegistry - Adding type registration java.lang.Byte -> org.hibernate.type.BasicTypeReference@24c8d8be
2025-10-22 18:39:18 DEBUG [main] o.hibernate.type.BasicTypeRegistry - Adding type registration binary -> org.hibernate.type.BasicTypeReference@3290b1a6
2025-10-22 18:39:18 DEBUG [main] o.hibernate.type.BasicTypeRegistry - Adding type registration byte[] -> org.hibernate.type.BasicTypeReference@3290b1a6
2025-10-22 18:39:18 DEBUG [main] o.hibernate.type.BasicTypeRegistry - Adding type registration [B -> org.hibernate.type.BasicTypeReference@3290b1a6
2025-10-22 18:39:18 DEBUG [main] o.hibernate.type.BasicTypeRegistry - Adding type registration binary_wrapper -> org.hibernate.type.BasicTypeReference@6fcd31c3
2025-10-22 18:39:18 DEBUG [main] o.hibernate.type.BasicTypeRegistry - Adding type registration wrapper-binary -> org.hibernate.type.BasicTypeReference@6fcd31c3
2025-10-22 18:39:18 DEBUG [main] o.hibernate.type.BasicTypeRegistry - Adding type registration image -> org.hibernate.type.BasicTypeReference@67bf0480
2025-10-22 18:39:18 DEBUG [main] o.hibernate.type.BasicTypeRegistry - Adding type registration blob -> org.hibernate.type.BasicTypeReference@5503de1
2025-10-22 18:39:18 DEBUG [main] o.hibernate.type.BasicTypeRegistry - Adding type registration java.sql.Blob -> org.hibernate.type.BasicTypeReference@5503de1
2025-10-22 18:39:18 DEBUG [main] o.hibernate.type.BasicTypeRegistry - Adding type registration materialized_blob -> org.hibernate.type.BasicTypeReference@32faa16c
2025-10-22 18:39:18 DEBUG [main] o.hibernate.type.BasicTypeRegistry - Adding type registration materialized_blob_wrapper -> org.hibernate.type.BasicTypeReference@343fddd9
2025-10-22 18:39:18 DEBUG [main] o.hibernate.type.BasicTypeRegistry - Adding type registration short -> org.hibernate.type.BasicTypeReference@2bbb44da
2025-10-22 18:39:18 DEBUG [main] o.hibernate.type.BasicTypeRegistry - Adding type registration short -> org.hibernate.type.BasicTypeReference@2bbb44da
2025-10-22 18:39:18 DEBUG [main] o.hibernate.type.BasicTypeRegistry - Adding type registration java.lang.Short -> org.hibernate.type.BasicTypeReference@2bbb44da
2025-10-22 18:39:18 DEBUG [main] o.hibernate.type.BasicTypeRegistry - Adding type registration integer -> org.hibernate.type.BasicTypeReference@2f80cb79
2025-10-22 18:39:18 DEBUG [main] o.hibernate.type.BasicTypeRegistry - Adding type registration int -> org.hibernate.type.BasicTypeReference@2f80cb79
2025-10-22 18:39:18 DEBUG [main] o.hibernate.type.BasicTypeRegistry - Adding type registration java.lang.Integer -> org.hibernate.type.BasicTypeReference@2f80cb79
2025-10-22 18:39:18 DEBUG [main] o.hibernate.type.BasicTypeRegistry - Adding type registration long -> org.hibernate.type.BasicTypeReference@4816ee24
2025-10-22 18:39:18 DEBUG [main] o.hibernate.type.BasicTypeRegistry - Adding type registration long -> org.hibernate.type.BasicTypeReference@4816ee24
2025-10-22 18:39:18 DEBUG [main] o.hibernate.type.BasicTypeRegistry - Adding type registration java.lang.Long -> org.hibernate.type.BasicTypeReference@4816ee24
2025-10-22 18:39:18 DEBUG [main] o.hibernate.type.BasicTypeRegistry - Adding type registration float -> org.hibernate.type.BasicTypeReference@20d33ea
2025-10-22 18:39:18 DEBUG [main] o.hibernate.type.BasicTypeRegistry - Adding type registration float -> org.hibernate.type.BasicTypeReference@20d33ea
2025-10-22 18:39:18 DEBUG [main] o.hibernate.type.BasicTypeRegistry - Adding type registration java.lang.Float -> org.hibernate.type.BasicTypeReference@20d33ea
2025-10-22 18:39:18 DEBUG [main] o.hibernate.type.BasicTypeRegistry - Adding type registration double -> org.hibernate.type.BasicTypeReference@73613ae5
2025-10-22 18:39:18 DEBUG [main] o.hibernate.type.BasicTypeRegistry - Adding type registration double -> org.hibernate.type.BasicTypeReference@73613ae5
2025-10-22 18:39:18 DEBUG [main] o.hibernate.type.BasicTypeRegistry - Adding type registration java.lang.Double -> org.hibernate.type.BasicTypeReference@73613ae5
2025-10-22 18:39:18 DEBUG [main] o.hibernate.type.BasicTypeRegistry - Adding type registration big_integer -> org.hibernate.type.BasicTypeReference@5a13fcf3
2025-10-22 18:39:18 DEBUG [main] o.hibernate.type.BasicTypeRegistry - Adding type registration java.math.BigInteger -> org.hibernate.type.BasicTypeReference@5a13fcf3
2025-10-22 18:39:18 DEBUG [main] o.hibernate.type.BasicTypeRegistry - Adding type registration big_decimal -> org.hibernate.type.BasicTypeReference@250b5e5b
2025-10-22 18:39:18 DEBUG [main] o.hibernate.type.BasicTypeRegistry - Adding type registration java.math.BigDecimal -> org.hibernate.type.BasicTypeReference@250b5e5b
2025-10-22 18:39:18 DEBUG [main] o.hibernate.type.BasicTypeRegistry - Adding type registration character -> org.hibernate.type.BasicTypeReference@4ef2ab73
2025-10-22 18:39:18 DEBUG [main] o.hibernate.type.BasicTypeRegistry - Adding type registration char -> org.hibernate.type.BasicTypeReference@4ef2ab73
2025-10-22 18:39:18 DEBUG [main] o.hibernate.type.BasicTypeRegistry - Adding type registration java.lang.Character -> org.hibernate.type.BasicTypeReference@4ef2ab73
2025-10-22 18:39:18 DEBUG [main] o.hibernate.type.BasicTypeRegistry - Adding type registration character_nchar -> org.hibernate.type.BasicTypeReference@34be065a
2025-10-22 18:39:18 DEBUG [main] o.hibernate.type.BasicTypeRegistry - Adding type registration string -> org.hibernate.type.BasicTypeReference@718f805a
2025-10-22 18:39:18 DEBUG [main] o.hibernate.type.BasicTypeRegistry - Adding type registration java.lang.String -> org.hibernate.type.BasicTypeReference@718f805a
2025-10-22 18:39:18 DEBUG [main] o.hibernate.type.BasicTypeRegistry - Adding type registration nstring -> org.hibernate.type.BasicTypeReference@e09f1b6
2025-10-22 18:39:18 DEBUG [main] o.hibernate.type.BasicTypeRegistry - Adding type registration characters -> org.hibernate.type.BasicTypeReference@557b6a37
2025-10-22 18:39:18 DEBUG [main] o.hibernate.type.BasicTypeRegistry - Adding type registration char[] -> org.hibernate.type.BasicTypeReference@557b6a37
2025-10-22 18:39:18 DEBUG [main] o.hibernate.type.BasicTypeRegistry - Adding type registration [C -> org.hibernate.type.BasicTypeReference@557b6a37
2025-10-22 18:39:18 DEBUG [main] o.hibernate.type.BasicTypeRegistry - Adding type registration wrapper-characters -> org.hibernate.type.BasicTypeReference@11b32a14
2025-10-22 18:39:18 DEBUG [main] o.hibernate.type.BasicTypeRegistry - Adding type registration text -> org.hibernate.type.BasicTypeReference@1c33e528
2025-10-22 18:39:18 DEBUG [main] o.hibernate.type.BasicTypeRegistry - Adding type registration ntext -> org.hibernate.type.BasicTypeReference@5df63359
2025-10-22 18:39:18 DEBUG [main] o.hibernate.type.BasicTypeRegistry - Adding type registration clob -> org.hibernate.type.BasicTypeReference@53d2d002
2025-10-22 18:39:18 DEBUG [main] o.hibernate.type.BasicTypeRegistry - Adding type registration java.sql.Clob -> org.hibernate.type.BasicTypeReference@53d2d002
2025-10-22 18:39:18 DEBUG [main] o.hibernate.type.BasicTypeRegistry - Adding type registration nclob -> org.hibernate.type.BasicTypeReference@5b39a3e6
2025-10-22 18:39:18 DEBUG [main] o.hibernate.type.BasicTypeRegistry - Adding type registration java.sql.NClob -> org.hibernate.type.BasicTypeReference@5b39a3e6
2025-10-22 18:39:18 DEBUG [main] o.hibernate.type.BasicTypeRegistry - Adding type registration materialized_clob -> org.hibernate.type.BasicTypeReference@5820070c
2025-10-22 18:39:18 DEBUG [main] o.hibernate.type.BasicTypeRegistry - Adding type registration materialized_clob_char_array -> org.hibernate.type.BasicTypeReference@34208baa
2025-10-22 18:39:18 DEBUG [main] o.hibernate.type.BasicTypeRegistry - Adding type registration materialized_clob_character_array -> org.hibernate.type.BasicTypeReference@71370fec
2025-10-22 18:39:18 DEBUG [main] o.hibernate.type.BasicTypeRegistry - Adding type registration materialized_nclob -> org.hibernate.type.BasicTypeReference@6707a4bf
2025-10-22 18:39:18 DEBUG [main] o.hibernate.type.BasicTypeRegistry - Adding type registration materialized_nclob_character_array -> org.hibernate.type.BasicTypeReference@3fc7c734
2025-10-22 18:39:18 DEBUG [main] o.hibernate.type.BasicTypeRegistry - Adding type registration materialized_nclob_char_array -> org.hibernate.type.BasicTypeReference@f0a66bd
2025-10-22 18:39:18 DEBUG [main] o.hibernate.type.BasicTypeRegistry - Adding type registration Duration -> org.hibernate.type.BasicTypeReference@460b50df
2025-10-22 18:39:18 DEBUG [main] o.hibernate.type.BasicTypeRegistry - Adding type registration java.time.Duration -> org.hibernate.type.BasicTypeReference@460b50df
2025-10-22 18:39:18 DEBUG [main] o.hibernate.type.BasicTypeRegistry - Adding type registration LocalDateTime -> org.hibernate.type.BasicTypeReference@1cf336fd
2025-10-22 18:39:18 DEBUG [main] o.hibernate.type.BasicTypeRegistry - Adding type registration java.time.LocalDateTime -> org.hibernate.type.BasicTypeReference@1cf336fd
2025-10-22 18:39:18 DEBUG [main] o.hibernate.type.BasicTypeRegistry - Adding type registration LocalDate -> org.hibernate.type.BasicTypeReference@1d0cac30
2025-10-22 18:39:18 DEBUG [main] o.hibernate.type.BasicTypeRegistry - Adding type registration java.time.LocalDate -> org.hibernate.type.BasicTypeReference@1d0cac30
2025-10-22 18:39:18 DEBUG [main] o.hibernate.type.BasicTypeRegistry - Adding type registration LocalTime -> org.hibernate.type.BasicTypeReference@41ef1ea2
2025-10-22 18:39:18 DEBUG [main] o.hibernate.type.BasicTypeRegistry - Adding type registration java.time.LocalTime -> org.hibernate.type.BasicTypeReference@41ef1ea2
2025-10-22 18:39:18 DEBUG [main] o.hibernate.type.BasicTypeRegistry - Adding type registration OffsetDateTime -> org.hibernate.type.BasicTypeReference@5dfe23e8
2025-10-22 18:39:18 DEBUG [main] o.hibernate.type.BasicTypeRegistry - Adding type registration java.time.OffsetDateTime -> org.hibernate.type.BasicTypeReference@5dfe23e8
2025-10-22 18:39:18 DEBUG [main] o.hibernate.type.BasicTypeRegistry - Adding type registration OffsetDateTimeWithTimezone -> org.hibernate.type.BasicTypeReference@583fb274
2025-10-22 18:39:18 DEBUG [main] o.hibernate.type.BasicTypeRegistry - Adding type registration OffsetDateTimeWithoutTimezone -> org.hibernate.type.BasicTypeReference@202ae86f
2025-10-22 18:39:18 DEBUG [main] o.hibernate.type.BasicTypeRegistry - Adding type registration OffsetTime -> org.hibernate.type.BasicTypeReference@1989e8c6
2025-10-22 18:39:18 DEBUG [main] o.hibernate.type.BasicTypeRegistry - Adding type registration java.time.OffsetTime -> org.hibernate.type.BasicTypeReference@1989e8c6
2025-10-22 18:39:18 DEBUG [main] o.hibernate.type.BasicTypeRegistry - Adding type registration OffsetTimeUtc -> org.hibernate.type.BasicTypeReference@35c4697c
2025-10-22 18:39:18 DEBUG [main] o.hibernate.type.BasicTypeRegistry - Adding type registration OffsetTimeWithTimezone -> org.hibernate.type.BasicTypeReference@104dc1a2
2025-10-22 18:39:18 DEBUG [main] o.hibernate.type.BasicTypeRegistry - Adding type registration OffsetTimeWithoutTimezone -> org.hibernate.type.BasicTypeReference@67d32a54
2025-10-22 18:39:18 DEBUG [main] o.hibernate.type.BasicTypeRegistry - Adding type registration ZonedDateTime -> org.hibernate.type.BasicTypeReference@314a31b0
2025-10-22 18:39:18 DEBUG [main] o.hibernate.type.BasicTypeRegistry - Adding type registration java.time.ZonedDateTime -> org.hibernate.type.BasicTypeReference@314a31b0
2025-10-22 18:39:18 DEBUG [main] o.hibernate.type.BasicTypeRegistry - Adding type registration ZonedDateTimeWithTimezone -> org.hibernate.type.BasicTypeReference@2753316c
2025-10-22 18:39:18 DEBUG [main] o.hibernate.type.BasicTypeRegistry - Adding type registration ZonedDateTimeWithoutTimezone -> org.hibernate.type.BasicTypeReference@59edb4f5
2025-10-22 18:39:18 DEBUG [main] o.hibernate.type.BasicTypeRegistry - Adding type registration date -> org.hibernate.type.BasicTypeReference@2792b416
2025-10-22 18:39:18 DEBUG [main] o.hibernate.type.BasicTypeRegistry - Adding type registration java.sql.Date -> org.hibernate.type.BasicTypeReference@2792b416
2025-10-22 18:39:18 DEBUG [main] o.hibernate.type.BasicTypeRegistry - Adding type registration time -> org.hibernate.type.BasicTypeReference@4735d6e5
2025-10-22 18:39:18 DEBUG [main] o.hibernate.type.BasicTypeRegistry - Adding type registration java.sql.Time -> org.hibernate.type.BasicTypeReference@4735d6e5
2025-10-22 18:39:18 DEBUG [main] o.hibernate.type.BasicTypeRegistry - Adding type registration timestamp -> org.hibernate.type.BasicTypeReference@79d3473e
2025-10-22 18:39:18 DEBUG [main] o.hibernate.type.BasicTypeRegistry - Adding type registration java.sql.Timestamp -> org.hibernate.type.BasicTypeReference@79d3473e
2025-10-22 18:39:18 DEBUG [main] o.hibernate.type.BasicTypeRegistry - Adding type registration java.util.Date -> org.hibernate.type.BasicTypeReference@79d3473e
2025-10-22 18:39:18 DEBUG [main] o.hibernate.type.BasicTypeRegistry - Adding type registration calendar -> org.hibernate.type.BasicTypeReference@4dad0eed
2025-10-22 18:39:18 DEBUG [main] o.hibernate.type.BasicTypeRegistry - Adding type registration java.util.Calendar -> org.hibernate.type.BasicTypeReference@4dad0eed
2025-10-22 18:39:18 DEBUG [main] o.hibernate.type.BasicTypeRegistry - Adding type registration java.util.GregorianCalendar -> org.hibernate.type.BasicTypeReference@4dad0eed
2025-10-22 18:39:18 DEBUG [main] o.hibernate.type.BasicTypeRegistry - Adding type registration calendar_date -> org.hibernate.type.BasicTypeReference@7fad214a
2025-10-22 18:39:18 DEBUG [main] o.hibernate.type.BasicTypeRegistry - Adding type registration calendar_time -> org.hibernate.type.BasicTypeReference@164642a4
2025-10-22 18:39:18 DEBUG [main] o.hibernate.type.BasicTypeRegistry - Adding type registration instant -> org.hibernate.type.BasicTypeReference@75cf0de5
2025-10-22 18:39:18 DEBUG [main] o.hibernate.type.BasicTypeRegistry - Adding type registration java.time.Instant -> org.hibernate.type.BasicTypeReference@75cf0de5
2025-10-22 18:39:18 DEBUG [main] o.hibernate.type.BasicTypeRegistry - Adding type registration uuid -> org.hibernate.type.BasicTypeReference@50b0afd7
2025-10-22 18:39:18 DEBUG [main] o.hibernate.type.BasicTypeRegistry - Adding type registration java.util.UUID -> org.hibernate.type.BasicTypeReference@50b0afd7
2025-10-22 18:39:18 DEBUG [main] o.hibernate.type.BasicTypeRegistry - Adding type registration pg-uuid -> org.hibernate.type.BasicTypeReference@50b0afd7
2025-10-22 18:39:18 DEBUG [main] o.hibernate.type.BasicTypeRegistry - Adding type registration uuid-binary -> org.hibernate.type.BasicTypeReference@468173fa
2025-10-22 18:39:18 DEBUG [main] o.hibernate.type.BasicTypeRegistry - Adding type registration uuid-char -> org.hibernate.type.BasicTypeReference@62765aec
2025-10-22 18:39:18 DEBUG [main] o.hibernate.type.BasicTypeRegistry - Adding type registration class -> org.hibernate.type.BasicTypeReference@6f5bd362
2025-10-22 18:39:18 DEBUG [main] o.hibernate.type.BasicTypeRegistry - Adding type registration java.lang.Class -> org.hibernate.type.BasicTypeReference@6f5bd362
2025-10-22 18:39:18 DEBUG [main] o.hibernate.type.BasicTypeRegistry - Adding type registration currency -> org.hibernate.type.BasicTypeReference@3a401749
2025-10-22 18:39:18 DEBUG [main] o.hibernate.type.BasicTypeRegistry - Adding type registration Currency -> org.hibernate.type.BasicTypeReference@3a401749
2025-10-22 18:39:18 DEBUG [main] o.hibernate.type.BasicTypeRegistry - Adding type registration java.util.Currency -> org.hibernate.type.BasicTypeReference@3a401749
2025-10-22 18:39:18 DEBUG [main] o.hibernate.type.BasicTypeRegistry - Adding type registration locale -> org.hibernate.type.BasicTypeReference@27e2287c
2025-10-22 18:39:18 DEBUG [main] o.hibernate.type.BasicTypeRegistry - Adding type registration java.util.Locale -> org.hibernate.type.BasicTypeReference@27e2287c
2025-10-22 18:39:18 DEBUG [main] o.hibernate.type.BasicTypeRegistry - Adding type registration serializable -> org.hibernate.type.BasicTypeReference@16132f21
2025-10-22 18:39:18 DEBUG [main] o.hibernate.type.BasicTypeRegistry - Adding type registration java.io.Serializable -> org.hibernate.type.BasicTypeReference@16132f21
2025-10-22 18:39:18 DEBUG [main] o.hibernate.type.BasicTypeRegistry - Adding type registration timezone -> org.hibernate.type.BasicTypeReference@2cd388f5
2025-10-22 18:39:18 DEBUG [main] o.hibernate.type.BasicTypeRegistry - Adding type registration java.util.TimeZone -> org.hibernate.type.BasicTypeReference@2cd388f5
2025-10-22 18:39:18 DEBUG [main] o.hibernate.type.BasicTypeRegistry - Adding type registration ZoneOffset -> org.hibernate.type.BasicTypeReference@4640195a
2025-10-22 18:39:18 DEBUG [main] o.hibernate.type.BasicTypeRegistry - Adding type registration java.time.ZoneOffset -> org.hibernate.type.BasicTypeReference@4640195a
2025-10-22 18:39:18 DEBUG [main] o.hibernate.type.BasicTypeRegistry - Adding type registration url -> org.hibernate.type.BasicTypeReference@70d77826
2025-10-22 18:39:18 DEBUG [main] o.hibernate.type.BasicTypeRegistry - Adding type registration java.net.URL -> org.hibernate.type.BasicTypeReference@70d77826
2025-10-22 18:39:18 DEBUG [main] o.hibernate.type.BasicTypeRegistry - Adding type registration vector -> org.hibernate.type.BasicTypeReference@7f323b3a
2025-10-22 18:39:18 DEBUG [main] o.hibernate.type.BasicTypeRegistry - Adding type registration float_vector -> org.hibernate.type.BasicTypeReference@4f169009
2025-10-22 18:39:18 DEBUG [main] o.hibernate.type.BasicTypeRegistry - Adding type registration double_vector -> org.hibernate.type.BasicTypeReference@9dada78
2025-10-22 18:39:18 DEBUG [main] o.hibernate.type.BasicTypeRegistry - Adding type registration byte_vector -> org.hibernate.type.BasicTypeReference@4207852d
2025-10-22 18:39:18 DEBUG [main] o.hibernate.type.BasicTypeRegistry - Adding type registration row_version -> org.hibernate.type.BasicTypeReference@2c829dbc
2025-10-22 18:39:18 DEBUG [main] o.hibernate.type.BasicTypeRegistry - Adding type registration object -> org.hibernate.type.JavaObjectType@4099209b
2025-10-22 18:39:18 DEBUG [main] o.hibernate.type.BasicTypeRegistry - Adding type registration java.lang.Object -> org.hibernate.type.JavaObjectType@4099209b
2025-10-22 18:39:18 DEBUG [main] o.hibernate.type.BasicTypeRegistry - Adding type registration null -> org.hibernate.type.NullType@259b85d6
2025-10-22 18:39:18 DEBUG [main] o.hibernate.type.BasicTypeRegistry - Adding type registration imm_date -> org.hibernate.type.BasicTypeReference@48eaf42f
2025-10-22 18:39:18 DEBUG [main] o.hibernate.type.BasicTypeRegistry - Adding type registration imm_time -> org.hibernate.type.BasicTypeReference@488f3dd1
2025-10-22 18:39:18 DEBUG [main] o.hibernate.type.BasicTypeRegistry - Adding type registration imm_timestamp -> org.hibernate.type.BasicTypeReference@2091833
2025-10-22 18:39:18 DEBUG [main] o.hibernate.type.BasicTypeRegistry - Adding type registration imm_calendar -> org.hibernate.type.BasicTypeReference@7bc58891
2025-10-22 18:39:18 DEBUG [main] o.hibernate.type.BasicTypeRegistry - Adding type registration imm_calendar_date -> org.hibernate.type.BasicTypeReference@6411504a
2025-10-22 18:39:18 DEBUG [main] o.hibernate.type.BasicTypeRegistry - Adding type registration imm_calendar_time -> org.hibernate.type.BasicTypeReference@554188ac
2025-10-22 18:39:18 DEBUG [main] o.hibernate.type.BasicTypeRegistry - Adding type registration imm_binary -> org.hibernate.type.BasicTypeReference@1f43cab7
2025-10-22 18:39:18 DEBUG [main] o.hibernate.type.BasicTypeRegistry - Adding type registration imm_serializable -> org.hibernate.type.BasicTypeReference@481558ce
2025-10-22 18:39:18 DEBUG [HikariPool-1 connection adder] com.zaxxer.hikari.pool.HikariPool - HikariPool-1 - After adding stats (total=4, active=0, idle=4, waiting=0)
2025-10-22 18:39:18 DEBUG [main] o.h.b.internal.BootstrapContextImpl - Injecting JPA temp ClassLoader [org.springframework.instrument.classloading.SimpleThrowawayClassLoader@19bedeb8] into BootstrapContext; was [null]
2025-10-22 18:39:18 DEBUG [main] o.h.b.internal.ClassLoaderAccessImpl - ClassLoaderAccessImpl#injectTempClassLoader(org.springframework.instrument.classloading.SimpleThrowawayClassLoader@19bedeb8) [was null]
2025-10-22 18:39:18 DEBUG [main] o.h.b.internal.BootstrapContextImpl - Injecting ScanEnvironment [org.hibernate.jpa.boot.internal.StandardJpaScanEnvironmentImpl@29fe4840] into BootstrapContext; was [null]
2025-10-22 18:39:18 DEBUG [main] o.h.b.internal.BootstrapContextImpl - Injecting ScanOptions [org.hibernate.boot.archive.scan.internal.StandardScanOptions@7f287b98] into BootstrapContext; was [org.hibernate.boot.archive.scan.internal.StandardScanOptions@4684240f]
2025-10-22 18:39:18 DEBUG [HikariPool-1 connection adder] com.zaxxer.hikari.pool.HikariPool - HikariPool-1 - Added connection org.mariadb.jdbc.Connection@62921c98
2025-10-22 18:39:18 DEBUG [main] o.s.d.r.c.s.RepositoryFactorySupport - Finished creation of repository instance for ceu.dam.ad.tema3.ejercicios.ejercicio01.repository.PeliculaRepository.
2025-10-22 18:39:18 DEBUG [main] o.s.b.f.s.DefaultListableBeanFactory - Autowiring by type from bean name 'app' via constructor to bean named 'testEj1'
2025-10-22 18:39:18 DEBUG [main] o.s.b.f.s.DefaultListableBeanFactory - Creating shared instance of singleton bean 'org.springframework.boot.autoconfigure.context.PropertyPlaceholderAutoConfiguration'
2025-10-22 18:39:18 DEBUG [main] o.s.b.f.s.DefaultListableBeanFactory - Creating shared instance of singleton bean 'org.springframework.boot.autoconfigure.jmx.JmxAutoConfiguration'
2025-10-22 18:39:18 DEBUG [main] o.s.b.f.s.DefaultListableBeanFactory - Creating shared instance of singleton bean 'spring.jmx-org.springframework.boot.autoconfigure.jmx.JmxProperties'
2025-10-22 18:39:18 DEBUG [main] o.s.b.f.s.DefaultListableBeanFactory - Autowiring by type from bean name 'org.springframework.boot.autoconfigure.jmx.JmxAutoConfiguration' via constructor to bean named 'spring.jmx-org.springframework.boot.autoconfigure.jmx.JmxProperties'
2025-10-22 18:39:18 DEBUG [main] o.s.b.f.s.DefaultListableBeanFactory - Creating shared instance of singleton bean 'mbeanExporter'
2025-10-22 18:39:18 DEBUG [main] o.s.b.f.s.DefaultListableBeanFactory - Creating shared instance of singleton bean 'objectNamingStrategy'
2025-10-22 18:39:18 DEBUG [main] o.s.b.f.s.DefaultListableBeanFactory - Autowiring by type from bean name 'mbeanExporter' via factory method to bean named 'objectNamingStrategy'
2025-10-22 18:39:18 DEBUG [main] o.s.b.f.s.DefaultListableBeanFactory - Autowiring by type from bean name 'mbeanExporter' via factory method to bean named 'org.springframework.beans.factory.support.DefaultListableBeanFactory@327120c8'
2025-10-22 18:39:18 DEBUG [HikariPool-1 connection adder] com.zaxxer.hikari.pool.HikariPool - HikariPool-1 - After adding stats (total=5, active=0, idle=5, waiting=0)
2025-10-22 18:39:18 DEBUG [main] o.s.b.f.s.DefaultListableBeanFactory - Creating shared instance of singleton bean 'mbeanServer'
2025-10-22 18:39:18 DEBUG [main] o.s.jmx.support.JmxUtils - Found MBeanServer: com.sun.jmx.mbeanserver.JmxMBeanServer@277c0f21
2025-10-22 18:39:18 DEBUG [HikariPool-1 connection adder] com.zaxxer.hikari.pool.HikariPool - HikariPool-1 - Added connection org.mariadb.jdbc.Connection@6e373ce1
2025-10-22 18:39:18 DEBUG [main] o.s.b.f.s.DefaultListableBeanFactory - Creating shared instance of singleton bean 'org.springframework.boot.context.properties.EnableConfigurationPropertiesRegistrar.methodValidationExcludeFilter'
2025-10-22 18:39:18 DEBUG [main] o.s.b.f.s.DefaultListableBeanFactory - Creating shared instance of singleton bean 'org.springframework.boot.autoconfigure.admin.SpringApplicationAdminJmxAutoConfiguration'
2025-10-22 18:39:18 DEBUG [main] o.s.b.f.s.DefaultListableBeanFactory - Creating shared instance of singleton bean 'springApplicationAdminRegistrar'
2025-10-22 18:39:18 DEBUG [main] o.s.b.f.s.DefaultListableBeanFactory - Autowiring by type from bean name 'springApplicationAdminRegistrar' via factory method to bean named 'environment'
2025-10-22 18:39:18 DEBUG [main] o.s.b.a.SpringApplicationAdminMXBeanRegistrar$SpringApplicationAdmin - Application Admin MBean registered with name 'org.springframework.boot:type=Admin,name=SpringApplication'
2025-10-22 18:39:18 DEBUG [main] o.s.b.f.s.DefaultListableBeanFactory - Creating shared instance of singleton bean 'org.springframework.boot.autoconfigure.aop.AopAutoConfiguration$AspectJAutoProxyingConfiguration$CglibAutoProxyConfiguration'
2025-10-22 18:39:18 DEBUG [main] o.s.b.f.s.DefaultListableBeanFactory - Creating shared instance of singleton bean 'org.springframework.boot.autoconfigure.aop.AopAutoConfiguration$AspectJAutoProxyingConfiguration'
2025-10-22 18:39:18 DEBUG [main] o.s.b.f.s.DefaultListableBeanFactory - Creating shared instance of singleton bean 'org.springframework.boot.autoconfigure.aop.AopAutoConfiguration'
2025-10-22 18:39:18 DEBUG [main] o.s.b.f.s.DefaultListableBeanFactory - Creating shared instance of singleton bean 'org.springframework.boot.autoconfigure.availability.ApplicationAvailabilityAutoConfiguration'
2025-10-22 18:39:18 DEBUG [main] o.s.b.f.s.DefaultListableBeanFactory - Creating shared instance of singleton bean 'applicationAvailability'
2025-10-22 18:39:18 DEBUG [main] o.s.b.f.s.DefaultListableBeanFactory - Creating shared instance of singleton bean 'org.springframework.boot.autoconfigure.transaction.jta.JtaAutoConfiguration'
2025-10-22 18:39:18 DEBUG [main] o.s.b.f.s.DefaultListableBeanFactory - Creating shared instance of singleton bean 'org.springframework.boot.autoconfigure.jdbc.DataSourceJmxConfiguration$Hikari'
2025-10-22 18:39:18 DEBUG [main] o.s.b.f.s.DefaultListableBeanFactory - Autowiring by type from bean name 'org.springframework.boot.autoconfigure.jdbc.DataSourceJmxConfiguration$Hikari' via constructor to bean named 'dataSource'
2025-10-22 18:39:18 DEBUG [main] o.s.b.f.s.DefaultListableBeanFactory - Creating shared instance of singleton bean 'org.springframework.boot.autoconfigure.jdbc.DataSourceJmxConfiguration'
2025-10-22 18:39:18 DEBUG [main] o.s.b.f.s.DefaultListableBeanFactory - Creating shared instance of singleton bean 'org.springframework.boot.autoconfigure.jdbc.metadata.DataSourcePoolMetadataProvidersConfiguration'
2025-10-22 18:39:18 DEBUG [main] o.s.b.f.s.DefaultListableBeanFactory - Creating shared instance of singleton bean 'org.springframework.boot.autoconfigure.jdbc.DataSourceAutoConfiguration'
2025-10-22 18:39:18 DEBUG [main] o.s.b.f.s.DefaultListableBeanFactory - Creating shared instance of singleton bean 'org.springframework.boot.autoconfigure.transaction.TransactionManagerCustomizationAutoConfiguration'
2025-10-22 18:39:18 DEBUG [main] o.s.b.f.s.DefaultListableBeanFactory - Creating shared instance of singleton bean 'platformTransactionManagerCustomizers'
2025-10-22 18:39:18 DEBUG [main] o.s.b.f.s.DefaultListableBeanFactory - Creating shared instance of singleton bean 'transactionExecutionListeners'
2025-10-22 18:39:18 DEBUG [main] o.s.b.f.s.DefaultListableBeanFactory - Creating shared instance of singleton bean 'spring.transaction-org.springframework.boot.autoconfigure.transaction.TransactionProperties'
2025-10-22 18:39:18 DEBUG [main] o.s.b.f.s.DefaultListableBeanFactory - Creating shared instance of singleton bean 'org.springframework.boot.autoconfigure.orm.jpa.JpaBaseConfiguration$PersistenceManagedTypesConfiguration'
2025-10-22 18:39:18 DEBUG [main] o.s.b.f.s.DefaultListableBeanFactory - Creating shared instance of singleton bean 'transactionManager'
2025-10-22 18:39:18 DEBUG [main] o.s.b.f.s.DefaultListableBeanFactory - Creating shared instance of singleton bean 'org.springframework.boot.autoconfigure.orm.jpa.HibernateJpaAutoConfiguration'
2025-10-22 18:39:18 DEBUG [main] o.s.b.f.s.DefaultListableBeanFactory - Creating shared instance of singleton bean 'org.springframework.boot.autoconfigure.context.ConfigurationPropertiesAutoConfiguration'
2025-10-22 18:39:18 DEBUG [main] o.s.b.f.s.DefaultListableBeanFactory - Creating shared instance of singleton bean 'org.springframework.boot.autoconfigure.context.LifecycleAutoConfiguration'
2025-10-22 18:39:18 DEBUG [main] o.s.b.f.s.DefaultListableBeanFactory - Creating shared instance of singleton bean 'lifecycleProcessor'
2025-10-22 18:39:18 DEBUG [main] o.s.b.f.s.DefaultListableBeanFactory - Creating shared instance of singleton bean 'spring.lifecycle-org.springframework.boot.autoconfigure.context.LifecycleProperties'
2025-10-22 18:39:18 DEBUG [main] o.s.b.f.s.DefaultListableBeanFactory - Autowiring by type from bean name 'lifecycleProcessor' via factory method to bean named 'spring.lifecycle-org.springframework.boot.autoconfigure.context.LifecycleProperties'
2025-10-22 18:39:18 DEBUG [main] o.s.b.f.s.DefaultListableBeanFactory - Creating shared instance of singleton bean 'org.springframework.boot.autoconfigure.dao.PersistenceExceptionTranslationAutoConfiguration'
2025-10-22 18:39:18 DEBUG [main] o.s.b.f.s.DefaultListableBeanFactory - Creating shared instance of singleton bean 'org.springframework.boot.autoconfigure.task.TaskExecutorConfigurations$ThreadPoolTaskExecutorBuilderConfiguration'
2025-10-22 18:39:18 DEBUG [main] o.s.b.f.s.DefaultListableBeanFactory - Creating shared instance of singleton bean 'threadPoolTaskExecutorBuilder'
2025-10-22 18:39:18 DEBUG [main] o.s.b.f.s.DefaultListableBeanFactory - Creating shared instance of singleton bean 'spring.task.execution-org.springframework.boot.autoconfigure.task.TaskExecutionProperties'
2025-10-22 18:39:18 DEBUG [main] o.s.b.f.s.DefaultListableBeanFactory - Autowiring by type from bean name 'threadPoolTaskExecutorBuilder' via factory method to bean named 'spring.task.execution-org.springframework.boot.autoconfigure.task.TaskExecutionProperties'
2025-10-22 18:39:18 DEBUG [main] o.s.b.f.s.DefaultListableBeanFactory - Creating shared instance of singleton bean 'org.springframework.boot.autoconfigure.task.TaskExecutorConfigurations$SimpleAsyncTaskExecutorBuilderConfiguration'
2025-10-22 18:39:18 DEBUG [main] o.s.b.f.s.DefaultListableBeanFactory - Autowiring by type from bean name 'org.springframework.boot.autoconfigure.task.TaskExecutorConfigurations$SimpleAsyncTaskExecutorBuilderConfiguration' via constructor to bean named 'spring.task.execution-org.springframework.boot.autoconfigure.task.TaskExecutionProperties'
2025-10-22 18:39:18 DEBUG [main] o.s.b.f.s.DefaultListableBeanFactory - Creating shared instance of singleton bean 'simpleAsyncTaskExecutorBuilder'
2025-10-22 18:39:18 DEBUG [main] o.s.b.f.s.DefaultListableBeanFactory - Creating shared instance of singleton bean 'org.springframework.boot.autoconfigure.task.TaskExecutorConfigurations$TaskExecutorConfiguration'
2025-10-22 18:39:18 DEBUG [main] o.s.b.f.s.DefaultListableBeanFactory - Creating shared instance of singleton bean 'org.springframework.boot.autoconfigure.task.TaskExecutionAutoConfiguration'
2025-10-22 18:39:18 DEBUG [main] o.s.b.f.s.DefaultListableBeanFactory - Creating shared instance of singleton bean 'org.springframework.boot.autoconfigure.data.jpa.JpaRepositoriesAutoConfiguration'
2025-10-22 18:39:18 DEBUG [main] o.s.b.f.s.DefaultListableBeanFactory - Creating shared instance of singleton bean 'org.springframework.data.jpa.util.JpaMetamodelCacheCleanup'
2025-10-22 18:39:18 DEBUG [main] o.s.b.f.s.DefaultListableBeanFactory - Creating shared instance of singleton bean 'org.springframework.data.jpa.repository.support.JpaEvaluationContextExtension'
2025-10-22 18:39:18 DEBUG [main] o.s.b.f.s.DefaultListableBeanFactory - Creating shared instance of singleton bean 'data-jpa.repository-aot-processor#0'
2025-10-22 18:39:18 DEBUG [HikariPool-1 connection adder] com.zaxxer.hikari.pool.HikariPool - HikariPool-1 - After adding stats (total=6, active=0, idle=6, waiting=0)
2025-10-22 18:39:18 DEBUG [main] o.s.b.f.s.DefaultListableBeanFactory - Creating shared instance of singleton bean 'org.springframework.boot.autoconfigure.info.ProjectInfoAutoConfiguration'
2025-10-22 18:39:18 DEBUG [HikariPool-1 connection adder] com.zaxxer.hikari.pool.HikariPool - HikariPool-1 - Added connection org.mariadb.jdbc.Connection@ed1a909
2025-10-22 18:39:18 DEBUG [main] o.s.b.f.s.DefaultListableBeanFactory - Creating shared instance of singleton bean 'spring.info-org.springframework.boot.autoconfigure.info.ProjectInfoProperties'
2025-10-22 18:39:18 DEBUG [main] o.s.b.f.s.DefaultListableBeanFactory - Autowiring by type from bean name 'org.springframework.boot.autoconfigure.info.ProjectInfoAutoConfiguration' via constructor to bean named 'spring.info-org.springframework.boot.autoconfigure.info.ProjectInfoProperties'
2025-10-22 18:39:18 DEBUG [main] o.s.b.f.s.DefaultListableBeanFactory - Creating shared instance of singleton bean 'org.springframework.boot.autoconfigure.jdbc.JdbcTemplateConfiguration'
2025-10-22 18:39:18 DEBUG [main] o.s.b.f.s.DefaultListableBeanFactory - Creating shared instance of singleton bean 'jdbcTemplate'
2025-10-22 18:39:18 DEBUG [main] o.s.b.f.s.DefaultListableBeanFactory - Creating shared instance of singleton bean 'spring.jdbc-org.springframework.boot.autoconfigure.jdbc.JdbcProperties'
2025-10-22 18:39:18 DEBUG [main] o.s.b.f.s.DefaultListableBeanFactory - Autowiring by type from bean name 'jdbcTemplate' via factory method to bean named 'dataSource'
2025-10-22 18:39:18 DEBUG [main] o.s.b.f.s.DefaultListableBeanFactory - Autowiring by type from bean name 'jdbcTemplate' via factory method to bean named 'spring.jdbc-org.springframework.boot.autoconfigure.jdbc.JdbcProperties'
2025-10-22 18:39:18 DEBUG [main] o.s.b.f.s.DefaultListableBeanFactory - Creating shared instance of singleton bean 'org.springframework.boot.autoconfigure.jdbc.NamedParameterJdbcTemplateConfiguration'
2025-10-22 18:39:18 DEBUG [main] o.s.b.f.s.DefaultListableBeanFactory - Creating shared instance of singleton bean 'namedParameterJdbcTemplate'
2025-10-22 18:39:18 DEBUG [main] o.s.b.f.s.DefaultListableBeanFactory - Autowiring by type from bean name 'namedParameterJdbcTemplate' via factory method to bean named 'jdbcTemplate'
2025-10-22 18:39:18 DEBUG [main] o.s.b.f.s.DefaultListableBeanFactory - Creating shared instance of singleton bean 'org.springframework.boot.autoconfigure.jdbc.JdbcTemplateAutoConfiguration'
2025-10-22 18:39:18 DEBUG [main] o.s.b.f.s.DefaultListableBeanFactory - Creating shared instance of singleton bean 'org.springframework.boot.autoconfigure.jdbc.JdbcClientAutoConfiguration'
2025-10-22 18:39:18 DEBUG [main] o.s.b.f.s.DefaultListableBeanFactory - Creating shared instance of singleton bean 'jdbcClient'
2025-10-22 18:39:18 DEBUG [main] o.s.b.f.s.DefaultListableBeanFactory - Autowiring by type from bean name 'jdbcClient' via factory method to bean named 'namedParameterJdbcTemplate'
2025-10-22 18:39:18 DEBUG [main] o.s.b.f.s.DefaultListableBeanFactory - Creating shared instance of singleton bean 'org.springframework.boot.autoconfigure.sql.init.SqlInitializationAutoConfiguration'
2025-10-22 18:39:18 DEBUG [main] o.s.b.f.s.DefaultListableBeanFactory - Creating shared instance of singleton bean 'org.springframework.boot.autoconfigure.ssl.SslAutoConfiguration'
2025-10-22 18:39:18 DEBUG [main] o.s.b.f.s.DefaultListableBeanFactory - Creating shared instance of singleton bean 'spring.ssl-org.springframework.boot.autoconfigure.ssl.SslProperties'
2025-10-22 18:39:18 DEBUG [main] o.s.b.f.s.DefaultListableBeanFactory - Autowiring by type from bean name 'org.springframework.boot.autoconfigure.ssl.SslAutoConfiguration' via constructor to bean named 'org.springframework.context.annotation.AnnotationConfigApplicationContext@7829b776'
2025-10-22 18:39:18 DEBUG [main] o.s.b.f.s.DefaultListableBeanFactory - Autowiring by type from bean name 'org.springframework.boot.autoconfigure.ssl.SslAutoConfiguration' via constructor to bean named 'spring.ssl-org.springframework.boot.autoconfigure.ssl.SslProperties'
2025-10-22 18:39:18 DEBUG [main] o.s.b.f.s.DefaultListableBeanFactory - Creating shared instance of singleton bean 'fileWatcher'
2025-10-22 18:39:18 DEBUG [main] o.s.b.f.s.DefaultListableBeanFactory - Creating shared instance of singleton bean 'sslPropertiesSslBundleRegistrar'
2025-10-22 18:39:18 DEBUG [main] o.s.b.f.s.DefaultListableBeanFactory - Autowiring by type from bean name 'sslPropertiesSslBundleRegistrar' via factory method to bean named 'fileWatcher'
2025-10-22 18:39:18 DEBUG [main] o.s.b.f.s.DefaultListableBeanFactory - Creating shared instance of singleton bean 'sslBundleRegistry'
2025-10-22 18:39:18 DEBUG [main] o.s.b.f.s.DefaultListableBeanFactory - Creating shared instance of singleton bean 'org.springframework.boot.autoconfigure.task.TaskSchedulingConfigurations$ThreadPoolTaskSchedulerBuilderConfiguration'
2025-10-22 18:39:18 DEBUG [main] o.s.b.f.s.DefaultListableBeanFactory - Creating shared instance of singleton bean 'threadPoolTaskSchedulerBuilder'
2025-10-22 18:39:18 DEBUG [main] o.s.b.f.s.DefaultListableBeanFactory - Creating shared instance of singleton bean 'spring.task.scheduling-org.springframework.boot.autoconfigure.task.TaskSchedulingProperties'
2025-10-22 18:39:18 DEBUG [main] o.s.b.f.s.DefaultListableBeanFactory - Autowiring by type from bean name 'threadPoolTaskSchedulerBuilder' via factory method to bean named 'spring.task.scheduling-org.springframework.boot.autoconfigure.task.TaskSchedulingProperties'
2025-10-22 18:39:18 DEBUG [main] o.s.b.f.s.DefaultListableBeanFactory - Creating shared instance of singleton bean 'org.springframework.boot.autoconfigure.task.TaskSchedulingConfigurations$SimpleAsyncTaskSchedulerBuilderConfiguration'
2025-10-22 18:39:18 DEBUG [main] o.s.b.f.s.DefaultListableBeanFactory - Autowiring by type from bean name 'org.springframework.boot.autoconfigure.task.TaskSchedulingConfigurations$SimpleAsyncTaskSchedulerBuilderConfiguration' via constructor to bean named 'spring.task.scheduling-org.springframework.boot.autoconfigure.task.TaskSchedulingProperties'
2025-10-22 18:39:18 DEBUG [main] o.s.b.f.s.DefaultListableBeanFactory - Creating shared instance of singleton bean 'simpleAsyncTaskSchedulerBuilder'
2025-10-22 18:39:18 DEBUG [main] o.s.b.f.s.DefaultListableBeanFactory - Creating shared instance of singleton bean 'org.springframework.boot.autoconfigure.task.TaskSchedulingAutoConfiguration'
2025-10-22 18:39:18 DEBUG [main] o.s.b.f.s.DefaultListableBeanFactory - Creating shared instance of singleton bean 'org.springframework.boot.autoconfigure.jdbc.DataSourceTransactionManagerAutoConfiguration$JdbcTransactionManagerConfiguration'
2025-10-22 18:39:18 DEBUG [main] o.s.b.f.s.DefaultListableBeanFactory - Creating shared instance of singleton bean 'org.springframework.boot.autoconfigure.jdbc.DataSourceTransactionManagerAutoConfiguration'
2025-10-22 18:39:18 DEBUG [main] o.s.b.f.s.DefaultListableBeanFactory - Creating shared instance of singleton bean 'org.springframework.boot.autoconfigure.transaction.TransactionAutoConfiguration$EnableTransactionManagementConfiguration$CglibAutoProxyConfiguration'
2025-10-22 18:39:18 DEBUG [main] o.s.b.f.s.DefaultListableBeanFactory - Creating shared instance of singleton bean 'org.springframework.boot.autoconfigure.transaction.TransactionAutoConfiguration$EnableTransactionManagementConfiguration'
2025-10-22 18:39:18 DEBUG [main] o.s.b.f.s.DefaultListableBeanFactory - Creating shared instance of singleton bean 'org.springframework.boot.autoconfigure.transaction.TransactionAutoConfiguration$TransactionTemplateConfiguration'
2025-10-22 18:39:18 DEBUG [main] o.s.b.f.s.DefaultListableBeanFactory - Creating shared instance of singleton bean 'transactionTemplate'
2025-10-22 18:39:18 DEBUG [main] o.s.b.f.s.DefaultListableBeanFactory - Autowiring by type from bean name 'transactionTemplate' via factory method to bean named 'transactionManager'
2025-10-22 18:39:18 DEBUG [main] o.s.b.f.s.DefaultListableBeanFactory - Creating shared instance of singleton bean 'org.springframework.boot.autoconfigure.transaction.TransactionAutoConfiguration'
2025-10-22 18:39:18 DEBUG [main] o.s.j.e.a.AnnotationMBeanExporter - Registering beans for JMX exposure on startup
2025-10-22 18:39:18 DEBUG [main] o.s.j.e.a.AnnotationMBeanExporter - Auto-detecting user-defined JMX MBeans
2025-10-22 18:39:18 DEBUG [main] o.s.j.e.a.AnnotationMBeanExporter - Bean with name 'dataSource' has been autodetected for JMX exposure
2025-10-22 18:39:18 DEBUG [main] o.s.j.e.a.AnnotationMBeanExporter - Located MBean 'dataSource': registering with JMX server as MBean [com.zaxxer.hikari:name=dataSource,type=HikariDataSource]
2025-10-22 18:39:18 DEBUG [main] o.s.b.f.s.DefaultListableBeanFactory - Creating shared instance of singleton bean 'applicationTaskExecutor'
2025-10-22 18:39:18 DEBUG [HikariPool-1 connection adder] com.zaxxer.hikari.pool.HikariPool - HikariPool-1 - After adding stats (total=7, active=0, idle=7, waiting=0)
2025-10-22 18:39:18 DEBUG [main] o.s.b.f.s.DefaultListableBeanFactory - Autowiring by type from bean name 'applicationTaskExecutor' via factory method to bean named 'threadPoolTaskExecutorBuilder'
2025-10-22 18:39:18 DEBUG [HikariPool-1 connection adder] com.zaxxer.hikari.pool.HikariPool - HikariPool-1 - Added connection org.mariadb.jdbc.Connection@3af4230c
2025-10-22 18:39:18 DEBUG [main] o.s.s.c.ThreadPoolTaskExecutor - Initializing ExecutorService 'applicationTaskExecutor'
2025-10-22 18:39:18 DEBUG [main] o.s.c.s.DefaultLifecycleProcessor - Starting beans in phase -2147483647
2025-10-22 18:39:18 DEBUG [main] o.s.c.s.DefaultLifecycleProcessor - Successfully started bean 'springBootLoggingLifecycle'
2025-10-22 18:39:18 DEBUG [main] o.s.c.s.DefaultLifecycleProcessor - Starting beans in phase 1073741823
2025-10-22 18:39:18 DEBUG [main] o.s.b.a.l.ConditionEvaluationReportLogger - 


============================
CONDITIONS EVALUATION REPORT
============================


Positive matches:
-----------------

   AopAutoConfiguration matched:
      - @ConditionalOnProperty (spring.aop.auto=true) matched (OnPropertyCondition)

   AopAutoConfiguration.AspectJAutoProxyingConfiguration matched:
      - @ConditionalOnClass found required class 'org.aspectj.weaver.Advice' (OnClassCondition)

   AopAutoConfiguration.AspectJAutoProxyingConfiguration.CglibAutoProxyConfiguration matched:
      - @ConditionalOnProperty (spring.aop.proxy-target-class=true) matched (OnPropertyCondition)

   ApplicationAvailabilityAutoConfiguration#applicationAvailability matched:
      - @ConditionalOnMissingBean (types: org.springframework.boot.availability.ApplicationAvailability; SearchStrategy: all) did not find any beans (OnBeanCondition)

   DataSourceAutoConfiguration matched:
      - @ConditionalOnClass found required classes 'javax.sql.DataSource', 'org.springframework.jdbc.datasource.embedded.EmbeddedDatabaseType' (OnClassCondition)
      - @ConditionalOnMissingBean (types: io.r2dbc.spi.ConnectionFactory; SearchStrategy: all) did not find any beans (OnBeanCondition)

   DataSourceAutoConfiguration.PooledDataSourceConfiguration matched:
      - AnyNestedCondition 1 matched 1 did not; NestedCondition on DataSourceAutoConfiguration.PooledDataSourceCondition.PooledDataSourceAvailable PooledDataSource found supported DataSource; NestedCondition on DataSourceAutoConfiguration.PooledDataSourceCondition.ExplicitType @ConditionalOnProperty (spring.datasource.type) did not find property 'type' (DataSourceAutoConfiguration.PooledDataSourceCondition)
      - @ConditionalOnMissingBean (types: javax.sql.DataSource,javax.sql.XADataSource; SearchStrategy: all) did not find any beans (OnBeanCondition)

   DataSourceAutoConfiguration.PooledDataSourceConfiguration#jdbcConnectionDetails matched:
      - @ConditionalOnMissingBean (types: org.springframework.boot.autoconfigure.jdbc.JdbcConnectionDetails; SearchStrategy: all) did not find any beans (OnBeanCondition)

   DataSourceConfiguration.Hikari matched:
      - @ConditionalOnClass found required class 'com.zaxxer.hikari.HikariDataSource' (OnClassCondition)
      - @ConditionalOnProperty (spring.datasource.type=com.zaxxer.hikari.HikariDataSource) matched (OnPropertyCondition)
      - @ConditionalOnMissingBean (types: javax.sql.DataSource; SearchStrategy: all) did not find any beans (OnBeanCondition)

   DataSourceInitializationConfiguration matched:
      - @ConditionalOnClass found required class 'org.springframework.jdbc.datasource.init.DatabasePopulator' (OnClassCondition)
      - @ConditionalOnSingleCandidate (types: javax.sql.DataSource; SearchStrategy: all) found a single bean 'dataSource'; @ConditionalOnMissingBean (types: org.springframework.boot.autoconfigure.sql.init.SqlDataSourceScriptDatabaseInitializer,org.springframework.boot.autoconfigure.sql.init.SqlR2dbcScriptDatabaseInitializer; SearchStrategy: all) did not find any beans (OnBeanCondition)

   DataSourceJmxConfiguration matched:
      - @ConditionalOnProperty (spring.jmx.enabled=true) matched (OnPropertyCondition)

   DataSourceJmxConfiguration.Hikari matched:
      - @ConditionalOnClass found required class 'com.zaxxer.hikari.HikariDataSource' (OnClassCondition)
      - @ConditionalOnSingleCandidate (types: javax.sql.DataSource; SearchStrategy: all) found a single bean 'dataSource' (OnBeanCondition)

   DataSourcePoolMetadataProvidersConfiguration.HikariPoolDataSourceMetadataProviderConfiguration matched:
      - @ConditionalOnClass found required class 'com.zaxxer.hikari.HikariDataSource' (OnClassCondition)

   DataSourceTransactionManagerAutoConfiguration matched:
      - @ConditionalOnClass found required classes 'javax.sql.DataSource', 'org.springframework.jdbc.core.JdbcTemplate', 'org.springframework.transaction.TransactionManager' (OnClassCondition)

   DataSourceTransactionManagerAutoConfiguration.JdbcTransactionManagerConfiguration matched:
      - @ConditionalOnSingleCandidate (types: javax.sql.DataSource; SearchStrategy: all) found a single bean 'dataSource' (OnBeanCondition)

   GenericCacheConfiguration matched:
      - Cache org.springframework.boot.autoconfigure.cache.GenericCacheConfiguration automatic cache type (CacheCondition)

   HibernateJpaAutoConfiguration matched:
      - @ConditionalOnClass found required classes 'org.springframework.orm.jpa.LocalContainerEntityManagerFactoryBean', 'jakarta.persistence.EntityManager', 'org.hibernate.engine.spi.SessionImplementor' (OnClassCondition)

   HibernateJpaConfiguration matched:
      - @ConditionalOnSingleCandidate (types: javax.sql.DataSource; SearchStrategy: all) found a single bean 'dataSource' (OnBeanCondition)

   JdbcClientAutoConfiguration matched:
      - @ConditionalOnSingleCandidate (types: org.springframework.jdbc.core.namedparam.NamedParameterJdbcTemplate; SearchStrategy: all) found a single bean 'namedParameterJdbcTemplate'; @ConditionalOnMissingBean (types: org.springframework.jdbc.core.simple.JdbcClient; SearchStrategy: all) did not find any beans (OnBeanCondition)

   JdbcTemplateAutoConfiguration matched:
      - @ConditionalOnClass found required classes 'javax.sql.DataSource', 'org.springframework.jdbc.core.JdbcTemplate' (OnClassCondition)
      - @ConditionalOnSingleCandidate (types: javax.sql.DataSource; SearchStrategy: all) found a single bean 'dataSource' (OnBeanCondition)

   JdbcTemplateConfiguration matched:
      - @ConditionalOnMissingBean (types: org.springframework.jdbc.core.JdbcOperations; SearchStrategy: all) did not find any beans (OnBeanCondition)

   JmxAutoConfiguration matched:
      - @ConditionalOnClass found required class 'org.springframework.jmx.export.MBeanExporter' (OnClassCondition)
      - @ConditionalOnProperty (spring.jmx.enabled=true) matched (OnPropertyCondition)

   JmxAutoConfiguration#mbeanExporter matched:
      - @ConditionalOnMissingBean (types: org.springframework.jmx.export.MBeanExporter; SearchStrategy: current) did not find any beans (OnBeanCondition)

   JmxAutoConfiguration#mbeanServer matched:
      - @ConditionalOnMissingBean (types: javax.management.MBeanServer; SearchStrategy: all) did not find any beans (OnBeanCondition)

   JmxAutoConfiguration#objectNamingStrategy matched:
      - @ConditionalOnMissingBean (types: org.springframework.jmx.export.naming.ObjectNamingStrategy; SearchStrategy: current) did not find any beans (OnBeanCondition)

   JpaBaseConfiguration#entityManagerFactory matched:
      - @ConditionalOnMissingBean (types: org.springframework.orm.jpa.LocalContainerEntityManagerFactoryBean,jakarta.persistence.EntityManagerFactory; SearchStrategy: all) did not find any beans (OnBeanCondition)

   JpaBaseConfiguration#entityManagerFactoryBuilder matched:
      - @ConditionalOnMissingBean (types: org.springframework.boot.orm.jpa.EntityManagerFactoryBuilder; SearchStrategy: all) did not find any beans (OnBeanCondition)

   JpaBaseConfiguration#jpaVendorAdapter matched:
      - @ConditionalOnMissingBean (types: org.springframework.orm.jpa.JpaVendorAdapter; SearchStrategy: all) did not find any beans (OnBeanCondition)

   JpaBaseConfiguration#transactionManager matched:
      - @ConditionalOnMissingBean (types: org.springframework.transaction.TransactionManager; SearchStrategy: all) did not find any beans (OnBeanCondition)

   JpaBaseConfiguration.PersistenceManagedTypesConfiguration matched:
      - @ConditionalOnMissingBean (types: org.springframework.orm.jpa.LocalContainerEntityManagerFactoryBean,jakarta.persistence.EntityManagerFactory; SearchStrategy: all) did not find any beans (OnBeanCondition)

   JpaBaseConfiguration.PersistenceManagedTypesConfiguration#persistenceManagedTypes matched:
      - @ConditionalOnMissingBean (types: org.springframework.orm.jpa.persistenceunit.PersistenceManagedTypes; SearchStrategy: all) did not find any beans (OnBeanCondition)

   JpaRepositoriesAutoConfiguration matched:
      - @ConditionalOnClass found required class 'org.springframework.data.jpa.repository.JpaRepository' (OnClassCondition)
      - @ConditionalOnProperty (spring.data.jpa.repositories.enabled=true) matched (OnPropertyCondition)
      - @ConditionalOnBean (types: javax.sql.DataSource; SearchStrategy: all) found bean 'dataSource'; @ConditionalOnMissingBean (types: org.springframework.data.jpa.repository.support.JpaRepositoryFactoryBean,org.springframework.data.jpa.repository.config.JpaRepositoryConfigExtension; SearchStrategy: all) did not find any beans (OnBeanCondition)

   JtaAutoConfiguration matched:
      - @ConditionalOnClass found required class 'jakarta.transaction.Transaction' (OnClassCondition)
      - @ConditionalOnProperty (spring.jta.enabled) matched (OnPropertyCondition)

   LifecycleAutoConfiguration#defaultLifecycleProcessor matched:
      - @ConditionalOnMissingBean (names: lifecycleProcessor; SearchStrategy: current) did not find any beans (OnBeanCondition)

   NamedParameterJdbcTemplateConfiguration matched:
      - @ConditionalOnSingleCandidate (types: org.springframework.jdbc.core.JdbcTemplate; SearchStrategy: all) found a single bean 'jdbcTemplate'; @ConditionalOnMissingBean (types: org.springframework.jdbc.core.namedparam.NamedParameterJdbcOperations; SearchStrategy: all) did not find any beans (OnBeanCondition)

   NoOpCacheConfiguration matched:
      - Cache org.springframework.boot.autoconfigure.cache.NoOpCacheConfiguration automatic cache type (CacheCondition)

   PersistenceExceptionTranslationAutoConfiguration matched:
      - @ConditionalOnClass found required class 'org.springframework.dao.annotation.PersistenceExceptionTranslationPostProcessor' (OnClassCondition)

   PersistenceExceptionTranslationAutoConfiguration#persistenceExceptionTranslationPostProcessor matched:
      - @ConditionalOnProperty (spring.dao.exceptiontranslation.enabled) matched (OnPropertyCondition)
      - @ConditionalOnMissingBean (types: org.springframework.dao.annotation.PersistenceExceptionTranslationPostProcessor; SearchStrategy: all) did not find any beans (OnBeanCondition)

   PropertyPlaceholderAutoConfiguration#propertySourcesPlaceholderConfigurer matched:
      - @ConditionalOnMissingBean (types: org.springframework.context.support.PropertySourcesPlaceholderConfigurer; SearchStrategy: current) did not find any beans (OnBeanCondition)

   SimpleCacheConfiguration matched:
      - Cache org.springframework.boot.autoconfigure.cache.SimpleCacheConfiguration automatic cache type (CacheCondition)

   SpringApplicationAdminJmxAutoConfiguration matched:
      - @ConditionalOnProperty (spring.application.admin.enabled=true) matched (OnPropertyCondition)

   SpringApplicationAdminJmxAutoConfiguration#springApplicationAdminRegistrar matched:
      - @ConditionalOnMissingBean (types: org.springframework.boot.admin.SpringApplicationAdminMXBeanRegistrar; SearchStrategy: all) did not find any beans (OnBeanCondition)

   SqlInitializationAutoConfiguration matched:
      - @ConditionalOnProperty (spring.sql.init.enabled) matched (OnPropertyCondition)
      - NoneNestedConditions 0 matched 1 did not; NestedCondition on SqlInitializationAutoConfiguration.SqlInitializationModeCondition.ModeIsNever @ConditionalOnProperty (spring.sql.init.mode=never) did not find property 'mode' (SqlInitializationAutoConfiguration.SqlInitializationModeCondition)

   SslAutoConfiguration#sslBundleRegistry matched:
      - @ConditionalOnMissingBean (types: org.springframework.boot.ssl.SslBundleRegistry,org.springframework.boot.ssl.SslBundles; SearchStrategy: all) did not find any beans (OnBeanCondition)

   TaskExecutionAutoConfiguration matched:
      - @ConditionalOnClass found required class 'org.springframework.scheduling.concurrent.ThreadPoolTaskExecutor' (OnClassCondition)

   TaskExecutorConfigurations.SimpleAsyncTaskExecutorBuilderConfiguration#simpleAsyncTaskExecutorBuilder matched:
      - @ConditionalOnMissingBean (types: org.springframework.boot.task.SimpleAsyncTaskExecutorBuilder; SearchStrategy: all) did not find any beans (OnBeanCondition)
      - @ConditionalOnThreading found PLATFORM (OnThreadingCondition)

   TaskExecutorConfigurations.TaskExecutorConfiguration matched:
      - @ConditionalOnMissingBean (types: java.util.concurrent.Executor; SearchStrategy: all) did not find any beans (OnBeanCondition)

   TaskExecutorConfigurations.TaskExecutorConfiguration#applicationTaskExecutor matched:
      - @ConditionalOnThreading found PLATFORM (OnThreadingCondition)

   TaskExecutorConfigurations.ThreadPoolTaskExecutorBuilderConfiguration#threadPoolTaskExecutorBuilder matched:
      - @ConditionalOnMissingBean (types: org.springframework.boot.task.ThreadPoolTaskExecutorBuilder; SearchStrategy: all) did not find any beans (OnBeanCondition)

   TaskSchedulingAutoConfiguration matched:
      - @ConditionalOnClass found required class 'org.springframework.scheduling.concurrent.ThreadPoolTaskScheduler' (OnClassCondition)

   TaskSchedulingConfigurations.SimpleAsyncTaskSchedulerBuilderConfiguration#simpleAsyncTaskSchedulerBuilder matched:
      - @ConditionalOnMissingBean (types: org.springframework.boot.task.SimpleAsyncTaskSchedulerBuilder; SearchStrategy: all) did not find any beans (OnBeanCondition)
      - @ConditionalOnThreading found PLATFORM (OnThreadingCondition)

   TaskSchedulingConfigurations.ThreadPoolTaskSchedulerBuilderConfiguration#threadPoolTaskSchedulerBuilder matched:
      - @ConditionalOnMissingBean (types: org.springframework.boot.task.ThreadPoolTaskSchedulerBuilder; SearchStrategy: all) did not find any beans (OnBeanCondition)

   TransactionAutoConfiguration matched:
      - @ConditionalOnClass found required class 'org.springframework.transaction.PlatformTransactionManager' (OnClassCondition)

   TransactionAutoConfiguration.EnableTransactionManagementConfiguration matched:
      - @ConditionalOnBean (types: org.springframework.transaction.TransactionManager; SearchStrategy: all) found bean 'transactionManager'; @ConditionalOnMissingBean (types: org.springframework.transaction.annotation.AbstractTransactionManagementConfiguration; SearchStrategy: all) did not find any beans (OnBeanCondition)

   TransactionAutoConfiguration.EnableTransactionManagementConfiguration.CglibAutoProxyConfiguration matched:
      - @ConditionalOnProperty (spring.aop.proxy-target-class=true) matched (OnPropertyCondition)

   TransactionAutoConfiguration.TransactionTemplateConfiguration matched:
      - @ConditionalOnSingleCandidate (types: org.springframework.transaction.PlatformTransactionManager; SearchStrategy: all) found a single bean 'transactionManager' (OnBeanCondition)

   TransactionAutoConfiguration.TransactionTemplateConfiguration#transactionTemplate matched:
      - @ConditionalOnMissingBean (types: org.springframework.transaction.support.TransactionOperations; SearchStrategy: all) did not find any beans (OnBeanCondition)

   TransactionManagerCustomizationAutoConfiguration matched:
      - @ConditionalOnClass found required class 'org.springframework.transaction.PlatformTransactionManager' (OnClassCondition)

   TransactionManagerCustomizationAutoConfiguration#platformTransactionManagerCustomizers matched:
      - @ConditionalOnMissingBean (types: org.springframework.boot.autoconfigure.transaction.TransactionManagerCustomizers; SearchStrategy: all) did not find any beans (OnBeanCondition)


Negative matches:
-----------------

   ActiveMQAutoConfiguration:
      Did not match:
         - @ConditionalOnClass did not find required class 'jakarta.jms.ConnectionFactory' (OnClassCondition)

   AopAutoConfiguration.AspectJAutoProxyingConfiguration.JdkDynamicAutoProxyConfiguration:
      Did not match:
         - @ConditionalOnProperty (spring.aop.proxy-target-class=false) did not find property 'proxy-target-class' (OnPropertyCondition)

   AopAutoConfiguration.ClassProxyingConfiguration:
      Did not match:
         - @ConditionalOnMissingClass found unwanted class 'org.aspectj.weaver.Advice' (OnClassCondition)

   ArtemisAutoConfiguration:
      Did not match:
         - @ConditionalOnClass did not find required class 'jakarta.jms.ConnectionFactory' (OnClassCondition)

   BatchAutoConfiguration:
      Did not match:
         - @ConditionalOnClass did not find required class 'org.springframework.batch.core.launch.JobLauncher' (OnClassCondition)

   Cache2kCacheConfiguration:
      Did not match:
         - @ConditionalOnClass did not find required class 'org.cache2k.Cache2kBuilder' (OnClassCondition)

   CacheAutoConfiguration:
      Did not match:
         - @ConditionalOnBean (types: org.springframework.cache.interceptor.CacheAspectSupport; SearchStrategy: all) did not find any beans of type org.springframework.cache.interceptor.CacheAspectSupport (OnBeanCondition)
      Matched:
         - @ConditionalOnClass found required class 'org.springframework.cache.CacheManager' (OnClassCondition)

   CacheAutoConfiguration.CacheManagerEntityManagerFactoryDependsOnPostProcessor:
      Did not match:
         - Ancestor org.springframework.boot.autoconfigure.cache.CacheAutoConfiguration did not match (ConditionEvaluationReport.AncestorsMatchedCondition)
      Matched:
         - @ConditionalOnClass found required class 'org.springframework.orm.jpa.LocalContainerEntityManagerFactoryBean' (OnClassCondition)

   CaffeineCacheConfiguration:
      Did not match:
         - @ConditionalOnClass did not find required class 'org.springframework.cache.caffeine.CaffeineCacheManager' (OnClassCondition)

   CassandraAutoConfiguration:
      Did not match:
         - @ConditionalOnClass did not find required class 'com.datastax.oss.driver.api.core.CqlSession' (OnClassCondition)

   CassandraDataAutoConfiguration:
      Did not match:
         - @ConditionalOnClass did not find required class 'com.datastax.oss.driver.api.core.CqlSession' (OnClassCondition)

   CassandraReactiveDataAutoConfiguration:
      Did not match:
         - @ConditionalOnClass did not find required class 'com.datastax.oss.driver.api.core.CqlSession' (OnClassCondition)

   CassandraReactiveRepositoriesAutoConfiguration:
      Did not match:
         - @ConditionalOnClass did not find required class 'org.springframework.data.cassandra.ReactiveSession' (OnClassCondition)

   CassandraRepositoriesAutoConfiguration:
      Did not match:
         - @ConditionalOnClass did not find required class 'com.datastax.oss.driver.api.core.CqlSession' (OnClassCondition)

   ClientHttpConnectorAutoConfiguration:
      Did not match:
         - @ConditionalOnClass did not find required class 'org.springframework.web.reactive.function.client.WebClient' (OnClassCondition)

   CodecsAutoConfiguration:
      Did not match:
         - @ConditionalOnClass did not find required class 'org.springframework.http.codec.CodecConfigurer' (OnClassCondition)

   CouchbaseAutoConfiguration:
      Did not match:
         - @ConditionalOnClass did not find required class 'com.couchbase.client.java.Cluster' (OnClassCondition)

   CouchbaseCacheConfiguration:
      Did not match:
         - @ConditionalOnClass did not find required class 'com.couchbase.client.java.Cluster' (OnClassCondition)

   CouchbaseDataAutoConfiguration:
      Did not match:
         - @ConditionalOnClass did not find required class 'com.couchbase.client.java.Bucket' (OnClassCondition)

   CouchbaseReactiveDataAutoConfiguration:
      Did not match:
         - @ConditionalOnClass did not find required class 'com.couchbase.client.java.Cluster' (OnClassCondition)

   CouchbaseReactiveRepositoriesAutoConfiguration:
      Did not match:
         - @ConditionalOnClass did not find required class 'com.couchbase.client.java.Cluster' (OnClassCondition)

   CouchbaseRepositoriesAutoConfiguration:
      Did not match:
         - @ConditionalOnClass did not find required class 'com.couchbase.client.java.Bucket' (OnClassCondition)

   DataSourceAutoConfiguration.EmbeddedDatabaseConfiguration:
      Did not match:
         - EmbeddedDataSource spring.datasource.url is set (DataSourceAutoConfiguration.EmbeddedDatabaseCondition)

   DataSourceCheckpointRestoreConfiguration:
      Did not match:
         - @ConditionalOnClass did not find required class 'org.crac.Resource' (OnClassCondition)

   DataSourceConfiguration.Dbcp2:
      Did not match:
         - @ConditionalOnClass did not find required class 'org.apache.commons.dbcp2.BasicDataSource' (OnClassCondition)

   DataSourceConfiguration.Generic:
      Did not match:
         - @ConditionalOnProperty (spring.datasource.type) did not find property 'spring.datasource.type' (OnPropertyCondition)

   DataSourceConfiguration.OracleUcp:
      Did not match:
         - @ConditionalOnClass did not find required classes 'oracle.ucp.jdbc.PoolDataSourceImpl', 'oracle.jdbc.OracleConnection' (OnClassCondition)

   DataSourceConfiguration.Tomcat:
      Did not match:
         - @ConditionalOnClass did not find required class 'org.apache.tomcat.jdbc.pool.DataSource' (OnClassCondition)

   DataSourceJmxConfiguration.TomcatDataSourceJmxConfiguration:
      Did not match:
         - @ConditionalOnClass did not find required class 'org.apache.tomcat.jdbc.pool.DataSourceProxy' (OnClassCondition)

   DataSourcePoolMetadataProvidersConfiguration.CommonsDbcp2PoolDataSourceMetadataProviderConfiguration:
      Did not match:
         - @ConditionalOnClass did not find required class 'org.apache.commons.dbcp2.BasicDataSource' (OnClassCondition)

   DataSourcePoolMetadataProvidersConfiguration.OracleUcpPoolDataSourceMetadataProviderConfiguration:
      Did not match:
         - @ConditionalOnClass did not find required classes 'oracle.ucp.jdbc.PoolDataSource', 'oracle.jdbc.OracleConnection' (OnClassCondition)

   DataSourcePoolMetadataProvidersConfiguration.TomcatDataSourcePoolMetadataProviderConfiguration:
      Did not match:
         - @ConditionalOnClass did not find required class 'org.apache.tomcat.jdbc.pool.DataSource' (OnClassCondition)

   DataSourceTransactionManagerAutoConfiguration.JdbcTransactionManagerConfiguration#transactionManager:
      Did not match:
         - @ConditionalOnMissingBean (types: org.springframework.transaction.TransactionManager; SearchStrategy: all) found beans of type 'org.springframework.transaction.TransactionManager' transactionManager (OnBeanCondition)

   DispatcherServletAutoConfiguration:
      Did not match:
         - @ConditionalOnClass did not find required class 'org.springframework.web.servlet.DispatcherServlet' (OnClassCondition)

   ElasticsearchClientAutoConfiguration:
      Did not match:
         - @ConditionalOnClass did not find required class 'co.elastic.clients.elasticsearch.ElasticsearchClient' (OnClassCondition)

   ElasticsearchDataAutoConfiguration:
      Did not match:
         - @ConditionalOnClass did not find required class 'org.springframework.data.elasticsearch.client.elc.ElasticsearchTemplate' (OnClassCondition)

   ElasticsearchRepositoriesAutoConfiguration:
      Did not match:
         - @ConditionalOnClass did not find required class 'org.springframework.data.elasticsearch.repository.ElasticsearchRepository' (OnClassCondition)

   ElasticsearchRestClientAutoConfiguration:
      Did not match:
         - @ConditionalOnClass did not find required class 'org.elasticsearch.client.RestClientBuilder' (OnClassCondition)

   EmbeddedLdapAutoConfiguration:
      Did not match:
         - @ConditionalOnClass did not find required class 'com.unboundid.ldap.listener.InMemoryDirectoryServer' (OnClassCondition)

   EmbeddedWebServerFactoryCustomizerAutoConfiguration:
      Did not match:
         - @ConditionalOnWebApplication did not find reactive or servlet web application classes (OnWebApplicationCondition)

   ErrorMvcAutoConfiguration:
      Did not match:
         - @ConditionalOnClass did not find required class 'jakarta.servlet.Servlet' (OnClassCondition)

   ErrorWebFluxAutoConfiguration:
      Did not match:
         - @ConditionalOnClass did not find required class 'org.springframework.web.reactive.config.WebFluxConfigurer' (OnClassCondition)

   FlywayAutoConfiguration:
      Did not match:
         - @ConditionalOnClass did not find required class 'org.flywaydb.core.Flyway' (OnClassCondition)

   FreeMarkerAutoConfiguration:
      Did not match:
         - @ConditionalOnClass did not find required class 'freemarker.template.Configuration' (OnClassCondition)

   GraphQlAutoConfiguration:
      Did not match:
         - @ConditionalOnClass did not find required class 'graphql.GraphQL' (OnClassCondition)

   GraphQlQueryByExampleAutoConfiguration:
      Did not match:
         - @ConditionalOnClass did not find required class 'graphql.GraphQL' (OnClassCondition)

   GraphQlQuerydslAutoConfiguration:
      Did not match:
         - @ConditionalOnClass did not find required class 'com.querydsl.core.Query' (OnClassCondition)

   GraphQlRSocketAutoConfiguration:
      Did not match:
         - @ConditionalOnClass did not find required class 'graphql.GraphQL' (OnClassCondition)

   GraphQlReactiveQueryByExampleAutoConfiguration:
      Did not match:
         - @ConditionalOnClass did not find required class 'graphql.GraphQL' (OnClassCondition)

   GraphQlReactiveQuerydslAutoConfiguration:
      Did not match:
         - @ConditionalOnClass did not find required class 'com.querydsl.core.Query' (OnClassCondition)

   GraphQlWebFluxAutoConfiguration:
      Did not match:
         - @ConditionalOnClass did not find required class 'graphql.GraphQL' (OnClassCondition)

   GraphQlWebFluxSecurityAutoConfiguration:
      Did not match:
         - @ConditionalOnClass did not find required class 'graphql.GraphQL' (OnClassCondition)

   GraphQlWebMvcAutoConfiguration:
      Did not match:
         - @ConditionalOnClass did not find required class 'graphql.GraphQL' (OnClassCondition)

   GraphQlWebMvcSecurityAutoConfiguration:
      Did not match:
         - @ConditionalOnClass did not find required class 'graphql.GraphQL' (OnClassCondition)

   GroovyTemplateAutoConfiguration:
      Did not match:
         - @ConditionalOnClass did not find required class 'groovy.text.markup.MarkupTemplateEngine' (OnClassCondition)

   GsonAutoConfiguration:
      Did not match:
         - @ConditionalOnClass did not find required class 'com.google.gson.Gson' (OnClassCondition)

   H2ConsoleAutoConfiguration:
      Did not match:
         - @ConditionalOnClass did not find required class 'org.h2.server.web.JakartaWebServlet' (OnClassCondition)

   HazelcastAutoConfiguration:
      Did not match:
         - @ConditionalOnClass did not find required class 'com.hazelcast.core.HazelcastInstance' (OnClassCondition)

   HazelcastCacheConfiguration:
      Did not match:
         - @ConditionalOnClass did not find required class 'com.hazelcast.core.HazelcastInstance' (OnClassCondition)

   HazelcastJpaDependencyAutoConfiguration:
      Did not match:
         - @ConditionalOnClass did not find required class 'com.hazelcast.core.HazelcastInstance' (OnClassCondition)

   HttpClientAutoConfiguration:
      Did not match:
         - @ConditionalOnClass did not find required class 'org.springframework.http.client.ClientHttpRequestFactory' (OnClassCondition)

   HttpEncodingAutoConfiguration:
      Did not match:
         - @ConditionalOnClass did not find required class 'org.springframework.web.filter.CharacterEncodingFilter' (OnClassCondition)

   HttpHandlerAutoConfiguration:
      Did not match:
         - @ConditionalOnClass did not find required class 'org.springframework.http.server.reactive.HttpHandler' (OnClassCondition)

   HttpMessageConvertersAutoConfiguration:
      Did not match:
         - @ConditionalOnClass did not find required class 'org.springframework.http.converter.HttpMessageConverter' (OnClassCondition)

   HypermediaAutoConfiguration:
      Did not match:
         - @ConditionalOnClass did not find required class 'org.springframework.hateoas.EntityModel' (OnClassCondition)

   InfinispanCacheConfiguration:
      Did not match:
         - @ConditionalOnClass did not find required class 'org.infinispan.spring.embedded.provider.SpringEmbeddedCacheManager' (OnClassCondition)

   IntegrationAutoConfiguration:
      Did not match:
         - @ConditionalOnClass did not find required class 'org.springframework.integration.config.EnableIntegration' (OnClassCondition)

   JCacheCacheConfiguration:
      Did not match:
         - @ConditionalOnClass did not find required class 'javax.cache.Caching' (OnClassCondition)

   JacksonAutoConfiguration:
      Did not match:
         - @ConditionalOnClass did not find required class 'com.fasterxml.jackson.databind.ObjectMapper' (OnClassCondition)

   JdbcRepositoriesAutoConfiguration:
      Did not match:
         - @ConditionalOnClass did not find required class 'org.springframework.data.jdbc.repository.config.AbstractJdbcConfiguration' (OnClassCondition)

   JerseyAutoConfiguration:
      Did not match:
         - @ConditionalOnClass did not find required class 'jakarta.servlet.ServletRegistration' (OnClassCondition)

   JmsAutoConfiguration:
      Did not match:
         - @ConditionalOnClass did not find required class 'jakarta.jms.Message' (OnClassCondition)

   JndiConnectionFactoryAutoConfiguration:
      Did not match:
         - @ConditionalOnClass did not find required class 'org.springframework.jms.core.JmsTemplate' (OnClassCondition)

   JndiDataSourceAutoConfiguration:
      Did not match:
         - @ConditionalOnProperty (spring.datasource.jndi-name) did not find property 'jndi-name' (OnPropertyCondition)
      Matched:
         - @ConditionalOnClass found required classes 'javax.sql.DataSource', 'org.springframework.jdbc.datasource.embedded.EmbeddedDatabaseType' (OnClassCondition)

   JndiJtaConfiguration:
      Did not match:
         - @ConditionalOnJndi JNDI environment is not available (OnJndiCondition)
      Matched:
         - @ConditionalOnClass found required class 'org.springframework.transaction.jta.JtaTransactionManager' (OnClassCondition)

   JooqAutoConfiguration:
      Did not match:
         - @ConditionalOnClass did not find required class 'org.jooq.DSLContext' (OnClassCondition)

   JpaBaseConfiguration.JpaWebConfiguration:
      Did not match:
         - @ConditionalOnClass did not find required class 'org.springframework.web.servlet.config.annotation.WebMvcConfigurer' (OnClassCondition)

   JpaRepositoriesAutoConfiguration#entityManagerFactoryBootstrapExecutorCustomizer:
      Did not match:
         - AnyNestedCondition 0 matched 2 did not; NestedCondition on JpaRepositoriesAutoConfiguration.BootstrapExecutorCondition.LazyBootstrapMode @ConditionalOnProperty (spring.data.jpa.repositories.bootstrap-mode=lazy) did not find property 'bootstrap-mode'; NestedCondition on JpaRepositoriesAutoConfiguration.BootstrapExecutorCondition.DeferredBootstrapMode @ConditionalOnProperty (spring.data.jpa.repositories.bootstrap-mode=deferred) did not find property 'bootstrap-mode' (JpaRepositoriesAutoConfiguration.BootstrapExecutorCondition)

   JsonbAutoConfiguration:
      Did not match:
         - @ConditionalOnClass did not find required class 'jakarta.json.bind.Jsonb' (OnClassCondition)

   KafkaAutoConfiguration:
      Did not match:
         - @ConditionalOnClass did not find required class 'org.springframework.kafka.core.KafkaTemplate' (OnClassCondition)

   LdapAutoConfiguration:
      Did not match:
         - @ConditionalOnClass did not find required class 'org.springframework.ldap.core.ContextSource' (OnClassCondition)

   LdapRepositoriesAutoConfiguration:
      Did not match:
         - @ConditionalOnClass did not find required class 'org.springframework.data.ldap.repository.LdapRepository' (OnClassCondition)

   LiquibaseAutoConfiguration:
      Did not match:
         - @ConditionalOnClass did not find required class 'liquibase.change.DatabaseChange' (OnClassCondition)

   MailSenderAutoConfiguration:
      Did not match:
         - @ConditionalOnClass did not find required class 'jakarta.mail.internet.MimeMessage' (OnClassCondition)

   MailSenderValidatorAutoConfiguration:
      Did not match:
         - @ConditionalOnSingleCandidate did not find required type 'org.springframework.mail.javamail.JavaMailSenderImpl' (OnBeanCondition)

   MessageSourceAutoConfiguration:
      Did not match:
         - ResourceBundle did not find bundle with basename messages (MessageSourceAutoConfiguration.ResourceBundleCondition)

   MongoAutoConfiguration:
      Did not match:
         - @ConditionalOnClass did not find required class 'com.mongodb.client.MongoClient' (OnClassCondition)

   MongoDataAutoConfiguration:
      Did not match:
         - @ConditionalOnClass did not find required class 'com.mongodb.client.MongoClient' (OnClassCondition)

   MongoReactiveAutoConfiguration:
      Did not match:
         - @ConditionalOnClass did not find required class 'com.mongodb.reactivestreams.client.MongoClient' (OnClassCondition)

   MongoReactiveDataAutoConfiguration:
      Did not match:
         - @ConditionalOnClass did not find required class 'com.mongodb.reactivestreams.client.MongoClient' (OnClassCondition)

   MongoReactiveRepositoriesAutoConfiguration:
      Did not match:
         - @ConditionalOnClass did not find required class 'com.mongodb.reactivestreams.client.MongoClient' (OnClassCondition)

   MongoRepositoriesAutoConfiguration:
      Did not match:
         - @ConditionalOnClass did not find required class 'com.mongodb.client.MongoClient' (OnClassCondition)

   MultipartAutoConfiguration:
      Did not match:
         - @ConditionalOnClass did not find required class 'jakarta.servlet.MultipartConfigElement' (OnClassCondition)

   MustacheAutoConfiguration:
      Did not match:
         - @ConditionalOnClass did not find required class 'com.samskivert.mustache.Mustache' (OnClassCondition)

   Neo4jAutoConfiguration:
      Did not match:
         - @ConditionalOnClass did not find required class 'org.neo4j.driver.Driver' (OnClassCondition)

   Neo4jDataAutoConfiguration:
      Did not match:
         - @ConditionalOnClass did not find required class 'org.neo4j.driver.Driver' (OnClassCondition)

   Neo4jReactiveDataAutoConfiguration:
      Did not match:
         - @ConditionalOnClass did not find required class 'org.neo4j.driver.Driver' (OnClassCondition)

   Neo4jReactiveRepositoriesAutoConfiguration:
      Did not match:
         - @ConditionalOnClass did not find required class 'org.neo4j.driver.Driver' (OnClassCondition)

   Neo4jRepositoriesAutoConfiguration:
      Did not match:
         - @ConditionalOnClass did not find required class 'org.neo4j.driver.Driver' (OnClassCondition)

   NettyAutoConfiguration:
      Did not match:
         - @ConditionalOnClass did not find required class 'io.netty.util.NettyRuntime' (OnClassCondition)

   OAuth2AuthorizationServerAutoConfiguration:
      Did not match:
         - @ConditionalOnClass did not find required class 'org.springframework.security.oauth2.server.authorization.OAuth2Authorization' (OnClassCondition)

   OAuth2AuthorizationServerJwtAutoConfiguration:
      Did not match:
         - @ConditionalOnClass did not find required class 'org.springframework.security.oauth2.server.authorization.OAuth2Authorization' (OnClassCondition)

   OAuth2ClientAutoConfiguration:
      Did not match:
         - @ConditionalOnClass did not find required class 'org.springframework.security.config.annotation.web.configuration.EnableWebSecurity' (OnClassCondition)

   OAuth2ResourceServerAutoConfiguration:
      Did not match:
         - @ConditionalOnClass did not find required class 'org.springframework.security.oauth2.server.resource.authentication.BearerTokenAuthenticationToken' (OnClassCondition)

   ProjectInfoAutoConfiguration#buildProperties:
      Did not match:
         - @ConditionalOnResource did not find resource '${spring.info.build.location:classpath:META-INF/build-info.properties}' (OnResourceCondition)

   ProjectInfoAutoConfiguration#gitProperties:
      Did not match:
         - GitResource did not find git info at classpath:git.properties (ProjectInfoAutoConfiguration.GitResourceAvailableCondition)

   PulsarAutoConfiguration:
      Did not match:
         - @ConditionalOnClass did not find required class 'org.apache.pulsar.client.api.PulsarClient' (OnClassCondition)

   PulsarReactiveAutoConfiguration:
      Did not match:
         - @ConditionalOnClass did not find required class 'org.apache.pulsar.client.api.PulsarClient' (OnClassCondition)

   QuartzAutoConfiguration:
      Did not match:
         - @ConditionalOnClass did not find required class 'org.quartz.Scheduler' (OnClassCondition)

   R2dbcAutoConfiguration:
      Did not match:
         - @ConditionalOnClass did not find required class 'io.r2dbc.spi.ConnectionFactory' (OnClassCondition)

   R2dbcDataAutoConfiguration:
      Did not match:
         - @ConditionalOnClass did not find required class 'org.springframework.data.r2dbc.core.R2dbcEntityTemplate' (OnClassCondition)

   R2dbcInitializationConfiguration:
      Did not match:
         - @ConditionalOnClass did not find required classes 'io.r2dbc.spi.ConnectionFactory', 'org.springframework.r2dbc.connection.init.DatabasePopulator' (OnClassCondition)

   R2dbcProxyAutoConfiguration:
      Did not match:
         - @ConditionalOnClass did not find required class 'io.r2dbc.proxy.ProxyConnectionFactory' (OnClassCondition)

   R2dbcRepositoriesAutoConfiguration:
      Did not match:
         - @ConditionalOnClass did not find required class 'io.r2dbc.spi.ConnectionFactory' (OnClassCondition)

   R2dbcTransactionManagerAutoConfiguration:
      Did not match:
         - @ConditionalOnClass did not find required class 'org.springframework.r2dbc.connection.R2dbcTransactionManager' (OnClassCondition)

   RSocketGraphQlClientAutoConfiguration:
      Did not match:
         - @ConditionalOnClass did not find required class 'graphql.GraphQL' (OnClassCondition)

   RSocketMessagingAutoConfiguration:
      Did not match:
         - @ConditionalOnClass did not find required class 'io.rsocket.RSocket' (OnClassCondition)

   RSocketRequesterAutoConfiguration:
      Did not match:
         - @ConditionalOnClass did not find required class 'io.rsocket.RSocket' (OnClassCondition)

   RSocketSecurityAutoConfiguration:
      Did not match:
         - @ConditionalOnClass did not find required class 'org.springframework.security.rsocket.core.SecuritySocketAcceptorInterceptor' (OnClassCondition)

   RSocketServerAutoConfiguration:
      Did not match:
         - @ConditionalOnClass did not find required class 'io.rsocket.core.RSocketServer' (OnClassCondition)

   RSocketStrategiesAutoConfiguration:
      Did not match:
         - @ConditionalOnClass did not find required class 'io.netty.buffer.PooledByteBufAllocator' (OnClassCondition)

   RabbitAutoConfiguration:
      Did not match:
         - @ConditionalOnClass did not find required class 'com.rabbitmq.client.Channel' (OnClassCondition)

   ReactiveElasticsearchClientAutoConfiguration:
      Did not match:
         - @ConditionalOnClass did not find required class 'co.elastic.clients.transport.ElasticsearchTransport' (OnClassCondition)

   ReactiveElasticsearchRepositoriesAutoConfiguration:
      Did not match:
         - @ConditionalOnClass did not find required class 'reactor.core.publisher.Mono' (OnClassCondition)

   ReactiveMultipartAutoConfiguration:
      Did not match:
         - @ConditionalOnClass did not find required class 'org.springframework.http.codec.multipart.DefaultPartHttpMessageReader' (OnClassCondition)

   ReactiveOAuth2ClientAutoConfiguration:
      Did not match:
         - @ConditionalOnClass did not find required class 'reactor.core.publisher.Flux' (OnClassCondition)

   ReactiveOAuth2ResourceServerAutoConfiguration:
      Did not match:
         - @ConditionalOnClass did not find required class 'org.springframework.security.config.annotation.web.reactive.EnableWebFluxSecurity' (OnClassCondition)

   ReactiveSecurityAutoConfiguration:
      Did not match:
         - @ConditionalOnClass did not find required class 'reactor.core.publisher.Flux' (OnClassCondition)

   ReactiveUserDetailsServiceAutoConfiguration:
      Did not match:
         - @ConditionalOnClass did not find required class 'org.springframework.security.authentication.ReactiveAuthenticationManager' (OnClassCondition)

   ReactiveWebServerFactoryAutoConfiguration:
      Did not match:
         - @ConditionalOnClass did not find required class 'org.springframework.http.ReactiveHttpInputMessage' (OnClassCondition)

   ReactorAutoConfiguration:
      Did not match:
         - @ConditionalOnClass did not find required class 'reactor.core.publisher.Hooks' (OnClassCondition)

   RedisAutoConfiguration:
      Did not match:
         - @ConditionalOnClass did not find required class 'org.springframework.data.redis.core.RedisOperations' (OnClassCondition)

   RedisCacheConfiguration:
      Did not match:
         - @ConditionalOnClass did not find required class 'org.springframework.data.redis.connection.RedisConnectionFactory' (OnClassCondition)

   RedisReactiveAutoConfiguration:
      Did not match:
         - @ConditionalOnClass did not find required class 'reactor.core.publisher.Flux' (OnClassCondition)

   RedisRepositoriesAutoConfiguration:
      Did not match:
         - @ConditionalOnClass did not find required class 'org.springframework.data.redis.repository.configuration.EnableRedisRepositories' (OnClassCondition)

   RepositoryRestMvcAutoConfiguration:
      Did not match:
         - @ConditionalOnClass did not find required class 'org.springframework.data.rest.webmvc.config.RepositoryRestMvcConfiguration' (OnClassCondition)

   RestClientAutoConfiguration:
      Did not match:
         - @ConditionalOnClass did not find required class 'org.springframework.web.client.RestClient' (OnClassCondition)

   RestTemplateAutoConfiguration:
      Did not match:
         - @ConditionalOnClass did not find required class 'org.springframework.web.client.RestTemplate' (OnClassCondition)

   Saml2RelyingPartyAutoConfiguration:
      Did not match:
         - @ConditionalOnClass did not find required class 'org.springframework.security.saml2.provider.service.registration.RelyingPartyRegistrationRepository' (OnClassCondition)

   SecurityAutoConfiguration:
      Did not match:
         - @ConditionalOnClass did not find required class 'org.springframework.security.authentication.DefaultAuthenticationEventPublisher' (OnClassCondition)

   SecurityFilterAutoConfiguration:
      Did not match:
         - @ConditionalOnClass did not find required class 'org.springframework.security.config.http.SessionCreationPolicy' (OnClassCondition)

   SendGridAutoConfiguration:
      Did not match:
         - @ConditionalOnClass did not find required class 'com.sendgrid.SendGrid' (OnClassCondition)

   ServletWebServerFactoryAutoConfiguration:
      Did not match:
         - @ConditionalOnClass did not find required class 'jakarta.servlet.ServletRequest' (OnClassCondition)

   SessionAutoConfiguration:
      Did not match:
         - @ConditionalOnClass did not find required class 'org.springframework.session.Session' (OnClassCondition)

   SpringDataWebAutoConfiguration:
      Did not match:
         - @ConditionalOnClass did not find required class 'org.springframework.data.web.PageableHandlerMethodArgumentResolver' (OnClassCondition)

   TaskExecutorConfigurations.SimpleAsyncTaskExecutorBuilderConfiguration#simpleAsyncTaskExecutorBuilderVirtualThreads:
      Did not match:
         - @ConditionalOnMissingBean (types: org.springframework.boot.task.SimpleAsyncTaskExecutorBuilder; SearchStrategy: all) found beans of type 'org.springframework.boot.task.SimpleAsyncTaskExecutorBuilder' simpleAsyncTaskExecutorBuilder (OnBeanCondition)

   TaskExecutorConfigurations.TaskExecutorConfiguration#applicationTaskExecutorVirtualThreads:
      Did not match:
         - @ConditionalOnThreading did not find VIRTUAL (OnThreadingCondition)

   TaskSchedulingAutoConfiguration#scheduledBeanLazyInitializationExcludeFilter:
      Did not match:
         - @ConditionalOnBean (names: org.springframework.context.annotation.internalScheduledAnnotationProcessor; SearchStrategy: all) did not find any beans named org.springframework.context.annotation.internalScheduledAnnotationProcessor (OnBeanCondition)

   TaskSchedulingConfigurations.SimpleAsyncTaskSchedulerBuilderConfiguration#simpleAsyncTaskSchedulerBuilderVirtualThreads:
      Did not match:
         - @ConditionalOnMissingBean (types: org.springframework.boot.task.SimpleAsyncTaskSchedulerBuilder; SearchStrategy: all) found beans of type 'org.springframework.boot.task.SimpleAsyncTaskSchedulerBuilder' simpleAsyncTaskSchedulerBuilder (OnBeanCondition)

   TaskSchedulingConfigurations.TaskSchedulerConfiguration:
      Did not match:
         - @ConditionalOnBean (names: org.springframework.context.annotation.internalScheduledAnnotationProcessor; SearchStrategy: all) did not find any beans named org.springframework.context.annotation.internalScheduledAnnotationProcessor (OnBeanCondition)

   ThymeleafAutoConfiguration:
      Did not match:
         - @ConditionalOnClass did not find required class 'org.thymeleaf.spring6.SpringTemplateEngine' (OnClassCondition)

   TransactionAutoConfiguration#transactionalOperator:
      Did not match:
         - @ConditionalOnSingleCandidate (types: org.springframework.transaction.ReactiveTransactionManager; SearchStrategy: all) did not find any beans (OnBeanCondition)

   TransactionAutoConfiguration.AspectJTransactionManagementConfiguration:
      Did not match:
         - @ConditionalOnBean (types: org.springframework.transaction.aspectj.AbstractTransactionAspect; SearchStrategy: all) did not find any beans of type org.springframework.transaction.aspectj.AbstractTransactionAspect (OnBeanCondition)

   TransactionAutoConfiguration.EnableTransactionManagementConfiguration.JdkDynamicAutoProxyConfiguration:
      Did not match:
         - @ConditionalOnProperty (spring.aop.proxy-target-class=false) did not find property 'proxy-target-class' (OnPropertyCondition)

   UserDetailsServiceAutoConfiguration:
      Did not match:
         - @ConditionalOnClass did not find required class 'org.springframework.security.authentication.AuthenticationManager' (OnClassCondition)

   ValidationAutoConfiguration:
      Did not match:
         - @ConditionalOnClass did not find required class 'jakarta.validation.executable.ExecutableValidator' (OnClassCondition)

   WebClientAutoConfiguration:
      Did not match:
         - @ConditionalOnClass did not find required class 'org.springframework.web.reactive.function.client.WebClient' (OnClassCondition)

   WebFluxAutoConfiguration:
      Did not match:
         - @ConditionalOnClass did not find required class 'org.springframework.web.reactive.config.WebFluxConfigurer' (OnClassCondition)

   WebMvcAutoConfiguration:
      Did not match:
         - @ConditionalOnClass did not find required class 'jakarta.servlet.Servlet' (OnClassCondition)

   WebServiceTemplateAutoConfiguration:
      Did not match:
         - @ConditionalOnClass did not find required class 'org.springframework.oxm.Marshaller' (OnClassCondition)

   WebServicesAutoConfiguration:
      Did not match:
         - @ConditionalOnClass did not find required class 'org.springframework.ws.transport.http.MessageDispatcherServlet' (OnClassCondition)

   WebSessionIdResolverAutoConfiguration:
      Did not match:
         - @ConditionalOnClass did not find required class 'reactor.core.publisher.Mono' (OnClassCondition)

   WebSocketMessagingAutoConfiguration:
      Did not match:
         - @ConditionalOnClass did not find required class 'org.springframework.web.socket.config.annotation.WebSocketMessageBrokerConfigurer' (OnClassCondition)

   WebSocketReactiveAutoConfiguration:
      Did not match:
         - @ConditionalOnClass did not find required class 'jakarta.servlet.Servlet' (OnClassCondition)

   WebSocketServletAutoConfiguration:
      Did not match:
         - @ConditionalOnClass did not find required class 'jakarta.servlet.Servlet' (OnClassCondition)

   XADataSourceAutoConfiguration:
      Did not match:
         - @ConditionalOnBean (types: org.springframework.boot.jdbc.XADataSourceWrapper; SearchStrategy: all) did not find any beans of type org.springframework.boot.jdbc.XADataSourceWrapper (OnBeanCondition)
      Matched:
         - @ConditionalOnClass found required classes 'javax.sql.DataSource', 'jakarta.transaction.TransactionManager', 'org.springframework.jdbc.datasource.embedded.EmbeddedDatabaseType' (OnClassCondition)


Exclusions:
-----------

    None


Unconditional classes:
----------------------

    org.springframework.boot.autoconfigure.context.ConfigurationPropertiesAutoConfiguration

    org.springframework.boot.autoconfigure.ssl.SslAutoConfiguration

    org.springframework.boot.autoconfigure.context.LifecycleAutoConfiguration

    org.springframework.boot.autoconfigure.context.PropertyPlaceholderAutoConfiguration

    org.springframework.boot.autoconfigure.availability.ApplicationAvailabilityAutoConfiguration

    org.springframework.boot.autoconfigure.info.ProjectInfoAutoConfiguration



2025-10-22 18:39:18 INFO  [main] ceu.dam.ad.tema3.ejercicios.App - Started App in 3.433 seconds (process running for 4.23)
2025-10-22 18:39:18 DEBUG [main] o.s.b.a.ApplicationAvailabilityBean - Application availability state LivenessState changed to CORRECT
2025-10-22 18:39:19 DEBUG [main] o.s.b.a.ApplicationAvailabilityBean - Application availability state ReadinessState changed to ACCEPTING_TRAFFIC
2025-10-22 18:39:19 DEBUG [HikariPool-1 connection adder] com.zaxxer.hikari.pool.HikariPool - HikariPool-1 - After adding stats (total=8, active=0, idle=8, waiting=0)
2025-10-22 18:39:19 DEBUG [main] o.s.o.j.SharedEntityManagerCreator$SharedEntityManagerInvocationHandler - Creating new EntityManager for shared EntityManager invocation
2025-10-22 18:39:19 DEBUG [HikariPool-1 connection adder] com.zaxxer.hikari.pool.HikariPool - HikariPool-1 - Added connection org.mariadb.jdbc.Connection@3813d279
2025-10-22 18:39:19 INFO  [main] o.s.o.j.p.SpringPersistenceUnitInfo - No LoadTimeWeaver setup: ignoring JPA class transformer
2025-10-22 18:39:19 DEBUG [main] o.h.b.internal.BootstrapContextImpl - Injecting JPA temp ClassLoader [null] into BootstrapContext; was [org.springframework.instrument.classloading.SimpleThrowawayClassLoader@19bedeb8]
2025-10-22 18:39:19 DEBUG [main] o.h.b.internal.ClassLoaderAccessImpl - ClassLoaderAccessImpl#injectTempClassLoader(null) [was org.springframework.instrument.classloading.SimpleThrowawayClassLoader@19bedeb8]
2025-10-22 18:39:19 DEBUG [main] o.h.e.j.e.i.JdbcEnvironmentInitiator - Database ->
	   name : MariaDB
	version : 11.8.3-MariaDB
	  major : 11
	  minor : 8
2025-10-22 18:39:19 DEBUG [main] o.h.e.j.e.i.JdbcEnvironmentInitiator - Driver ->
	   name : MariaDB Connector/J
	version : 3.4.1
	  major : 3
	  minor : 4
2025-10-22 18:39:19 DEBUG [main] o.h.e.j.e.i.JdbcEnvironmentInitiator - JDBC version : 4.2
2025-10-22 18:39:19 DEBUG [HikariPool-1 connection adder] com.zaxxer.hikari.pool.HikariPool - HikariPool-1 - After adding stats (total=9, active=1, idle=8, waiting=0)
2025-10-22 18:39:19 DEBUG [HikariPool-1 connection adder] com.zaxxer.hikari.pool.HikariPool - HikariPool-1 - Added connection org.mariadb.jdbc.Connection@7c3276e1
2025-10-22 18:39:19 DEBUG [main] org.hibernate.orm.dialect - HHH035001: Using dialect: org.hibernate.dialect.MariaDBDialect, version: 11.8.3
2025-10-22 18:39:19 DEBUG [main] o.h.e.j.e.s.IdentifierHelperBuilder - IdentifierCaseStrategy for both quoted and unquoted identifiers was set to the same strategy [LOWER]; that will likely lead to problems in schema update and validation if using quoted identifiers
2025-10-22 18:39:19 INFO  [main] o.hibernate.orm.connections.pooling - HHH10001005: Database info:
	Database JDBC URL [Connecting through datasource 'HikariDataSource (HikariPool-1)']
	Database driver: undefined/unknown
	Database version: 11.8.3
	Autocommit mode: undefined/unknown
	Isolation level: undefined/unknown
	Minimum pool size: undefined/unknown
	Maximum pool size: undefined/unknown
2025-10-22 18:39:19 DEBUG [main] o.h.t.d.sql.spi.DdlTypeRegistry - addDescriptor(12, org.hibernate.type.descriptor.sql.internal.CapacityDependentDdlType@11810917) replaced previous registration(org.hibernate.type.descriptor.sql.internal.CapacityDependentDdlType@13278a41)
2025-10-22 18:39:19 DEBUG [main] o.h.t.d.sql.spi.DdlTypeRegistry - addDescriptor(-9, org.hibernate.type.descriptor.sql.internal.CapacityDependentDdlType@4a31ed12) replaced previous registration(org.hibernate.type.descriptor.sql.internal.CapacityDependentDdlType@3ab595c8)
2025-10-22 18:39:19 DEBUG [main] o.h.t.d.sql.spi.DdlTypeRegistry - addDescriptor(-3, org.hibernate.type.descriptor.sql.internal.CapacityDependentDdlType@2365ea38) replaced previous registration(org.hibernate.type.descriptor.sql.internal.CapacityDependentDdlType@cbf1997)
2025-10-22 18:39:19 DEBUG [main] o.h.t.d.sql.spi.DdlTypeRegistry - addDescriptor(4003, org.hibernate.type.descriptor.sql.internal.DdlTypeImpl@49232c6f) replaced previous registration(org.hibernate.type.descriptor.sql.internal.DdlTypeImpl@5faeeb56)
2025-10-22 18:39:19 DEBUG [main] o.h.t.d.sql.spi.DdlTypeRegistry - addDescriptor(4001, org.hibernate.type.descriptor.sql.internal.DdlTypeImpl@5396eeb1) replaced previous registration(org.hibernate.type.descriptor.sql.internal.DdlTypeImpl@279126f5)
2025-10-22 18:39:19 DEBUG [main] o.h.t.d.sql.spi.DdlTypeRegistry - addDescriptor(4002, org.hibernate.type.descriptor.sql.internal.DdlTypeImpl@7781263c) replaced previous registration(org.hibernate.type.descriptor.sql.internal.DdlTypeImpl@5fdd97c1)
2025-10-22 18:39:19 DEBUG [main] o.h.t.d.sql.spi.DdlTypeRegistry - addDescriptor(2004, org.hibernate.type.descriptor.sql.internal.CapacityDependentDdlType@3b5a19ed) replaced previous registration(org.hibernate.type.descriptor.sql.internal.DdlTypeImpl@15d236fd)
2025-10-22 18:39:19 DEBUG [main] o.h.t.d.sql.spi.DdlTypeRegistry - addDescriptor(2005, org.hibernate.type.descriptor.sql.internal.CapacityDependentDdlType@6b9c42bd) replaced previous registration(org.hibernate.type.descriptor.sql.internal.DdlTypeImpl@584ca390)
2025-10-22 18:39:19 DEBUG [main] o.h.t.d.sql.spi.DdlTypeRegistry - addDescriptor(2011, org.hibernate.type.descriptor.sql.internal.CapacityDependentDdlType@33324c05) replaced previous registration(org.hibernate.type.descriptor.sql.internal.DdlTypeImpl@37d3e140)
2025-10-22 18:39:19 DEBUG [main] org.hibernate.orm.sql.ast.create - Created new SQL alias : p1_0
2025-10-22 18:39:19 DEBUG [main] org.hibernate.orm.sql.ast.create - Registration of TableGroup [StandardTableGroup(ceu.dam.ad.tema3.ejercicios.ejercicio01.model.Pelicula(2))] with identifierForTableGroup [ceu.dam.ad.tema3.ejercicios.ejercicio01.model.Pelicula] for NavigablePath [ceu.dam.ad.tema3.ejercicios.ejercicio01.model.Pelicula] 
2025-10-22 18:39:19 DEBUG [main] o.hibernate.type.BasicTypeRegistry - Adding type registration null -> org.hibernate.type.NullType@723742b2
2025-10-22 18:39:19 DEBUG [main] o.hibernate.type.BasicTypeRegistry - Type registration key [null] overrode previous entry : `org.hibernate.type.NullType@259b85d6`
2025-10-22 18:39:19 DEBUG [HikariPool-1 connection adder] com.zaxxer.hikari.pool.HikariPool - HikariPool-1 - After adding stats (total=10, active=0, idle=10, waiting=0)
2025-10-22 18:39:19 DEBUG [main] o.hibernate.type.BasicTypeRegistry - Adding type registration org.hibernate.type.DurationType -> basicType@1(java.time.Duration,3015)
2025-10-22 18:39:19 DEBUG [main] o.hibernate.type.BasicTypeRegistry - Adding type registration Duration -> basicType@1(java.time.Duration,3015)
2025-10-22 18:39:19 DEBUG [main] o.hibernate.type.BasicTypeRegistry - Adding type registration java.time.Duration -> basicType@1(java.time.Duration,3015)
2025-10-22 18:39:19 DEBUG [main] o.h.q.s.sql.BaseSqmToSqlAstConverter - Determining mapping-model type for SqmParameter : org.hibernate.query.sqm.tree.expression.SqmJpaCriteriaParameterWrapper@1237cade
2025-10-22 18:39:19 DEBUG [main] o.hibernate.type.BasicTypeRegistry - Adding type registration org.hibernate.type.OffsetDateTimeType -> basicType@2(java.time.OffsetDateTime,3003)
2025-10-22 18:39:19 DEBUG [main] o.hibernate.type.BasicTypeRegistry - Adding type registration OffsetDateTime -> basicType@2(java.time.OffsetDateTime,3003)
2025-10-22 18:39:19 DEBUG [main] o.hibernate.type.BasicTypeRegistry - Adding type registration java.time.OffsetDateTime -> basicType@2(java.time.OffsetDateTime,3003)
2025-10-22 18:39:19 DEBUG [main] o.h.q.s.sql.BaseSqmToSqlAstConverter - Determining mapping-model type for SqmPath : SqmBasicValuedSimplePath(ceu.dam.ad.tema3.ejercicios.ejercicio01.model.Pelicula(2).longitud) 
2025-10-22 18:39:19 DEBUG [main] o.hibernate.type.BasicTypeRegistry - Adding type registration org.hibernate.type.ZonedDateTimeType -> basicType@3(java.time.ZonedDateTime,3003)
2025-10-22 18:39:19 DEBUG [main] o.hibernate.type.BasicTypeRegistry - Adding type registration ZonedDateTime -> basicType@3(java.time.ZonedDateTime,3003)
2025-10-22 18:39:19 DEBUG [main] o.hibernate.type.BasicTypeRegistry - Adding type registration java.time.ZonedDateTime -> basicType@3(java.time.ZonedDateTime,3003)
2025-10-22 18:39:19 DEBUG [main] o.hibernate.type.BasicTypeRegistry - Adding type registration org.hibernate.type.OffsetTimeType -> basicType@4(java.time.OffsetTime,3007)
2025-10-22 18:39:19 DEBUG [main] o.hibernate.type.BasicTypeRegistry - Adding type registration OffsetTime -> basicType@4(java.time.OffsetTime,3007)
2025-10-22 18:39:19 DEBUG [main] o.hibernate.type.BasicTypeRegistry - Adding type registration java.time.OffsetTime -> basicType@4(java.time.OffsetTime,3007)
2025-10-22 18:39:19 DEBUG [main] o.h.type.spi.TypeConfiguration$Scope - Scoping TypeConfiguration [org.hibernate.type.spi.TypeConfiguration@482f7af0] to MetadataBuildingContext [org.hibernate.boot.internal.MetadataBuildingContextRootImpl@1edfedf1]
2025-10-22 18:39:19 DEBUG [main] org.hibernate.orm.results.graph.AST - DomainResult Graph:
 \-EntityResultImpl [ceu.dam.ad.tema3.ejercicios.ejercicio01.model.Pelicula(2)]
 |  +-BasicFetch [ceu.dam.ad.tema3.ejercicios.ejercicio01.model.Pelicula(2).longitud]
 |  \-BasicFetch [ceu.dam.ad.tema3.ejercicios.ejercicio01.model.Pelicula(2).nombre]

2025-10-22 18:39:19 DEBUG [main] org.hibernate.orm.sql.ast.tree - SQL AST Tree:
    SelectStatement {
      FromClause {
        StandardTableGroup (p1 : ceu.dam.ad.tema3.ejercicios.ejercicio01.model.Pelicula(2)) {
          primaryTableReference : film as p1_0
        }
      }
    }

2025-10-22 18:39:19 DEBUG [main] org.hibernate.orm.sql.exec - Skipping reading Query result cache data: cache-enabled = false, cache-mode = NORMAL
2025-10-22 18:39:19 DEBUG [main] org.hibernate.SQL - select p1_0.id,p1_0.length,p1_0.title from film p1_0 where p1_0.length<?
2025-10-22 18:39:19 DEBUG [main] o.h.boot.model.relational.Namespace - Created database namespace [logicalName=Name{catalog=null, schema=null}, physicalName=Name{catalog=null, schema=null}]
2025-10-22 18:39:19 DEBUG [main] o.h.boot.model.internal.EntityBinder - Binding entity from annotated class: ceu.dam.ad.tema3.ejercicios.ejercicio01.model.Pelicula
2025-10-22 18:39:19 DEBUG [main] o.h.boot.model.internal.EntityBinder - Import with entity name Pelicula
2025-10-22 18:39:19 DEBUG [main] o.h.boot.model.internal.EntityBinder - Bind entity ceu.dam.ad.tema3.ejercicios.ejercicio01.model.Pelicula on table film
2025-10-22 18:39:19 DEBUG [main] o.h.b.model.internal.AnnotatedColumn - Binding column: AnnotatedDiscriminatorColumn(column='DTYPE')
2025-10-22 18:39:19 DEBUG [main] o.h.b.model.internal.AnnotatedColumn - Binding column: AnnotatedColumn()
2025-10-22 18:39:19 DEBUG [main] o.h.b.internal.ClassLoaderAccessImpl - Not known whether passed class name [ceu.dam.ad.tema3.ejercicios.ejercicio01.model.Pelicula] is safe
2025-10-22 18:39:19 DEBUG [main] o.h.b.internal.ClassLoaderAccessImpl - No temp ClassLoader provided; using live ClassLoader for loading potentially unsafe class : ceu.dam.ad.tema3.ejercicios.ejercicio01.model.Pelicula
2025-10-22 18:39:19 DEBUG [main] o.h.b.model.internal.PropertyBinder - MetadataSourceProcessor property id with lazy=false
2025-10-22 18:39:19 DEBUG [main] o.h.b.m.i.AbstractPropertyHolder - Attempting to locate auto-apply AttributeConverter for property [ceu.dam.ad.tema3.ejercicios.ejercicio01.model.Pelicula:id]
2025-10-22 18:39:19 DEBUG [main] o.h.b.m.internal.BasicValueBinder - building BasicValue for id
2025-10-22 18:39:19 DEBUG [main] org.hibernate.mapping.BasicValue - Skipping column re-registration: film.id
2025-10-22 18:39:19 DEBUG [main] o.h.b.model.internal.PropertyBinder - Building property id
2025-10-22 18:39:19 DEBUG [main] o.h.boot.model.internal.BinderHelper - #makeIdGenerator(BasicValue([Column(id)]), id, identity, , ...)
2025-10-22 18:39:19 DEBUG [main] o.h.b.model.internal.AnnotatedColumn - Binding column: AnnotatedColumn(column='length')
2025-10-22 18:39:19 DEBUG [main] o.h.b.model.internal.PropertyBinder - MetadataSourceProcessor property longitud with lazy=false
2025-10-22 18:39:19 DEBUG [main] o.h.b.m.i.AbstractPropertyHolder - Attempting to locate auto-apply AttributeConverter for property [ceu.dam.ad.tema3.ejercicios.ejercicio01.model.Pelicula:longitud]
2025-10-22 18:39:19 DEBUG [main] o.h.b.m.internal.BasicValueBinder - building BasicValue for longitud
2025-10-22 18:39:19 DEBUG [main] org.hibernate.mapping.BasicValue - Skipping column re-registration: film.length
2025-10-22 18:39:19 DEBUG [main] o.h.b.model.internal.PropertyBinder - Building property longitud
2025-10-22 18:39:19 DEBUG [main] o.h.b.model.internal.AnnotatedColumn - Binding column: AnnotatedColumn(column='title')
2025-10-22 18:39:19 DEBUG [main] o.h.b.model.internal.PropertyBinder - MetadataSourceProcessor property nombre with lazy=false
2025-10-22 18:39:19 DEBUG [main] o.h.b.m.i.AbstractPropertyHolder - Attempting to locate auto-apply AttributeConverter for property [ceu.dam.ad.tema3.ejercicios.ejercicio01.model.Pelicula:nombre]
2025-10-22 18:39:19 DEBUG [main] o.h.b.m.internal.BasicValueBinder - building BasicValue for nombre
2025-10-22 18:39:19 DEBUG [main] org.hibernate.mapping.BasicValue - Skipping column re-registration: film.title
2025-10-22 18:39:19 DEBUG [main] o.h.b.model.internal.PropertyBinder - Building property nombre
2025-10-22 18:39:19 DEBUG [main] o.h.b.r.c.i.ClassLoaderServiceImpl - HHH000194: Package not found or no package-info.java: ceu.dam.ad.tema3.ejercicios.ejercicio01.model
2025-10-22 18:39:19 DEBUG [main] o.h.b.m.internal.BasicValueBinder - Starting `BasicValueBinder#fillSimpleValue` for id
2025-10-22 18:39:19 DEBUG [main] o.h.b.m.internal.BasicValueBinder - Starting `BasicValueBinder#fillSimpleValue` for longitud
2025-10-22 18:39:19 DEBUG [main] o.h.b.m.internal.BasicValueBinder - Starting `BasicValueBinder#fillSimpleValue` for nombre
2025-10-22 18:39:19 WARN  [main] o.m.jdbc.message.server.ErrorPacket - Error: 1054-42S22: Unknown column 'p1_0.id' in 'SELECT'
2025-10-22 18:39:19 DEBUG [main] org.hibernate.mapping.PrimaryKey - Forcing column [id] to be non-null as it is part of the primary key for table [film]
2025-10-22 18:39:19 DEBUG [main] o.h.e.jdbc.spi.SqlExceptionHelper - JDBC exception executing SQL [select p1_0.id,p1_0.length,p1_0.title from film p1_0 where p1_0.length<?] [n/a]
java.sql.SQLSyntaxErrorException: (conn=3) Unknown column 'p1_0.id' in 'SELECT'
	at org.mariadb.jdbc.export.ExceptionFactory.createException(ExceptionFactory.java:289)
	at org.mariadb.jdbc.export.ExceptionFactory.create(ExceptionFactory.java:378)
	at org.mariadb.jdbc.message.ClientMessage.readPacket(ClientMessage.java:189)
	at org.mariadb.jdbc.client.impl.StandardClient.readPacket(StandardClient.java:1235)
	at org.mariadb.jdbc.client.impl.StandardClient.readResults(StandardClient.java:1174)
	at org.mariadb.jdbc.client.impl.StandardClient.readResponse(StandardClient.java:1093)
	at org.mariadb.jdbc.client.impl.StandardClient.execute(StandardClient.java:1017)
	at org.mariadb.jdbc.ClientPreparedStatement.executeInternal(ClientPreparedStatement.java:101)
	at org.mariadb.jdbc.ClientPreparedStatement.executeQuery(ClientPreparedStatement.java:257)
	at com.zaxxer.hikari.pool.ProxyPreparedStatement.executeQuery(ProxyPreparedStatement.java:52)
	at com.zaxxer.hikari.pool.HikariProxyPreparedStatement.executeQuery(HikariProxyPreparedStatement.java)
	at org.hibernate.sql.results.jdbc.internal.DeferredResultSetAccess.executeQuery(DeferredResultSetAccess.java:250)
	at org.hibernate.sql.results.jdbc.internal.DeferredResultSetAccess.getResultSet(DeferredResultSetAccess.java:171)
	at org.hibernate.sql.results.jdbc.internal.JdbcValuesResultSetImpl.<init>(JdbcValuesResultSetImpl.java:74)
	at org.hibernate.sql.exec.internal.JdbcSelectExecutorStandardImpl.resolveJdbcValuesSource(JdbcSelectExecutorStandardImpl.java:355)
	at org.hibernate.sql.exec.internal.JdbcSelectExecutorStandardImpl.doExecuteQuery(JdbcSelectExecutorStandardImpl.java:137)
	at org.hibernate.sql.exec.internal.JdbcSelectExecutorStandardImpl.executeQuery(JdbcSelectExecutorStandardImpl.java:102)
	at org.hibernate.sql.exec.spi.JdbcSelectExecutor.executeQuery(JdbcSelectExecutor.java:91)
	at org.hibernate.sql.exec.spi.JdbcSelectExecutor.list(JdbcSelectExecutor.java:165)
	at org.hibernate.query.sqm.internal.ConcreteSqmSelectQueryPlan.lambda$new$1(ConcreteSqmSelectQueryPlan.java:152)
	at org.hibernate.query.sqm.internal.ConcreteSqmSelectQueryPlan.withCacheableSqmInterpretation(ConcreteSqmSelectQueryPlan.java:442)
	at org.hibernate.query.sqm.internal.ConcreteSqmSelectQueryPlan.performList(ConcreteSqmSelectQueryPlan.java:362)
	at org.hibernate.query.sqm.internal.QuerySqmImpl.doList(QuerySqmImpl.java:380)
	at org.hibernate.query.spi.AbstractSelectionQuery.list(AbstractSelectionQuery.java:143)
	at org.hibernate.query.Query.getResultList(Query.java:120)
	at java.base/jdk.internal.reflect.DirectMethodHandleAccessor.invoke(DirectMethodHandleAccessor.java:103)
	at java.base/java.lang.reflect.Method.invoke(Method.java:580)
	at org.springframework.orm.jpa.SharedEntityManagerCreator$DeferredQueryInvocationHandler.invoke(SharedEntityManagerCreator.java:419)
	at jdk.proxy2/jdk.proxy2.$Proxy106.getResultList(Unknown Source)
	at org.springframework.data.jpa.repository.query.JpaQueryExecution$CollectionExecution.doExecute(JpaQueryExecution.java:130)
	at org.springframework.data.jpa.repository.query.JpaQueryExecution.execute(JpaQueryExecution.java:93)
	at org.springframework.data.jpa.repository.query.AbstractJpaQuery.doExecute(AbstractJpaQuery.java:152)
	at org.springframework.data.jpa.repository.query.AbstractJpaQuery.execute(AbstractJpaQuery.java:140)
	at org.springframework.data.repository.core.support.RepositoryMethodInvoker.doInvoke(RepositoryMethodInvoker.java:170)
	at org.springframework.data.repository.core.support.RepositoryMethodInvoker.invoke(RepositoryMethodInvoker.java:158)
	at org.springframework.data.repository.core.support.QueryExecutorMethodInterceptor.doInvoke(QueryExecutorMethodInterceptor.java:170)
	at org.springframework.data.repository.core.support.QueryExecutorMethodInterceptor.invoke(QueryExecutorMethodInterceptor.java:149)
	at org.springframework.aop.framework.ReflectiveMethodInvocation.proceed(ReflectiveMethodInvocation.java:184)
	at org.springframework.data.projection.DefaultMethodInvokingMethodInterceptor.invoke(DefaultMethodInvokingMethodInterceptor.java:69)
	at org.springframework.aop.framework.ReflectiveMethodInvocation.proceed(ReflectiveMethodInvocation.java:184)
	at org.springframework.transaction.interceptor.TransactionAspectSupport.invokeWithinTransaction(TransactionAspectSupport.java:380)
	at org.springframework.transaction.interceptor.TransactionInterceptor.invoke(TransactionInterceptor.java:119)
	at org.springframework.aop.framework.ReflectiveMethodInvocation.proceed(ReflectiveMethodInvocation.java:184)
	at org.springframework.dao.support.PersistenceExceptionTranslationInterceptor.invoke(PersistenceExceptionTranslationInterceptor.java:138)
	at org.springframework.aop.framework.ReflectiveMethodInvocation.proceed(ReflectiveMethodInvocation.java:184)
	at org.springframework.data.jpa.repository.support.CrudMethodMetadataPostProcessor$CrudMethodMetadataPopulatingMethodInterceptor.invoke(CrudMethodMetadataPostProcessor.java:136)
	at org.springframework.aop.framework.ReflectiveMethodInvocation.proceed(ReflectiveMethodInvocation.java:184)
	at org.springframework.aop.framework.JdkDynamicAopProxy.invoke(JdkDynamicAopProxy.java:223)
	at jdk.proxy2/jdk.proxy2.$Proxy101.findByLongitudLessThan(Unknown Source)
	at ceu.dam.ad.tema3.ejercicios.ejercicio01.services.PeliculasService.consultarPeliculas(PeliculasService.java:26)
	at ceu.dam.ad.tema3.ejercicios.ejercicio01.test.TestEj1.test(TestEj1.java:20)
	at ceu.dam.ad.tema3.ejercicios.App.main(App.java:22)
2025-10-22 18:39:19 WARN  [main] o.h.e.jdbc.spi.SqlExceptionHelper - SQL Error: 1054, SQLState: 42S22
2025-10-22 18:39:19 ERROR [main] o.h.e.jdbc.spi.SqlExceptionHelper - (conn=3) Unknown column 'p1_0.id' in 'SELECT'
2025-10-22 18:39:19 DEBUG [main] o.h.e.t.internal.TransactionImpl - On TransactionImpl creation, JpaCompliance#isJpaTransactionComplianceEnabled == false
2025-10-22 18:39:19 WARN  [main] c.d.a.t.e.e.s.PeliculasService - No se ha encontrado
org.springframework.dao.InvalidDataAccessResourceUsageException: JDBC exception executing SQL [select p1_0.id,p1_0.length,p1_0.title from film p1_0 where p1_0.length<?] [(conn=3) Unknown column 'p1_0.id' in 'SELECT'] [n/a]; SQL [n/a]
	at org.springframework.orm.jpa.vendor.HibernateJpaDialect.convertHibernateAccessException(HibernateJpaDialect.java:277)
	at org.springframework.orm.jpa.vendor.HibernateJpaDialect.translateExceptionIfPossible(HibernateJpaDialect.java:241)
	at org.springframework.orm.jpa.AbstractEntityManagerFactoryBean.translateExceptionIfPossible(AbstractEntityManagerFactoryBean.java:560)
	at org.springframework.dao.support.ChainedPersistenceExceptionTranslator.translateExceptionIfPossible(ChainedPersistenceExceptionTranslator.java:61)
	at org.springframework.dao.support.DataAccessUtils.translateIfNecessary(DataAccessUtils.java:343)
	at org.springframework.dao.support.PersistenceExceptionTranslationInterceptor.invoke(PersistenceExceptionTranslationInterceptor.java:160)
	at org.springframework.aop.framework.ReflectiveMethodInvocation.proceed(ReflectiveMethodInvocation.java:184)
	at org.springframework.data.jpa.repository.support.CrudMethodMetadataPostProcessor$CrudMethodMetadataPopulatingMethodInterceptor.invoke(CrudMethodMetadataPostProcessor.java:136)
	at org.springframework.aop.framework.ReflectiveMethodInvocation.proceed(ReflectiveMethodInvocation.java:184)
	at org.springframework.aop.framework.JdkDynamicAopProxy.invoke(JdkDynamicAopProxy.java:223)
	at jdk.proxy2/jdk.proxy2.$Proxy101.findByLongitudLessThan(Unknown Source)
	at ceu.dam.ad.tema3.ejercicios.ejercicio01.services.PeliculasService.consultarPeliculas(PeliculasService.java:26)
	at ceu.dam.ad.tema3.ejercicios.ejercicio01.test.TestEj1.test(TestEj1.java:20)
	at ceu.dam.ad.tema3.ejercicios.App.main(App.java:22)
Caused by: org.hibernate.exception.SQLGrammarException: JDBC exception executing SQL [select p1_0.id,p1_0.length,p1_0.title from film p1_0 where p1_0.length<?] [(conn=3) Unknown column 'p1_0.id' in 'SELECT'] [n/a]
	at org.hibernate.exception.internal.SQLExceptionTypeDelegate.convert(SQLExceptionTypeDelegate.java:66)
	at org.hibernate.exception.internal.StandardSQLExceptionConverter.convert(StandardSQLExceptionConverter.java:58)
	at org.hibernate.engine.jdbc.spi.SqlExceptionHelper.convert(SqlExceptionHelper.java:108)
	at org.hibernate.engine.jdbc.spi.SqlExceptionHelper.convert(SqlExceptionHelper.java:94)
	at org.hibernate.sql.results.jdbc.internal.DeferredResultSetAccess.executeQuery(DeferredResultSetAccess.java:268)
	at org.hibernate.sql.results.jdbc.internal.DeferredResultSetAccess.getResultSet(DeferredResultSetAccess.java:171)
	at org.hibernate.sql.results.jdbc.internal.JdbcValuesResultSetImpl.<init>(JdbcValuesResultSetImpl.java:74)
	at org.hibernate.sql.exec.internal.JdbcSelectExecutorStandardImpl.resolveJdbcValuesSource(JdbcSelectExecutorStandardImpl.java:355)
	at org.hibernate.sql.exec.internal.JdbcSelectExecutorStandardImpl.doExecuteQuery(JdbcSelectExecutorStandardImpl.java:137)
	at org.hibernate.sql.exec.internal.JdbcSelectExecutorStandardImpl.executeQuery(JdbcSelectExecutorStandardImpl.java:102)
	at org.hibernate.sql.exec.spi.JdbcSelectExecutor.executeQuery(JdbcSelectExecutor.java:91)
	at org.hibernate.sql.exec.spi.JdbcSelectExecutor.list(JdbcSelectExecutor.java:165)
	at org.hibernate.query.sqm.internal.ConcreteSqmSelectQueryPlan.lambda$new$1(ConcreteSqmSelectQueryPlan.java:152)
	at org.hibernate.query.sqm.internal.ConcreteSqmSelectQueryPlan.withCacheableSqmInterpretation(ConcreteSqmSelectQueryPlan.java:442)
	at org.hibernate.query.sqm.internal.ConcreteSqmSelectQueryPlan.performList(ConcreteSqmSelectQueryPlan.java:362)
	at org.hibernate.query.sqm.internal.QuerySqmImpl.doList(QuerySqmImpl.java:380)
	at org.hibernate.query.spi.AbstractSelectionQuery.list(AbstractSelectionQuery.java:143)
	at org.hibernate.query.Query.getResultList(Query.java:120)
	at java.base/jdk.internal.reflect.DirectMethodHandleAccessor.invoke(DirectMethodHandleAccessor.java:103)
	at java.base/java.lang.reflect.Method.invoke(Method.java:580)
	at org.springframework.orm.jpa.SharedEntityManagerCreator$DeferredQueryInvocationHandler.invoke(SharedEntityManagerCreator.java:419)
	at jdk.proxy2/jdk.proxy2.$Proxy106.getResultList(Unknown Source)
	at org.springframework.data.jpa.repository.query.JpaQueryExecution$CollectionExecution.doExecute(JpaQueryExecution.java:130)
	at org.springframework.data.jpa.repository.query.JpaQueryExecution.execute(JpaQueryExecution.java:93)
	at org.springframework.data.jpa.repository.query.AbstractJpaQuery.doExecute(AbstractJpaQuery.java:152)
	at org.springframework.data.jpa.repository.query.AbstractJpaQuery.execute(AbstractJpaQuery.java:140)
	at org.springframework.data.repository.core.support.RepositoryMethodInvoker.doInvoke(RepositoryMethodInvoker.java:170)
	at org.springframework.data.repository.core.support.RepositoryMethodInvoker.invoke(RepositoryMethodInvoker.java:158)
	at org.springframework.data.repository.core.support.QueryExecutorMethodInterceptor.doInvoke(QueryExecutorMethodInterceptor.java:170)
	at org.springframework.data.repository.core.support.QueryExecutorMethodInterceptor.invoke(QueryExecutorMethodInterceptor.java:149)
	at org.springframework.aop.framework.ReflectiveMethodInvocation.proceed(ReflectiveMethodInvocation.java:184)
	at org.springframework.data.projection.DefaultMethodInvokingMethodInterceptor.invoke(DefaultMethodInvokingMethodInterceptor.java:69)
	at org.springframework.aop.framework.ReflectiveMethodInvocation.proceed(ReflectiveMethodInvocation.java:184)
	at org.springframework.transaction.interceptor.TransactionAspectSupport.invokeWithinTransaction(TransactionAspectSupport.java:380)
	at org.springframework.transaction.interceptor.TransactionInterceptor.invoke(TransactionInterceptor.java:119)
	at org.springframework.aop.framework.ReflectiveMethodInvocation.proceed(ReflectiveMethodInvocation.java:184)
	at org.springframework.dao.support.PersistenceExceptionTranslationInterceptor.invoke(PersistenceExceptionTranslationInterceptor.java:138)
	... 8 common frames omitted
Caused by: java.sql.SQLSyntaxErrorException: (conn=3) Unknown column 'p1_0.id' in 'SELECT'
	at org.mariadb.jdbc.export.ExceptionFactory.createException(ExceptionFactory.java:289)
	at org.mariadb.jdbc.export.ExceptionFactory.create(ExceptionFactory.java:378)
	at org.mariadb.jdbc.message.ClientMessage.readPacket(ClientMessage.java:189)
	at org.mariadb.jdbc.client.impl.StandardClient.readPacket(StandardClient.java:1235)
	at org.mariadb.jdbc.client.impl.StandardClient.readResults(StandardClient.java:1174)
	at org.mariadb.jdbc.client.impl.StandardClient.readResponse(StandardClient.java:1093)
	at org.mariadb.jdbc.client.impl.StandardClient.execute(StandardClient.java:1017)
	at org.mariadb.jdbc.ClientPreparedStatement.executeInternal(ClientPreparedStatement.java:101)
	at org.mariadb.jdbc.ClientPreparedStatement.executeQuery(ClientPreparedStatement.java:257)
	at com.zaxxer.hikari.pool.ProxyPreparedStatement.executeQuery(ProxyPreparedStatement.java:52)
	at com.zaxxer.hikari.pool.HikariProxyPreparedStatement.executeQuery(HikariProxyPreparedStatement.java)
	at org.hibernate.sql.results.jdbc.internal.DeferredResultSetAccess.executeQuery(DeferredResultSetAccess.java:250)
	... 40 common frames omitted
2025-10-22 18:39:19 DEBUG [SpringApplicationShutdownHook] o.s.c.a.AnnotationConfigApplicationContext - Closing org.springframework.context.annotation.AnnotationConfigApplicationContext@7829b776, started on Wed Oct 22 18:39:15 CEST 2025
2025-10-22 18:39:19 DEBUG [SpringApplicationShutdownHook] o.s.c.s.DefaultLifecycleProcessor - Stopping beans in phase 1073741823
2025-10-22 18:39:19 DEBUG [SpringApplicationShutdownHook] o.s.c.s.DefaultLifecycleProcessor - Bean 'applicationTaskExecutor' completed its stop procedure
2025-10-22 18:39:19 DEBUG [SpringApplicationShutdownHook] o.s.c.s.DefaultLifecycleProcessor - Stopping beans in phase -2147483647
2025-10-22 18:39:19 DEBUG [SpringApplicationShutdownHook] o.s.c.s.DefaultLifecycleProcessor - Bean 'springBootLoggingLifecycle' completed its stop procedure
2025-10-22 18:39:19 DEBUG [SpringApplicationShutdownHook] o.s.s.c.ThreadPoolTaskExecutor - Shutting down ExecutorService 'applicationTaskExecutor'
2025-10-22 18:39:19 DEBUG [SpringApplicationShutdownHook] o.s.j.e.a.AnnotationMBeanExporter - Unregistering JMX-exposed beans on shutdown
2025-10-22 18:39:19 DEBUG [SpringApplicationShutdownHook] o.s.j.e.a.AnnotationMBeanExporter - Unregistering JMX-exposed beans
2025-10-22 18:39:19 INFO  [SpringApplicationShutdownHook] o.s.o.j.LocalContainerEntityManagerFactoryBean - Closing JPA EntityManagerFactory for persistence unit 'default'
2025-10-22 18:39:19 DEBUG [SpringApplicationShutdownHook] o.h.internal.SessionFactoryImpl - HHH000031: Closing
2025-10-22 18:39:19 DEBUG [SpringApplicationShutdownHook] o.h.type.spi.TypeConfiguration$Scope - Un-scoping TypeConfiguration [org.hibernate.type.spi.TypeConfiguration$Scope@b9c12f1] from SessionFactory [org.hibernate.internal.SessionFactoryImpl@388e4c25]
2025-10-22 18:39:19 DEBUG [SpringApplicationShutdownHook] o.h.s.i.AbstractServiceRegistryImpl - Implicitly destroying ServiceRegistry on de-registration of all child ServiceRegistries
2025-10-22 18:39:19 DEBUG [SpringApplicationShutdownHook] o.h.b.r.i.BootstrapServiceRegistryImpl - Implicitly destroying Boot-strap registry on de-registration of all child ServiceRegistries
2025-10-22 18:39:19 INFO  [SpringApplicationShutdownHook] com.zaxxer.hikari.HikariDataSource - HikariPool-1 - Shutdown initiated...
2025-10-22 18:39:19 DEBUG [SpringApplicationShutdownHook] com.zaxxer.hikari.pool.HikariPool - HikariPool-1 - Before shutdown stats (total=10, active=0, idle=10, waiting=0)
2025-10-22 18:39:19 DEBUG [HikariPool-1 connection closer] com.zaxxer.hikari.pool.PoolBase - HikariPool-1 - Closing connection org.mariadb.jdbc.Connection@2e1ddc90: (connection evicted)
2025-10-22 18:39:19 DEBUG [HikariPool-1 connection closer] com.zaxxer.hikari.pool.PoolBase - HikariPool-1 - Closing connection org.mariadb.jdbc.Connection@2953fd6e: (connection evicted)
2025-10-22 18:39:19 DEBUG [HikariPool-1 connection closer] com.zaxxer.hikari.pool.PoolBase - HikariPool-1 - Closing connection org.mariadb.jdbc.Connection@6e8b25c8: (connection evicted)
2025-10-22 18:39:19 DEBUG [HikariPool-1 connection closer] com.zaxxer.hikari.pool.PoolBase - HikariPool-1 - Closing connection org.mariadb.jdbc.Connection@1f28a749: (connection evicted)
2025-10-22 18:39:19 DEBUG [HikariPool-1 connection closer] com.zaxxer.hikari.pool.PoolBase - HikariPool-1 - Closing connection org.mariadb.jdbc.Connection@1c0ed20: (connection evicted)
2025-10-22 18:39:19 DEBUG [HikariPool-1 connection closer] com.zaxxer.hikari.pool.PoolBase - HikariPool-1 - Closing connection org.mariadb.jdbc.Connection@7b81a92b: (connection evicted)
2025-10-22 18:39:19 DEBUG [HikariPool-1 connection closer] com.zaxxer.hikari.pool.PoolBase - HikariPool-1 - Closing connection org.mariadb.jdbc.Connection@5f128c13: (connection evicted)
2025-10-22 18:39:19 DEBUG [HikariPool-1 connection closer] com.zaxxer.hikari.pool.PoolBase - HikariPool-1 - Closing connection org.mariadb.jdbc.Connection@13dd90d6: (connection evicted)
2025-10-22 18:39:19 DEBUG [HikariPool-1 connection closer] com.zaxxer.hikari.pool.PoolBase - HikariPool-1 - Closing connection org.mariadb.jdbc.Connection@4af98048: (connection evicted)
2025-10-22 18:39:19 DEBUG [HikariPool-1 connection closer] com.zaxxer.hikari.pool.PoolBase - HikariPool-1 - Closing connection org.mariadb.jdbc.Connection@6c56491f: (connection evicted)
2025-10-22 18:39:19 DEBUG [SpringApplicationShutdownHook] com.zaxxer.hikari.pool.HikariPool - HikariPool-1 - After shutdown stats (total=0, active=0, idle=0, waiting=0)
2025-10-22 18:39:19 INFO  [SpringApplicationShutdownHook] com.zaxxer.hikari.HikariDataSource - HikariPool-1 - Shutdown completed.
2025-10-22 18:39:19 DEBUG [main] o.h.internal.SessionFactoryImpl - Building session factory
2025-10-22 18:39:19 DEBUG [main] o.h.s.i.SessionFactoryServiceRegistryImpl - EventListenerRegistry access via ServiceRegistry is deprecated.  Use `sessionFactory.getEventEngine().getListenerRegistry()` instead
2025-10-22 18:39:19 DEBUG [main] o.h.internal.SessionFactoryImpl - Instantiating SessionFactory with settings: {java.specification.version=21, sun.cpu.isalist=amd64, hibernate.resource.beans.container=org.springframework.orm.hibernate5.SpringBeanContainer@13fe5bb7, hibernate.connection.handling_mode=DELAYED_ACQUISITION_AND_HOLD, sun.jnu.encoding=Cp1252, hibernate.implicit_naming_strategy=org.springframework.boot.orm.jpa.hibernate.SpringImplicitNamingStrategy, java.class.path=C:\Users\rromero2106\Desktop\Github\Acceso-a-Datos\misproyecto\ejercicios-tema-02-basicos\target\classes;C:\Users\rromero2106\.m2\repository\org\springframework\boot\spring-boot-starter-data-jpa\3.4.0\spring-boot-starter-data-jpa-3.4.0.jar;C:\Users\rromero2106\.m2\repository\org\springframework\boot\spring-boot-starter\3.4.0\spring-boot-starter-3.4.0.jar;C:\Users\rromero2106\.m2\repository\org\springframework\boot\spring-boot\3.4.0\spring-boot-3.4.0.jar;C:\Users\rromero2106\.m2\repository\org\springframework\boot\spring-boot-autoconfigure\3.4.0\spring-boot-autoconfigure-3.4.0.jar;C:\Users\rromero2106\.m2\repository\org\springframework\boot\spring-boot-starter-logging\3.4.0\spring-boot-starter-logging-3.4.0.jar;C:\Users\rromero2106\.m2\repository\ch\qos\logback\logback-classic\1.5.12\logback-classic-1.5.12.jar;C:\Users\rromero2106\.m2\repository\ch\qos\logback\logback-core\1.5.12\logback-core-1.5.12.jar;C:\Users\rromero2106\.m2\repository\org\apache\logging\log4j\log4j-to-slf4j\2.24.1\log4j-to-slf4j-2.24.1.jar;C:\Users\rromero2106\.m2\repository\org\apache\logging\log4j\log4j-api\2.24.1\log4j-api-2.24.1.jar;C:\Users\rromero2106\.m2\repository\org\slf4j\jul-to-slf4j\2.0.16\jul-to-slf4j-2.0.16.jar;C:\Users\rromero2106\.m2\repository\jakarta\annotation\jakarta.annotation-api\2.1.1\jakarta.annotation-api-2.1.1.jar;C:\Users\rromero2106\.m2\repository\org\yaml\snakeyaml\2.3\snakeyaml-2.3.jar;C:\Users\rromero2106\.m2\repository\org\springframework\boot\spring-boot-starter-jdbc\3.4.0\spring-boot-starter-jdbc-3.4.0.jar;C:\Users\rromero2106\.m2\repository\com\zaxxer\HikariCP\5.1.0\HikariCP-5.1.0.jar;C:\Users\rromero2106\.m2\repository\org\springframework\spring-jdbc\6.2.0\spring-jdbc-6.2.0.jar;C:\Users\rromero2106\.m2\repository\org\hibernate\orm\hibernate-core\6.6.2.Final\hibernate-core-6.6.2.Final.jar;C:\Users\rromero2106\.m2\repository\jakarta\persistence\jakarta.persistence-api\3.1.0\jakarta.persistence-api-3.1.0.jar;C:\Users\rromero2106\.m2\repository\jakarta\transaction\jakarta.transaction-api\2.0.1\jakarta.transaction-api-2.0.1.jar;C:\Users\rromero2106\.m2\repository\org\jboss\logging\jboss-logging\3.6.1.Final\jboss-logging-3.6.1.Final.jar;C:\Users\rromero2106\.m2\repository\org\hibernate\common\hibernate-commons-annotations\7.0.3.Final\hibernate-commons-annotations-7.0.3.Final.jar;C:\Users\rromero2106\.m2\repository\io\smallrye\jandex\3.2.0\jandex-3.2.0.jar;C:\Users\rromero2106\.m2\repository\com\fasterxml\classmate\1.7.0\classmate-1.7.0.jar;C:\Users\rromero2106\.m2\repository\net\bytebuddy\byte-buddy\1.15.10\byte-buddy-1.15.10.jar;C:\Users\rromero2106\.m2\repository\org\glassfish\jaxb\jaxb-runtime\4.0.5\jaxb-runtime-4.0.5.jar;C:\Users\rromero2106\.m2\repository\org\glassfish\jaxb\jaxb-core\4.0.5\jaxb-core-4.0.5.jar;C:\Users\rromero2106\.m2\repository\org\eclipse\angus\angus-activation\2.0.2\angus-activation-2.0.2.jar;C:\Users\rromero2106\.m2\repository\org\glassfish\jaxb\txw2\4.0.5\txw2-4.0.5.jar;C:\Users\rromero2106\.m2\repository\com\sun\istack\istack-commons-runtime\4.1.2\istack-commons-runtime-4.1.2.jar;C:\Users\rromero2106\.m2\repository\jakarta\inject\jakarta.inject-api\2.0.1\jakarta.inject-api-2.0.1.jar;C:\Users\rromero2106\.m2\repository\org\antlr\antlr4-runtime\4.13.0\antlr4-runtime-4.13.0.jar;C:\Users\rromero2106\.m2\repository\org\springframework\data\spring-data-jpa\3.4.0\spring-data-jpa-3.4.0.jar;C:\Users\rromero2106\.m2\repository\org\springframework\data\spring-data-commons\3.4.0\spring-data-commons-3.4.0.jar;C:\Users\rromero2106\.m2\repository\org\springframework\spring-orm\6.2.0\spring-orm-6.2.0.jar;C:\Users\rromero2106\.m2\repository\org\springframework\spring-context\6.2.0\spring-context-6.2.0.jar;C:\Users\rromero2106\.m2\repository\org\springframework\spring-expression\6.2.0\spring-expression-6.2.0.jar;C:\Users\rromero2106\.m2\repository\io\micrometer\micrometer-observation\1.14.1\micrometer-observation-1.14.1.jar;C:\Users\rromero2106\.m2\repository\io\micrometer\micrometer-commons\1.14.1\micrometer-commons-1.14.1.jar;C:\Users\rromero2106\.m2\repository\org\springframework\spring-aop\6.2.0\spring-aop-6.2.0.jar;C:\Users\rromero2106\.m2\repository\org\springframework\spring-tx\6.2.0\spring-tx-6.2.0.jar;C:\Users\rromero2106\.m2\repository\org\springframework\spring-beans\6.2.0\spring-beans-6.2.0.jar;C:\Users\rromero2106\.m2\repository\org\slf4j\slf4j-api\2.0.16\slf4j-api-2.0.16.jar;C:\Users\rromero2106\.m2\repository\org\springframework\spring-aspects\6.2.0\spring-aspects-6.2.0.jar;C:\Users\rromero2106\.m2\repository\org\aspectj\aspectjweaver\1.9.22.1\aspectjweaver-1.9.22.1.jar;C:\Users\rromero2106\.m2\repository\org\mariadb\jdbc\mariadb-java-client\3.4.1\mariadb-java-client-3.4.1.jar;C:\Users\rromero2106\.m2\repository\com\github\waffle\waffle-jna\3.3.0\waffle-jna-3.3.0.jar;C:\Users\rromero2106\.m2\repository\net\java\dev\jna\jna\5.13.0\jna-5.13.0.jar;C:\Users\rromero2106\.m2\repository\net\java\dev\jna\jna-platform\5.13.0\jna-platform-5.13.0.jar;C:\Users\rromero2106\.m2\repository\org\slf4j\jcl-over-slf4j\2.0.16\jcl-over-slf4j-2.0.16.jar;C:\Users\rromero2106\.m2\repository\com\github\ben-manes\caffeine\caffeine\3.1.8\caffeine-3.1.8.jar;C:\Users\rromero2106\.m2\repository\com\google\errorprone\error_prone_annotations\2.21.1\error_prone_annotations-2.21.1.jar;C:\Users\rromero2106\.m2\repository\org\checkerframework\checker-qual\3.32.0\checker-qual-3.32.0.jar;C:\Users\rromero2106\.m2\repository\org\projectlombok\lombok\1.18.36\lombok-1.18.36.jar;C:\Users\rromero2106\.m2\repository\jakarta\xml\bind\jakarta.xml.bind-api\4.0.2\jakarta.xml.bind-api-4.0.2.jar;C:\Users\rromero2106\.m2\repository\jakarta\activation\jakarta.activation-api\2.1.3\jakarta.activation-api-2.1.3.jar;C:\Users\rromero2106\.m2\repository\org\springframework\spring-core\6.2.0\spring-core-6.2.0.jar;C:\Users\rromero2106\.m2\repository\org\springframework\spring-jcl\6.2.0\spring-jcl-6.2.0.jar;C:\Users\rromero2106\.m2\repository\commons-codec\commons-codec\1.17.1\commons-codec-1.17.1.jar, com.sun.management.jmxremote.authenticate=false, java.vm.vendor=Eclipse Adoptium, sun.arch.data.model=64, user.variant=, java.vendor.url=https://adoptium.net/, user.timezone=Europe/Madrid, jakarta.persistence.sharedCache.mode=UNSPECIFIED, org.jboss.logging.provider=slf4j, java.vm.specification.version=21, os.name=Windows 11, APPLICATION_NAME=demo-spring-perros, jakarta.persistence.nonJtaDataSource=HikariDataSource (HikariPool-1), sun.java.launcher=SUN_STANDARD, user.country=ES, sun.boot.library.path=C:\Users\rromero2106\Downloads\eclipse-java-2025-09-R-win32-x86_64\eclipse\plugins\org.eclipse.justj.openjdk.hotspot.jre.full.win32.x86_64_21.0.8.v20250724-1412\jre\bin, com.sun.management.jmxremote.ssl=false, sun.java.command=ceu.dam.ad.tema3.ejercicios.App, spring.application.admin.enabled=true, javax.persistence.nonJtaDataSource=HikariDataSource (HikariPool-1), hibernate.transaction.jta.platform=org.hibernate.engine.transaction.jta.platform.internal.NoJtaPlatform@4276ad40, com.sun.management.jmxremote=, jdk.debug=release, sun.cpu.endian=little, hibernate.cdi.extensions=true, spring.boot.project.name=ejercicios-tema-02-basicos, user.home=C:\Users\rromero2106, user.language=es, java.specification.vendor=Oracle Corporation, java.version.date=2025-07-15, java.home=C:\Users\rromero2106\Downloads\eclipse-java-2025-09-R-win32-x86_64\eclipse\plugins\org.eclipse.justj.openjdk.hotspot.jre.full.win32.x86_64_21.0.8.v20250724-1412\jre, file.separator=\, spring.output.ansi.enabled=always, java.vm.compressedOopsMode=Zero based, line.separator=
, hibernate.persistenceUnitName=default, java.vm.specification.vendor=Oracle Corporation, java.specification.name=Java Platform API Specification, FILE_LOG_CHARSET=UTF-8, hibernate.transaction.coordinator_class=class org.hibernate.resource.transaction.backend.jdbc.internal.JdbcResourceLocalTransactionCoordinatorBuilderImpl, java.awt.headless=true, jakarta.persistence.validation.mode=AUTO, user.script=, sun.management.compiler=HotSpot 64-Bit Tiered Compilers, java.runtime.version=21.0.8+9-LTS, user.name=rromero2106, spring.jmx.enabled=true, stdout.encoding=UTF-8, path.separator=;, management.endpoints.jmx.exposure.include=*, os.version=10.0, java.runtime.name=OpenJDK Runtime Environment, file.encoding=UTF-8, java.vm.name=OpenJDK 64-Bit Server VM, hibernate.show_sql=true, java.vendor.version=Temurin-21.0.8+9, java.vendor.url.bug=https://github.com/adoptium/adoptium-support/issues, java.io.tmpdir=C:\Users\RROMER~1\AppData\Local\Temp\, com.zaxxer.hikari.pool_number=1, com.sun.management.jmxremote.port=49342, java.version=21.0.8, hibernate.physical_naming_strategy=org.hibernate.boot.model.naming.CamelCaseToUnderscoresNamingStrategy, user.dir=C:\Users\rromero2106\Desktop\Github\Acceso-a-Datos\misproyecto\ejercicios-tema-02-basicos, os.arch=amd64, java.vm.specification.name=Java Virtual Machine Specification, PID=20388, sun.os.patch.level=, CONSOLE_LOG_CHARSET=UTF-8, hibernate.boot.CfgXmlAccessService.key=org.hibernate.boot.registry.StandardServiceRegistryBuilder$1@6e5f5478, native.encoding=Cp1252, java.library.path=C:\Users\rromero2106\Downloads\eclipse-java-2025-09-R-win32-x86_64\eclipse\plugins\org.eclipse.justj.openjdk.hotspot.jre.full.win32.x86_64_21.0.8.v20250724-1412\jre\bin;C:\windows\Sun\Java\bin;C:\windows\system32;C:\windows;C:/Users/rromero2106/Downloads/eclipse-java-2025-09-R-win32-x86_64/eclipse//plugins/org.eclipse.justj.openjdk.hotspot.jre.full.win32.x86_64_21.0.8.v20250724-1412/jre/bin/server;C:/Users/rromero2106/Downloads/eclipse-java-2025-09-R-win32-x86_64/eclipse//plugins/org.eclipse.justj.openjdk.hotspot.jre.full.win32.x86_64_21.0.8.v20250724-1412/jre/bin;C:\Program Files (x86)\Common Files\Oracle\Java\java8path;C:\Program Files (x86)\Common Files\Oracle\Java\javapath;C:\windows\system32;C:\windows;C:\windows\System32\Wbem;C:\windows\System32\WindowsPowerShell\v1.0\;C:\windows\System32\OpenSSH\;C:\Program Files\PuTTY\;C:\Program Files\TortoiseGit\bin;C:\Program Files\Git\cmd;C:\Program Files\nodejs\npm-global;C:\Program Files\nodejs\;C:\Users\rromero2106\AppData\Local\Microsoft\WindowsApps;C:\Users\rromero2106\AppData\Local\Programs\Microsoft VS Code\bin;C:\Users\rromero2106\AppData\Local\GitHubDesktop\bin;C:\Users\rromero2106\AppData\Local\Programs\Git\cmd;C:\Users\rromero2106\Downloads\eclipse-java-2025-09-R-win32-x86_64\eclipse;;., stderr.encoding=UTF-8, java.vendor=Eclipse Adoptium, java.vm.info=mixed mode, emulated-client, sharing, java.vm.version=21.0.8+9-LTS, java.rmi.server.randomIDs=true, java.rmi.server.hostname=localhost, sun.io.unicode.encoding=UnicodeLittle, hibernate.archive.scanner=org.hibernate.boot.archive.scan.internal.DisabledScanner, hibernate.connection.datasource=HikariDataSource (HikariPool-1), java.class.version=65.0, LOGGED_APPLICATION_NAME=[demo-spring-perros] }
2025-10-22 18:39:19 DEBUG [main] o.h.internal.SessionFactoryImpl - Session factory constructed with filter configurations : {}
2025-10-22 18:39:19 DEBUG [main] o.h.t.s.s.SchemaManagementToolCoordinator - No schema actions specified for contributor `orm`; doing nothing
2025-10-22 18:39:19 DEBUG [main] o.h.q.s.function.SqmFunctionRegistry - Registered SqmFunctionTemplate [NamedSqmFunctionTemplate(max)] under max; prior registration was null
2025-10-22 18:39:19 DEBUG [main] o.h.q.s.function.SqmFunctionRegistry - Registered SqmFunctionTemplate [NamedSqmFunctionTemplate(min)] under min; prior registration was null
2025-10-22 18:39:19 DEBUG [main] o.h.q.s.function.SqmFunctionRegistry - Registered SqmFunctionTemplate [NamedSqmFunctionTemplate(sum)] under sum; prior registration was null
2025-10-22 18:39:19 DEBUG [main] o.h.q.s.function.SqmFunctionRegistry - Registered SqmFunctionTemplate [NamedSqmFunctionTemplate(avg)] under avg; prior registration was null
2025-10-22 18:39:19 DEBUG [main] o.h.q.s.function.SqmFunctionRegistry - Registered SqmFunctionTemplate [org.hibernate.dialect.function.CountFunction@65a48cab] under count; prior registration was null
2025-10-22 18:39:19 DEBUG [main] o.h.q.s.function.SqmFunctionRegistry - Registered SqmFunctionTemplate [org.hibernate.dialect.function.EveryAnyEmulation@62108cd3] under every; prior registration was null
2025-10-22 18:39:19 DEBUG [main] o.h.q.s.function.SqmFunctionRegistry - Registered SqmFunctionTemplate [org.hibernate.dialect.function.EveryAnyEmulation@7cd1ec54] under any; prior registration was null
2025-10-22 18:39:19 DEBUG [main] o.h.q.s.function.SqmFunctionRegistry - Registered SqmFunctionTemplate [NamedSqmFunctionTemplate(floor)] under floor; prior registration was null
2025-10-22 18:39:19 DEBUG [main] o.h.q.s.function.SqmFunctionRegistry - Registered SqmFunctionTemplate [NamedSqmFunctionTemplate(ceiling)] under ceiling; prior registration was null
2025-10-22 18:39:19 DEBUG [main] o.h.q.s.function.SqmFunctionRegistry - Registered SqmFunctionTemplate [NamedSqmFunctionTemplate(mod)] under mod; prior registration was null
2025-10-22 18:39:19 DEBUG [main] o.h.q.s.function.SqmFunctionRegistry - Registered SqmFunctionTemplate [NamedSqmFunctionTemplate(abs)] under abs; prior registration was null
2025-10-22 18:39:19 DEBUG [main] o.h.q.s.function.SqmFunctionRegistry - Registered SqmFunctionTemplate [NamedSqmFunctionTemplate(sign)] under sign; prior registration was null
2025-10-22 18:39:19 DEBUG [main] o.h.q.s.function.SqmFunctionRegistry - Registered SqmFunctionTemplate [NamedSqmFunctionTemplate(sqrt)] under sqrt; prior registration was null
2025-10-22 18:39:19 DEBUG [main] o.h.q.s.function.SqmFunctionRegistry - Registered SqmFunctionTemplate [NamedSqmFunctionTemplate(ln)] under ln; prior registration was null
2025-10-22 18:39:19 DEBUG [main] o.h.q.s.function.SqmFunctionRegistry - Registered SqmFunctionTemplate [NamedSqmFunctionTemplate(exp)] under exp; prior registration was null
2025-10-22 18:39:19 DEBUG [main] o.h.q.s.function.SqmFunctionRegistry - Registered SqmFunctionTemplate [NamedSqmFunctionTemplate(power)] under power; prior registration was null
2025-10-22 18:39:19 DEBUG [main] o.h.q.s.function.SqmFunctionRegistry - Registered SqmFunctionTemplate [NamedSqmFunctionTemplate(round)] under round; prior registration was null
2025-10-22 18:39:19 DEBUG [main] o.h.q.s.function.SqmFunctionRegistry - Registered SqmFunctionTemplate [NamedSqmFunctionTemplate(sin)] under sin; prior registration was null
2025-10-22 18:39:19 DEBUG [main] o.h.q.s.function.SqmFunctionRegistry - Registered SqmFunctionTemplate [NamedSqmFunctionTemplate(cos)] under cos; prior registration was null
2025-10-22 18:39:19 DEBUG [main] o.h.q.s.function.SqmFunctionRegistry - Registered SqmFunctionTemplate [NamedSqmFunctionTemplate(tan)] under tan; prior registration was null
2025-10-22 18:39:19 DEBUG [main] o.h.q.s.function.SqmFunctionRegistry - Registered SqmFunctionTemplate [NamedSqmFunctionTemplate(asin)] under asin; prior registration was null
2025-10-22 18:39:19 DEBUG [main] o.h.q.s.function.SqmFunctionRegistry - Registered SqmFunctionTemplate [NamedSqmFunctionTemplate(acos)] under acos; prior registration was null
2025-10-22 18:39:19 DEBUG [main] o.h.q.s.function.SqmFunctionRegistry - Registered SqmFunctionTemplate [NamedSqmFunctionTemplate(atan)] under atan; prior registration was null
2025-10-22 18:39:19 DEBUG [main] o.h.q.s.function.SqmFunctionRegistry - Registered SqmFunctionTemplate [NamedSqmFunctionTemplate(atan2)] under atan2; prior registration was null
2025-10-22 18:39:19 DEBUG [main] o.h.q.s.function.SqmFunctionRegistry - Registered SqmFunctionTemplate [org.hibernate.query.sqm.function.PatternBasedSqmFunctionDescriptor@d66502] under sinh; prior registration was null
2025-10-22 18:39:19 DEBUG [main] o.h.q.s.function.SqmFunctionRegistry - Registered SqmFunctionTemplate [org.hibernate.query.sqm.function.PatternBasedSqmFunctionDescriptor@78545d40] under cosh; prior registration was null
2025-10-22 18:39:19 DEBUG [main] o.h.q.s.function.SqmFunctionRegistry - Registered SqmFunctionTemplate [org.hibernate.query.sqm.function.PatternBasedSqmFunctionDescriptor@34549979] under tanh; prior registration was null
2025-10-22 18:39:19 DEBUG [main] o.h.q.s.function.SqmFunctionRegistry - Registered SqmFunctionTemplate [org.hibernate.query.sqm.function.PatternBasedSqmFunctionDescriptor@144a5e6e] under pi; prior registration was null
2025-10-22 18:39:19 DEBUG [main] o.h.q.s.function.SqmFunctionRegistry - Registered SqmFunctionTemplate [org.hibernate.query.sqm.function.PatternBasedSqmFunctionDescriptor@2707c790] under log; prior registration was null
2025-10-22 18:39:19 DEBUG [main] o.h.q.s.function.SqmFunctionRegistry - Registered SqmFunctionTemplate [NamedSqmFunctionTemplate(coalesce)] under coalesce; prior registration was null
2025-10-22 18:39:19 DEBUG [main] o.h.q.s.function.SqmFunctionRegistry - Registered SqmFunctionTemplate [NamedSqmFunctionTemplate(nullif)] under nullif; prior registration was null
2025-10-22 18:39:19 DEBUG [main] o.h.q.s.function.SqmFunctionRegistry - Registered SqmFunctionTemplate [NamedSqmFunctionTemplate(left)] under left; prior registration was null
2025-10-22 18:39:19 DEBUG [main] o.h.q.s.function.SqmFunctionRegistry - Registered SqmFunctionTemplate [NamedSqmFunctionTemplate(right)] under right; prior registration was null
2025-10-22 18:39:19 DEBUG [main] o.h.q.s.function.SqmFunctionRegistry - Registered SqmFunctionTemplate [NamedSqmFunctionTemplate(replace)] under replace; prior registration was null
2025-10-22 18:39:19 DEBUG [main] o.h.q.s.function.SqmFunctionRegistry - Registered SqmFunctionTemplate [NamedSqmFunctionTemplate(concat)] under concat; prior registration was null
2025-10-22 18:39:19 DEBUG [main] o.h.q.s.function.SqmFunctionRegistry - Registered SqmFunctionTemplate [NamedSqmFunctionTemplate(lower)] under lower; prior registration was null
2025-10-22 18:39:19 DEBUG [main] o.h.q.s.function.SqmFunctionRegistry - Registered SqmFunctionTemplate [NamedSqmFunctionTemplate(upper)] under upper; prior registration was null
2025-10-22 18:39:19 DEBUG [main] o.h.q.s.function.SqmFunctionRegistry - Registered SqmFunctionTemplate [NamedSqmFunctionTemplate(substring)] under substring; prior registration was null
2025-10-22 18:39:19 DEBUG [main] o.h.q.s.function.SqmFunctionRegistry - Registered SqmFunctionTemplate [NamedSqmFunctionTemplate(locate)] under locate; prior registration was null
2025-10-22 18:39:19 DEBUG [main] o.h.q.s.function.SqmFunctionRegistry - Registered SqmFunctionTemplate [NamedSqmFunctionTemplate(character_length)] under character_length; prior registration was null
2025-10-22 18:39:19 DEBUG [main] o.h.q.s.function.SqmFunctionRegistry - Registering alternate key : length -> character_length
2025-10-22 18:39:19 DEBUG [main] o.h.q.s.function.SqmFunctionRegistry - Registered SqmFunctionTemplate [org.hibernate.dialect.function.LocatePositionEmulation@1214d23c] under position; prior registration was null
2025-10-22 18:39:19 DEBUG [main] o.h.q.s.function.SqmFunctionRegistry - Registered SqmFunctionTemplate [org.hibernate.dialect.function.InsertSubstringOverlayEmulation@577f9dfd] under overlay; prior registration was null
2025-10-22 18:39:19 DEBUG [main] o.h.q.s.function.SqmFunctionRegistry - Registered SqmFunctionTemplate [org.hibernate.dialect.function.TrimFunction@77ecdc2b] under trim; prior registration was null
2025-10-22 18:39:19 DEBUG [main] o.h.q.s.function.SqmFunctionRegistry - Registered SqmFunctionTemplate [org.hibernate.dialect.function.CastFunction@39a7eca5] under cast; prior registration was null
2025-10-22 18:39:19 DEBUG [main] o.h.q.s.function.SqmFunctionRegistry - Registered SqmFunctionTemplate [org.hibernate.query.sqm.function.PatternBasedSqmFunctionDescriptor@45bd4753] under collate; prior registration was null
2025-10-22 18:39:19 DEBUG [main] o.h.q.s.function.SqmFunctionRegistry - Registered SqmFunctionTemplate [org.hibernate.dialect.function.ExtractFunction@c11332b] under extract; prior registration was null
2025-10-22 18:39:19 DEBUG [main] o.h.q.s.function.SqmFunctionRegistry - Registered SqmFunctionTemplate [NamedSqmFunctionTemplate(least)] under least; prior registration was null
2025-10-22 18:39:19 DEBUG [main] o.h.q.s.function.SqmFunctionRegistry - Registered SqmFunctionTemplate [NamedSqmFunctionTemplate(greatest)] under greatest; prior registration was null
2025-10-22 18:39:19 DEBUG [main] o.h.q.s.function.SqmFunctionRegistry - Registered SqmFunctionTemplate [org.hibernate.dialect.function.CoalesceIfnullEmulation@5d27b4c1] under ifnull; prior registration was null
2025-10-22 18:39:19 DEBUG [main] o.h.q.s.function.SqmFunctionRegistry - Registered SqmFunctionTemplate [NamedSqmFunctionTemplate(lpad)] under lpad; prior registration was null
2025-10-22 18:39:19 DEBUG [main] o.h.q.s.function.SqmFunctionRegistry - Registered SqmFunctionTemplate [NamedSqmFunctionTemplate(rpad)] under rpad; prior registration was null
2025-10-22 18:39:19 DEBUG [main] o.h.q.s.function.SqmFunctionRegistry - Registered SqmFunctionTemplate [org.hibernate.dialect.function.LpadRpadPadEmulation@21f50d2c] under pad; prior registration was null
2025-10-22 18:39:19 DEBUG [main] o.h.q.s.function.SqmFunctionRegistry - Registered SqmFunctionTemplate [org.hibernate.dialect.function.CastStrEmulation@2e1add6f] under str; prior registration was null
2025-10-22 18:39:19 DEBUG [main] o.h.q.s.function.SqmFunctionRegistry - Registered SqmFunctionTemplate [org.hibernate.dialect.function.FormatFunction@56d822dc] under format; prior registration was null
2025-10-22 18:39:19 DEBUG [main] o.h.q.s.function.SqmFunctionRegistry - Registered SqmFunctionTemplate [org.hibernate.dialect.function.TimestampaddFunction@7ea3839e] under timestampadd; prior registration was null
2025-10-22 18:39:19 DEBUG [main] o.h.q.s.function.SqmFunctionRegistry - Registered SqmFunctionTemplate [org.hibernate.dialect.function.TimestampdiffFunction@52b32b70] under timestampdiff; prior registration was null
2025-10-22 18:39:19 DEBUG [main] o.h.q.s.function.SqmFunctionRegistry - Registering alternate key : dateadd -> timestampadd
2025-10-22 18:39:19 DEBUG [main] o.h.q.s.function.SqmFunctionRegistry - Registering alternate key : datediff -> timestampdiff
2025-10-22 18:39:19 DEBUG [main] o.h.q.s.function.SqmFunctionRegistry - Registered SqmFunctionTemplate [org.hibernate.dialect.function.CurrentFunction@15f2a43f] under current_date; prior registration was null
2025-10-22 18:39:19 DEBUG [main] o.h.q.s.function.SqmFunctionRegistry - Registered SqmFunctionTemplate [org.hibernate.dialect.function.CurrentFunction@4c65d8e3] under current_time; prior registration was null
2025-10-22 18:39:19 DEBUG [main] o.h.q.s.function.SqmFunctionRegistry - Registered SqmFunctionTemplate [org.hibernate.dialect.function.CurrentFunction@382faf51] under current_timestamp; prior registration was null
2025-10-22 18:39:19 DEBUG [main] o.h.q.s.function.SqmFunctionRegistry - Registering alternate key : current date -> current_date
2025-10-22 18:39:19 DEBUG [main] o.h.q.s.function.SqmFunctionRegistry - Registering alternate key : current time -> current_time
2025-10-22 18:39:19 DEBUG [main] o.h.q.s.function.SqmFunctionRegistry - Registering alternate key : current timestamp -> current_timestamp
2025-10-22 18:39:19 DEBUG [main] o.h.q.s.function.SqmFunctionRegistry - Registered SqmFunctionTemplate [org.hibernate.dialect.function.CurrentFunction@69ce14e6] under local_date; prior registration was null
2025-10-22 18:39:19 DEBUG [main] o.h.q.s.function.SqmFunctionRegistry - Registered SqmFunctionTemplate [org.hibernate.dialect.function.CurrentFunction@699d96bc] under local_time; prior registration was null
2025-10-22 18:39:19 DEBUG [main] o.h.q.s.function.SqmFunctionRegistry - Registered SqmFunctionTemplate [org.hibernate.dialect.function.CurrentFunction@b5de9ac] under local_datetime; prior registration was null
2025-10-22 18:39:19 DEBUG [main] o.h.q.s.function.SqmFunctionRegistry - Registered SqmFunctionTemplate [org.hibernate.dialect.function.CurrentFunction@4ecd8ab1] under offset_datetime; prior registration was null
2025-10-22 18:39:19 DEBUG [main] o.h.q.s.function.SqmFunctionRegistry - Registering alternate key : local date -> local_date
2025-10-22 18:39:19 DEBUG [main] o.h.q.s.function.SqmFunctionRegistry - Registering alternate key : local time -> local_time
2025-10-22 18:39:19 DEBUG [main] o.h.q.s.function.SqmFunctionRegistry - Registering alternate key : local datetime -> local_datetime
2025-10-22 18:39:19 DEBUG [main] o.h.q.s.function.SqmFunctionRegistry - Registering alternate key : offset datetime -> offset_datetime
2025-10-22 18:39:19 DEBUG [main] o.h.q.s.function.SqmFunctionRegistry - Registered SqmFunctionTemplate [org.hibernate.dialect.function.CurrentFunction@57bdceaa] under instant; prior registration was null
2025-10-22 18:39:19 DEBUG [main] o.h.q.s.function.SqmFunctionRegistry - Registering alternate key : current_instant -> instant
2025-10-22 18:39:19 DEBUG [main] o.h.q.s.function.SqmFunctionRegistry - Registered SqmFunctionTemplate [org.hibernate.dialect.function.SqlFunction@2d2fc130] under sql; prior registration was null
2025-10-22 18:39:19 DEBUG [main] o.h.q.s.function.SqmFunctionRegistry - Registered SqmFunctionTemplate [NamedSqmFunctionTemplate(soundex)] under soundex; prior registration was null
2025-10-22 18:39:19 DEBUG [main] o.h.q.s.function.SqmFunctionRegistry - Registered SqmFunctionTemplate [NamedSqmFunctionTemplate(radians)] under radians; prior registration was null
2025-10-22 18:39:19 DEBUG [main] o.h.q.s.function.SqmFunctionRegistry - Registered SqmFunctionTemplate [NamedSqmFunctionTemplate(degrees)] under degrees; prior registration was null
2025-10-22 18:39:19 DEBUG [main] o.h.q.s.function.SqmFunctionRegistry - Registered SqmFunctionTemplate [NamedSqmFunctionTemplate(cot)] under cot; prior registration was null
2025-10-22 18:39:19 DEBUG [main] o.h.q.s.function.SqmFunctionRegistry - Registered SqmFunctionTemplate [NamedSqmFunctionTemplate(log)] under log; prior registration was org.hibernate.query.sqm.function.PatternBasedSqmFunctionDescriptor@2707c790
2025-10-22 18:39:19 DEBUG [main] o.h.q.s.function.SqmFunctionRegistry - Registered SqmFunctionTemplate [NamedSqmFunctionTemplate(log2)] under log2; prior registration was null
2025-10-22 18:39:19 DEBUG [main] o.h.q.s.function.SqmFunctionRegistry - Registered SqmFunctionTemplate [NamedSqmFunctionTemplate(log10)] under log10; prior registration was null
2025-10-22 18:39:19 DEBUG [main] o.h.q.s.function.SqmFunctionRegistry - Registered SqmFunctionTemplate [NamedSqmFunctionTemplate(ltrim)] under ltrim; prior registration was null
2025-10-22 18:39:19 DEBUG [main] o.h.q.s.function.SqmFunctionRegistry - Registered SqmFunctionTemplate [NamedSqmFunctionTemplate(rtrim)] under rtrim; prior registration was null
2025-10-22 18:39:19 DEBUG [main] o.h.q.s.function.SqmFunctionRegistry - Registered SqmFunctionTemplate [NamedSqmFunctionTemplate(octet_length)] under octet_length; prior registration was null
2025-10-22 18:39:19 DEBUG [main] o.h.q.s.function.SqmFunctionRegistry - Registered SqmFunctionTemplate [NamedSqmFunctionTemplate(reverse)] under reverse; prior registration was null
2025-10-22 18:39:19 DEBUG [main] o.h.q.s.function.SqmFunctionRegistry - Registered SqmFunctionTemplate [NamedSqmFunctionTemplate(space)] under space; prior registration was null
2025-10-22 18:39:19 DEBUG [main] o.h.q.s.function.SqmFunctionRegistry - Registered SqmFunctionTemplate [NamedSqmFunctionTemplate(repeat)] under repeat; prior registration was null
2025-10-22 18:39:19 DEBUG [main] o.h.q.s.function.SqmFunctionRegistry - Registered SqmFunctionTemplate [org.hibernate.query.sqm.function.MultipatternSqmFunctionDescriptor@5ee77baf] under lpad; prior registration was NamedSqmFunctionTemplate(lpad)
2025-10-22 18:39:19 DEBUG [main] o.h.q.s.function.SqmFunctionRegistry - Registered SqmFunctionTemplate [org.hibernate.query.sqm.function.MultipatternSqmFunctionDescriptor@485deee1] under rpad; prior registration was NamedSqmFunctionTemplate(rpad)
2025-10-22 18:39:19 DEBUG [main] o.h.q.s.function.SqmFunctionRegistry - Registered SqmFunctionTemplate [NamedSqmFunctionTemplate(md5)] under md5; prior registration was null
2025-10-22 18:39:19 DEBUG [main] o.h.q.s.function.SqmFunctionRegistry - Registered SqmFunctionTemplate [NamedSqmFunctionTemplate(day)] under day; prior registration was null
2025-10-22 18:39:19 DEBUG [main] o.h.q.s.function.SqmFunctionRegistry - Registered SqmFunctionTemplate [NamedSqmFunctionTemplate(month)] under month; prior registration was null
2025-10-22 18:39:19 DEBUG [main] o.h.q.s.function.SqmFunctionRegistry - Registered SqmFunctionTemplate [NamedSqmFunctionTemplate(year)] under year; prior registration was null
2025-10-22 18:39:19 DEBUG [main] o.h.q.s.function.SqmFunctionRegistry - Registered SqmFunctionTemplate [NamedSqmFunctionTemplate(hour)] under hour; prior registration was null
2025-10-22 18:39:19 DEBUG [main] o.h.q.s.function.SqmFunctionRegistry - Registered SqmFunctionTemplate [NamedSqmFunctionTemplate(minute)] under minute; prior registration was null
2025-10-22 18:39:19 DEBUG [main] o.h.q.s.function.SqmFunctionRegistry - Registered SqmFunctionTemplate [NamedSqmFunctionTemplate(second)] under second; prior registration was null
2025-10-22 18:39:19 DEBUG [main] o.h.q.s.function.SqmFunctionRegistry - Registered SqmFunctionTemplate [NamedSqmFunctionTemplate(microsecond)] under microsecond; prior registration was null
2025-10-22 18:39:19 DEBUG [main] o.h.q.s.function.SqmFunctionRegistry - Registered SqmFunctionTemplate [NamedSqmFunctionTemplate(dayofweek)] under dayofweek; prior registration was null
2025-10-22 18:39:19 DEBUG [main] o.h.q.s.function.SqmFunctionRegistry - Registered SqmFunctionTemplate [NamedSqmFunctionTemplate(dayofmonth)] under dayofmonth; prior registration was null
2025-10-22 18:39:19 DEBUG [main] o.h.q.s.function.SqmFunctionRegistry - Registering alternate key : day -> dayofmonth
2025-10-22 18:39:19 DEBUG [main] o.h.q.s.function.SqmFunctionRegistry - Registered SqmFunctionTemplate [NamedSqmFunctionTemplate(dayofyear)] under dayofyear; prior registration was null
2025-10-22 18:39:19 DEBUG [main] o.h.q.s.function.SqmFunctionRegistry - Registered SqmFunctionTemplate [NamedSqmFunctionTemplate(week)] under week; prior registration was null
2025-10-22 18:39:19 DEBUG [main] o.h.q.s.function.SqmFunctionRegistry - Registered SqmFunctionTemplate [NamedSqmFunctionTemplate(quarter)] under quarter; prior registration was null
2025-10-22 18:39:19 DEBUG [main] o.h.q.s.function.SqmFunctionRegistry - Registered SqmFunctionTemplate [NamedSqmFunctionTemplate(monthname)] under monthname; prior registration was null
2025-10-22 18:39:19 DEBUG [main] o.h.q.s.function.SqmFunctionRegistry - Registered SqmFunctionTemplate [NamedSqmFunctionTemplate(dayname)] under dayname; prior registration was null
2025-10-22 18:39:19 DEBUG [main] o.h.q.s.function.SqmFunctionRegistry - Registered SqmFunctionTemplate [NamedSqmFunctionTemplate(last_day)] under last_day; prior registration was null
2025-10-22 18:39:19 DEBUG [main] o.h.q.s.function.SqmFunctionRegistry - Registered SqmFunctionTemplate [NamedSqmFunctionTemplate(date)] under date; prior registration was null
2025-10-22 18:39:19 DEBUG [main] o.h.q.s.function.SqmFunctionRegistry - Registered SqmFunctionTemplate [NamedSqmFunctionTemplate(timestamp)] under timestamp; prior registration was null
2025-10-22 18:39:19 DEBUG [main] o.h.q.s.function.SqmFunctionRegistry - Registered SqmFunctionTemplate [NamedSqmFunctionTemplate(time)] under time; prior registration was null
2025-10-22 18:39:19 DEBUG [main] o.h.q.s.function.SqmFunctionRegistry - Registered SqmFunctionTemplate [NamedSqmFunctionTemplate(utc_date)] under utc_date; prior registration was null
2025-10-22 18:39:19 DEBUG [main] o.h.q.s.function.SqmFunctionRegistry - Registered SqmFunctionTemplate [NamedSqmFunctionTemplate(utc_time)] under utc_time; prior registration was null
2025-10-22 18:39:19 DEBUG [main] o.h.q.s.function.SqmFunctionRegistry - Registered SqmFunctionTemplate [NamedSqmFunctionTemplate(utc_timestamp)] under utc_timestamp; prior registration was null
2025-10-22 18:39:19 DEBUG [main] o.h.q.s.function.SqmFunctionRegistry - Registered SqmFunctionTemplate [NamedSqmFunctionTemplate(rand)] under rand; prior registration was null
2025-10-22 18:39:19 DEBUG [main] o.h.q.s.function.SqmFunctionRegistry - Registered SqmFunctionTemplate [NamedSqmFunctionTemplate(crc32)] under crc32; prior registration was null
2025-10-22 18:39:19 DEBUG [main] o.h.q.s.function.SqmFunctionRegistry - Registered SqmFunctionTemplate [NamedSqmFunctionTemplate(sha1)] under sha1; prior registration was null
2025-10-22 18:39:19 DEBUG [main] o.h.q.s.function.SqmFunctionRegistry - Registered SqmFunctionTemplate [NamedSqmFunctionTemplate(sha2)] under sha2; prior registration was null
2025-10-22 18:39:19 DEBUG [main] o.h.q.s.function.SqmFunctionRegistry - Registered SqmFunctionTemplate [NamedSqmFunctionTemplate(sha)] under sha; prior registration was null
2025-10-22 18:39:19 DEBUG [main] o.h.q.s.function.SqmFunctionRegistry - Registered SqmFunctionTemplate [NamedSqmFunctionTemplate(bit_length)] under bit_length; prior registration was null
2025-10-22 18:39:19 DEBUG [main] o.h.q.s.function.SqmFunctionRegistry - Registered SqmFunctionTemplate [NamedSqmFunctionTemplate(octet_length)] under octet_length; prior registration was NamedSqmFunctionTemplate(octet_length)
2025-10-22 18:39:19 DEBUG [main] o.h.q.s.function.SqmFunctionRegistry - Registered SqmFunctionTemplate [NamedSqmFunctionTemplate(ascii)] under ascii; prior registration was null
2025-10-22 18:39:19 DEBUG [main] o.h.q.s.function.SqmFunctionRegistry - Registered SqmFunctionTemplate [NamedSqmFunctionTemplate(instr)] under instr; prior registration was null
2025-10-22 18:39:19 DEBUG [main] o.h.q.s.function.SqmFunctionRegistry - Registered SqmFunctionTemplate [NamedSqmFunctionTemplate(substr)] under substr; prior registration was null
2025-10-22 18:39:19 DEBUG [main] o.h.q.s.function.SqmFunctionRegistry - Registered SqmFunctionTemplate [org.hibernate.query.sqm.function.PatternBasedSqmFunctionDescriptor@25cde5bb] under position; prior registration was org.hibernate.dialect.function.LocatePositionEmulation@1214d23c
2025-10-22 18:39:19 DEBUG [main] o.h.q.s.function.SqmFunctionRegistry - Registered SqmFunctionTemplate [NamedSqmFunctionTemplate(curtime)] under curtime; prior registration was null
2025-10-22 18:39:19 DEBUG [main] o.h.q.s.function.SqmFunctionRegistry - Registered SqmFunctionTemplate [NamedSqmFunctionTemplate(curdate)] under curdate; prior registration was null
2025-10-22 18:39:19 DEBUG [main] o.h.q.s.function.SqmFunctionRegistry - Registered SqmFunctionTemplate [NamedSqmFunctionTemplate(now)] under now; prior registration was null
2025-10-22 18:39:19 DEBUG [main] o.h.q.s.function.SqmFunctionRegistry - Registered SqmFunctionTemplate [org.hibernate.dialect.function.TruncFunction@6be766d1] under trunc; prior registration was null
2025-10-22 18:39:19 DEBUG [main] o.h.q.s.function.SqmFunctionRegistry - Registering alternate key : truncate -> trunc
2025-10-22 18:39:19 DEBUG [main] o.h.q.s.function.SqmFunctionRegistry - Registered SqmFunctionTemplate [NamedSqmFunctionTemplate(insert)] under insert; prior registration was null
2025-10-22 18:39:19 DEBUG [main] o.h.q.s.function.SqmFunctionRegistry - Registered SqmFunctionTemplate [org.hibernate.query.sqm.function.PatternBasedSqmFunctionDescriptor@7adae08e] under bitand; prior registration was null
2025-10-22 18:39:19 DEBUG [main] o.h.q.s.function.SqmFunctionRegistry - Registered SqmFunctionTemplate [org.hibernate.query.sqm.function.PatternBasedSqmFunctionDescriptor@49c83262] under bitor; prior registration was null
2025-10-22 18:39:19 DEBUG [main] o.h.q.s.function.SqmFunctionRegistry - Registered SqmFunctionTemplate [org.hibernate.query.sqm.function.PatternBasedSqmFunctionDescriptor@273aaab7] under bitxor; prior registration was null
2025-10-22 18:39:19 DEBUG [main] o.h.q.s.function.SqmFunctionRegistry - Registered SqmFunctionTemplate [org.hibernate.query.sqm.function.PatternBasedSqmFunctionDescriptor@77bb916f] under bitnot; prior registration was null
2025-10-22 18:39:19 DEBUG [main] o.h.q.s.function.SqmFunctionRegistry - Registered SqmFunctionTemplate [NamedSqmFunctionTemplate(bit_and)] under bit_and; prior registration was null
2025-10-22 18:39:19 DEBUG [main] o.h.q.s.function.SqmFunctionRegistry - Registered SqmFunctionTemplate [NamedSqmFunctionTemplate(bit_or)] under bit_or; prior registration was null
2025-10-22 18:39:19 DEBUG [main] o.h.q.s.function.SqmFunctionRegistry - Registered SqmFunctionTemplate [NamedSqmFunctionTemplate(stddev)] under stddev; prior registration was null
2025-10-22 18:39:19 DEBUG [main] o.h.q.s.function.SqmFunctionRegistry - Registered SqmFunctionTemplate [NamedSqmFunctionTemplate(stddev_pop)] under stddev_pop; prior registration was null
2025-10-22 18:39:19 DEBUG [main] o.h.q.s.function.SqmFunctionRegistry - Registered SqmFunctionTemplate [NamedSqmFunctionTemplate(stddev_samp)] under stddev_samp; prior registration was null
2025-10-22 18:39:19 DEBUG [main] o.h.q.s.function.SqmFunctionRegistry - Registered SqmFunctionTemplate [NamedSqmFunctionTemplate(variance)] under variance; prior registration was null
2025-10-22 18:39:19 DEBUG [main] o.h.q.s.function.SqmFunctionRegistry - Registered SqmFunctionTemplate [NamedSqmFunctionTemplate(var_pop)] under var_pop; prior registration was null
2025-10-22 18:39:19 DEBUG [main] o.h.q.s.function.SqmFunctionRegistry - Registered SqmFunctionTemplate [NamedSqmFunctionTemplate(var_samp)] under var_samp; prior registration was null
2025-10-22 18:39:19 DEBUG [main] o.h.q.s.function.SqmFunctionRegistry - Registered SqmFunctionTemplate [NamedSqmFunctionTemplate(datediff)] under datediff; prior registration was null
2025-10-22 18:39:19 DEBUG [main] o.h.q.s.function.SqmFunctionRegistry - Registered SqmFunctionTemplate [NamedSqmFunctionTemplate(adddate)] under adddate; prior registration was null
2025-10-22 18:39:19 DEBUG [main] o.h.q.s.function.SqmFunctionRegistry - Registered SqmFunctionTemplate [NamedSqmFunctionTemplate(subdate)] under subdate; prior registration was null
2025-10-22 18:39:19 DEBUG [main] o.h.q.s.function.SqmFunctionRegistry - Registered SqmFunctionTemplate [NamedSqmFunctionTemplate(addtime)] under addtime; prior registration was null
2025-10-22 18:39:19 DEBUG [main] o.h.q.s.function.SqmFunctionRegistry - Registered SqmFunctionTemplate [NamedSqmFunctionTemplate(subtime)] under subtime; prior registration was null
2025-10-22 18:39:19 DEBUG [main] o.h.q.s.function.SqmFunctionRegistry - Registered SqmFunctionTemplate [org.hibernate.dialect.function.FormatFunction@5a48d186] under format; prior registration was org.hibernate.dialect.function.FormatFunction@56d822dc
2025-10-22 18:39:19 DEBUG [main] o.h.q.s.function.SqmFunctionRegistry - Registered SqmFunctionTemplate [NamedSqmFunctionTemplate(makedate)] under makedate; prior registration was null
2025-10-22 18:39:19 DEBUG [main] o.h.q.s.function.SqmFunctionRegistry - Registered SqmFunctionTemplate [NamedSqmFunctionTemplate(maketime)] under maketime; prior registration was null
2025-10-22 18:39:19 DEBUG [main] o.h.q.s.function.SqmFunctionRegistry - Registered SqmFunctionTemplate [NamedSqmFunctionTemplate(localtime)] under localtime; prior registration was null
2025-10-22 18:39:19 DEBUG [main] o.h.q.s.function.SqmFunctionRegistry - Registered SqmFunctionTemplate [NamedSqmFunctionTemplate(localtimestamp)] under localtimestamp; prior registration was null
2025-10-22 18:39:19 DEBUG [main] o.h.q.s.function.SqmFunctionRegistry - Registered SqmFunctionTemplate [NamedSqmFunctionTemplate(localtime)] under local_time; prior registration was org.hibernate.dialect.function.CurrentFunction@699d96bc
2025-10-22 18:39:19 DEBUG [main] o.h.q.s.function.SqmFunctionRegistry - Registered SqmFunctionTemplate [NamedSqmFunctionTemplate(localtimestamp)] under local_datetime; prior registration was org.hibernate.dialect.function.CurrentFunction@b5de9ac
2025-10-22 18:39:19 DEBUG [main] o.h.q.s.function.SqmFunctionRegistry - Registered SqmFunctionTemplate [NamedSqmFunctionTemplate(localtime)] under localtime; prior registration was NamedSqmFunctionTemplate(localtime)
2025-10-22 18:39:19 DEBUG [main] o.h.q.s.function.SqmFunctionRegistry - Registered SqmFunctionTemplate [org.hibernate.query.sqm.function.PatternBasedSqmFunctionDescriptor@521ba38f] under pi; prior registration was org.hibernate.query.sqm.function.PatternBasedSqmFunctionDescriptor@144a5e6e
2025-10-22 18:39:19 DEBUG [main] o.h.q.s.function.SqmFunctionRegistry - Registered SqmFunctionTemplate [org.hibernate.query.sqm.function.PatternBasedSqmFunctionDescriptor@2086d469] under chr; prior registration was null
2025-10-22 18:39:19 DEBUG [main] o.h.q.s.function.SqmFunctionRegistry - Registering alternate key : char -> chr
2025-10-22 18:39:19 DEBUG [main] o.h.q.s.function.SqmFunctionRegistry - Registered SqmFunctionTemplate [org.hibernate.query.sqm.function.PatternBasedSqmFunctionDescriptor@b1d19ff] under sysdate; prior registration was null
2025-10-22 18:39:19 DEBUG [main] o.h.q.s.function.SqmFunctionRegistry - Registered SqmFunctionTemplate [org.hibernate.dialect.function.ListaggGroupConcatEmulation@6dcf7b6a] under listagg; prior registration was null
2025-10-22 18:39:19 DEBUG [main] o.h.q.s.function.SqmFunctionRegistry - Registered SqmFunctionTemplate [NamedSqmFunctionTemplate(row_number)] under row_number; prior registration was null
2025-10-22 18:39:19 DEBUG [main] o.h.q.s.function.SqmFunctionRegistry - Registered SqmFunctionTemplate [NamedSqmFunctionTemplate(lag)] under lag; prior registration was null
2025-10-22 18:39:19 DEBUG [main] o.h.q.s.function.SqmFunctionRegistry - Registered SqmFunctionTemplate [NamedSqmFunctionTemplate(lead)] under lead; prior registration was null
2025-10-22 18:39:19 DEBUG [main] o.h.q.s.function.SqmFunctionRegistry - Registered SqmFunctionTemplate [NamedSqmFunctionTemplate(first_value)] under first_value; prior registration was null
2025-10-22 18:39:19 DEBUG [main] o.h.q.s.function.SqmFunctionRegistry - Registered SqmFunctionTemplate [NamedSqmFunctionTemplate(last_value)] under last_value; prior registration was null
2025-10-22 18:39:19 DEBUG [main] o.h.q.s.function.SqmFunctionRegistry - Registered SqmFunctionTemplate [NamedSqmFunctionTemplate(nth_value)] under nth_value; prior registration was null
2025-10-22 18:39:19 DEBUG [main] o.h.q.s.function.SqmFunctionRegistry - Registered SqmFunctionTemplate [org.hibernate.dialect.function.HypotheticalSetWindowEmulation@38022758] under rank; prior registration was null
2025-10-22 18:39:19 DEBUG [main] o.h.q.s.function.SqmFunctionRegistry - Registered SqmFunctionTemplate [org.hibernate.dialect.function.HypotheticalSetWindowEmulation@69f9b561] under dense_rank; prior registration was null
2025-10-22 18:39:19 DEBUG [main] o.h.q.s.function.SqmFunctionRegistry - Registered SqmFunctionTemplate [org.hibernate.dialect.function.HypotheticalSetWindowEmulation@7e8f23ad] under percent_rank; prior registration was null
2025-10-22 18:39:19 DEBUG [main] o.h.q.s.function.SqmFunctionRegistry - Registered SqmFunctionTemplate [org.hibernate.dialect.function.HypotheticalSetWindowEmulation@7433ca19] under cume_dist; prior registration was null
2025-10-22 18:39:19 DEBUG [main] o.h.q.s.function.SqmFunctionRegistry - Registered SqmFunctionTemplate [NamedSqmFunctionTemplate(json_valid)] under json_valid; prior registration was null
2025-10-22 18:39:19 DEBUG [main] o.h.q.s.function.SqmFunctionRegistry - Registered SqmFunctionTemplate [org.hibernate.dialect.function.InverseDistributionWindowEmulation@2dd3d39d] under percentile_cont; prior registration was null
2025-10-22 18:39:19 DEBUG [main] o.h.q.s.function.SqmFunctionRegistry - Registered SqmFunctionTemplate [org.hibernate.dialect.function.InverseDistributionWindowEmulation@ae3c140] under percentile_disc; prior registration was null
2025-10-22 18:39:19 DEBUG [main] o.h.q.s.function.SqmFunctionRegistry - Registered SqmFunctionTemplate [org.hibernate.query.sqm.function.PatternBasedSqmFunctionDescriptor@6f2d3391] under median; prior registration was null
2025-10-22 18:39:19 DEBUG [main] org.hibernate.HQL_FUNCTIONS - abs(NUMERIC arg)
2025-10-22 18:39:19 DEBUG [main] org.hibernate.HQL_FUNCTIONS - Double acos(NUMERIC arg)
2025-10-22 18:39:19 DEBUG [main] org.hibernate.HQL_FUNCTIONS - adddate(DATE datetime, INTEGER days)
2025-10-22 18:39:19 DEBUG [main] org.hibernate.HQL_FUNCTIONS - addtime(TIME datetime, TIME time)
2025-10-22 18:39:19 DEBUG [main] org.hibernate.HQL_FUNCTIONS - Boolean any(BOOLEAN arg)
2025-10-22 18:39:19 DEBUG [main] org.hibernate.HQL_FUNCTIONS - Integer ascii(STRING arg)
2025-10-22 18:39:19 DEBUG [main] org.hibernate.HQL_FUNCTIONS - Double asin(NUMERIC arg)
2025-10-22 18:39:19 DEBUG [main] org.hibernate.HQL_FUNCTIONS - Double atan(NUMERIC arg)
2025-10-22 18:39:19 DEBUG [main] org.hibernate.HQL_FUNCTIONS - Double atan2(NUMERIC arg0, NUMERIC arg1)
2025-10-22 18:39:19 DEBUG [main] org.hibernate.HQL_FUNCTIONS - avg(arg)
2025-10-22 18:39:19 DEBUG [main] org.hibernate.HQL_FUNCTIONS - bit_and(arg)
2025-10-22 18:39:19 DEBUG [main] org.hibernate.HQL_FUNCTIONS - Integer bit_length(STRING_OR_CLOB arg)
2025-10-22 18:39:19 DEBUG [main] org.hibernate.HQL_FUNCTIONS - bit_or(arg)
2025-10-22 18:39:19 DEBUG [main] org.hibernate.HQL_FUNCTIONS - bitand(arg0, arg1)
2025-10-22 18:39:19 DEBUG [main] org.hibernate.HQL_FUNCTIONS - bitnot(arg)
2025-10-22 18:39:19 DEBUG [main] org.hibernate.HQL_FUNCTIONS - bitor(arg0, arg1)
2025-10-22 18:39:19 DEBUG [main] org.hibernate.HQL_FUNCTIONS - bitxor(arg0, arg1)
2025-10-22 18:39:19 DEBUG [main] org.hibernate.HQL_FUNCTIONS - cast(arg as Type)
2025-10-22 18:39:19 DEBUG [main] org.hibernate.HQL_FUNCTIONS - ceiling(NUMERIC arg)
2025-10-22 18:39:19 DEBUG [main] org.hibernate.HQL_FUNCTIONS - Character char(INTEGER arg)
2025-10-22 18:39:19 DEBUG [main] org.hibernate.HQL_FUNCTIONS - Integer character_length(STRING_OR_CLOB arg)
2025-10-22 18:39:19 DEBUG [main] org.hibernate.HQL_FUNCTIONS - Character chr(INTEGER arg)
2025-10-22 18:39:19 DEBUG [main] org.hibernate.HQL_FUNCTIONS - coalesce(arg0[, arg1[, ...]])
2025-10-22 18:39:19 DEBUG [main] org.hibernate.HQL_FUNCTIONS - String collate(STRING string as COLLATION collation)
2025-10-22 18:39:19 DEBUG [main] org.hibernate.HQL_FUNCTIONS - String concat(STRING string0[, STRING string1[, ...]])
2025-10-22 18:39:19 DEBUG [main] org.hibernate.HQL_FUNCTIONS - Double cos(NUMERIC arg)
2025-10-22 18:39:19 DEBUG [main] org.hibernate.HQL_FUNCTIONS - Double cosh(NUMERIC arg)
2025-10-22 18:39:19 DEBUG [main] org.hibernate.HQL_FUNCTIONS - Double cot(NUMERIC arg)
2025-10-22 18:39:19 DEBUG [main] org.hibernate.HQL_FUNCTIONS - Long count([distinct ]{arg|*})
2025-10-22 18:39:19 DEBUG [main] org.hibernate.HQL_FUNCTIONS - Integer crc32(arg)
2025-10-22 18:39:19 DEBUG [main] org.hibernate.HQL_FUNCTIONS - Double cume_dist([arg0[, ...]])
2025-10-22 18:39:19 DEBUG [main] org.hibernate.HQL_FUNCTIONS - Date curdate()
2025-10-22 18:39:19 DEBUG [main] org.hibernate.HQL_FUNCTIONS - Date current date
2025-10-22 18:39:19 DEBUG [main] org.hibernate.HQL_FUNCTIONS - Time current time
2025-10-22 18:39:19 DEBUG [main] org.hibernate.HQL_FUNCTIONS - Timestamp current timestamp
2025-10-22 18:39:19 DEBUG [main] org.hibernate.HQL_FUNCTIONS - Date current_date
2025-10-22 18:39:19 DEBUG [main] org.hibernate.HQL_FUNCTIONS - Instant current_instant
2025-10-22 18:39:19 DEBUG [main] org.hibernate.HQL_FUNCTIONS - Time current_time
2025-10-22 18:39:19 DEBUG [main] org.hibernate.HQL_FUNCTIONS - Timestamp current_timestamp
2025-10-22 18:39:19 DEBUG [main] org.hibernate.HQL_FUNCTIONS - Time curtime()
2025-10-22 18:39:19 DEBUG [main] org.hibernate.HQL_FUNCTIONS - Date date(arg)
2025-10-22 18:39:19 DEBUG [main] org.hibernate.HQL_FUNCTIONS - dateadd(TEMPORAL_UNIT field, INTEGER magnitude, TEMPORAL datetime)
2025-10-22 18:39:19 DEBUG [main] org.hibernate.HQL_FUNCTIONS - Integer datediff(DATE end, DATE start)
2025-10-22 18:39:19 DEBUG [main] org.hibernate.HQL_FUNCTIONS - Integer day(DATE arg)
2025-10-22 18:39:19 DEBUG [main] org.hibernate.HQL_FUNCTIONS - String dayname(DATE arg)
2025-10-22 18:39:19 DEBUG [main] org.hibernate.HQL_FUNCTIONS - Integer dayofmonth(DATE arg)
2025-10-22 18:39:19 DEBUG [main] org.hibernate.HQL_FUNCTIONS - Integer dayofweek(DATE arg)
2025-10-22 18:39:19 DEBUG [main] org.hibernate.HQL_FUNCTIONS - Integer dayofyear(DATE arg)
2025-10-22 18:39:19 DEBUG [main] org.hibernate.HQL_FUNCTIONS - Double degrees(NUMERIC arg)
2025-10-22 18:39:19 DEBUG [main] org.hibernate.HQL_FUNCTIONS - Long dense_rank([arg0[, ...]])
2025-10-22 18:39:19 DEBUG [main] org.hibernate.HQL_FUNCTIONS - Boolean every(BOOLEAN arg)
2025-10-22 18:39:19 DEBUG [main] org.hibernate.HQL_FUNCTIONS - Double exp(NUMERIC arg)
2025-10-22 18:39:19 DEBUG [main] org.hibernate.HQL_FUNCTIONS - extract(TEMPORAL_UNIT field from TEMPORAL arg)
2025-10-22 18:39:19 DEBUG [main] org.hibernate.HQL_FUNCTIONS - first_valueANY value
2025-10-22 18:39:19 DEBUG [main] org.hibernate.HQL_FUNCTIONS - floor(NUMERIC arg)
2025-10-22 18:39:19 DEBUG [main] org.hibernate.HQL_FUNCTIONS - String format(TEMPORAL datetime as STRING pattern)
2025-10-22 18:39:19 DEBUG [main] org.hibernate.HQL_FUNCTIONS - greatest(COMPARABLE arg0, COMPARABLE arg1[, arg2[, ...]])
2025-10-22 18:39:19 DEBUG [main] org.hibernate.HQL_FUNCTIONS - Integer hour(TIME arg)
2025-10-22 18:39:19 DEBUG [main] org.hibernate.HQL_FUNCTIONS - ifnull(arg0, arg1)
2025-10-22 18:39:19 DEBUG [main] org.hibernate.HQL_FUNCTIONS - String insert(STRING string, INTEGER start, INTEGER length, STRING replacement)
2025-10-22 18:39:19 DEBUG [main] org.hibernate.HQL_FUNCTIONS - Instant instant
2025-10-22 18:39:19 DEBUG [main] org.hibernate.HQL_FUNCTIONS - Integer instr(STRING string, STRING pattern[, INTEGER start[, INTEGER occurrence]])
2025-10-22 18:39:19 DEBUG [main] org.hibernate.HQL_FUNCTIONS - Boolean json_valid([arg0[, ...]])
2025-10-22 18:39:19 DEBUG [main] org.hibernate.HQL_FUNCTIONS - lagANY value[, INTEGER offset[, ANY default]]
2025-10-22 18:39:19 DEBUG [main] org.hibernate.HQL_FUNCTIONS - Date last_day(DATE arg)
2025-10-22 18:39:19 DEBUG [main] org.hibernate.HQL_FUNCTIONS - last_valueANY value
2025-10-22 18:39:19 DEBUG [main] org.hibernate.HQL_FUNCTIONS - leadANY value[, INTEGER offset[, ANY default]]
2025-10-22 18:39:19 DEBUG [main] org.hibernate.HQL_FUNCTIONS - least(COMPARABLE arg0, COMPARABLE arg1[, arg2[, ...]])
2025-10-22 18:39:19 DEBUG [main] org.hibernate.HQL_FUNCTIONS - String left(STRING string, INTEGER length)
2025-10-22 18:39:19 DEBUG [main] org.hibernate.HQL_FUNCTIONS - Integer length(STRING_OR_CLOB arg)
2025-10-22 18:39:19 DEBUG [main] org.hibernate.HQL_FUNCTIONS - String listagg(STRING arg0, STRING arg1)
2025-10-22 18:39:19 DEBUG [main] org.hibernate.HQL_FUNCTIONS - Double ln(NUMERIC arg)
2025-10-22 18:39:19 DEBUG [main] org.hibernate.HQL_FUNCTIONS - LocalDate local date
2025-10-22 18:39:19 DEBUG [main] org.hibernate.HQL_FUNCTIONS - LocalDateTime local datetime
2025-10-22 18:39:19 DEBUG [main] org.hibernate.HQL_FUNCTIONS - LocalTime local time
2025-10-22 18:39:19 DEBUG [main] org.hibernate.HQL_FUNCTIONS - LocalDate local_date
2025-10-22 18:39:19 DEBUG [main] org.hibernate.HQL_FUNCTIONS - LocalDateTime local_datetime
2025-10-22 18:39:19 DEBUG [main] org.hibernate.HQL_FUNCTIONS - LocalTime local_time
2025-10-22 18:39:19 DEBUG [main] org.hibernate.HQL_FUNCTIONS - Timestamp localtime
2025-10-22 18:39:19 DEBUG [main] org.hibernate.HQL_FUNCTIONS - Timestamp localtimestamp
2025-10-22 18:39:19 DEBUG [main] org.hibernate.HQL_FUNCTIONS - Integer locate(STRING pattern, STRING string[, INTEGER start])
2025-10-22 18:39:19 DEBUG [main] org.hibernate.HQL_FUNCTIONS - Double log(NUMERIC arg0[, NUMERIC arg1])
2025-10-22 18:39:19 DEBUG [main] org.hibernate.HQL_FUNCTIONS - Double log10(NUMERIC arg)
2025-10-22 18:39:19 DEBUG [main] org.hibernate.HQL_FUNCTIONS - Double log2(NUMERIC arg)
2025-10-22 18:39:19 DEBUG [main] org.hibernate.HQL_FUNCTIONS - String lower(STRING string)
2025-10-22 18:39:19 DEBUG [main] org.hibernate.HQL_FUNCTIONS - String lpad(string, length[, padding])
2025-10-22 18:39:19 DEBUG [main] org.hibernate.HQL_FUNCTIONS - String ltrim(STRING string[, STRING characters])
2025-10-22 18:39:19 DEBUG [main] org.hibernate.HQL_FUNCTIONS - Date makedate(INTEGER year, INTEGER dayofyear)
2025-10-22 18:39:19 DEBUG [main] org.hibernate.HQL_FUNCTIONS - Time maketime(INTEGER hour, INTEGER min, INTEGER sec)
2025-10-22 18:39:19 DEBUG [main] org.hibernate.HQL_FUNCTIONS - max(COMPARABLE arg)
2025-10-22 18:39:19 DEBUG [main] org.hibernate.HQL_FUNCTIONS - String md5(arg)
2025-10-22 18:39:19 DEBUG [main] org.hibernate.HQL_FUNCTIONS - Double median(NUMERIC arg)
2025-10-22 18:39:19 DEBUG [main] org.hibernate.HQL_FUNCTIONS - Integer microsecond(TIME arg)
2025-10-22 18:39:19 DEBUG [main] org.hibernate.HQL_FUNCTIONS - min(COMPARABLE arg)
2025-10-22 18:39:19 DEBUG [main] org.hibernate.HQL_FUNCTIONS - Integer minute(TIME arg)
2025-10-22 18:39:19 DEBUG [main] org.hibernate.HQL_FUNCTIONS - Integer mod(INTEGER arg0, INTEGER arg1)
2025-10-22 18:39:19 DEBUG [main] org.hibernate.HQL_FUNCTIONS - Integer month(DATE arg)
2025-10-22 18:39:19 DEBUG [main] org.hibernate.HQL_FUNCTIONS - String monthname(DATE arg)
2025-10-22 18:39:19 DEBUG [main] org.hibernate.HQL_FUNCTIONS - Timestamp now()
2025-10-22 18:39:19 DEBUG [main] org.hibernate.HQL_FUNCTIONS - nth_valueANY value, INTEGER nth
2025-10-22 18:39:19 DEBUG [main] org.hibernate.HQL_FUNCTIONS - nullif(arg0, arg1)
2025-10-22 18:39:19 DEBUG [main] org.hibernate.HQL_FUNCTIONS - Integer octet_length(STRING_OR_CLOB arg)
2025-10-22 18:39:19 DEBUG [main] org.hibernate.HQL_FUNCTIONS - OffsetDateTime offset datetime
2025-10-22 18:39:19 DEBUG [main] org.hibernate.HQL_FUNCTIONS - OffsetDateTime offset_datetime
2025-10-22 18:39:19 DEBUG [main] org.hibernate.HQL_FUNCTIONS - String overlay(STRING string placing STRING replacement from INTEGER start[ for INTEGER length])
2025-10-22 18:39:19 DEBUG [main] org.hibernate.HQL_FUNCTIONS - String pad(STRING string with INTEGER length {leading|trailing}[ STRING character])
2025-10-22 18:39:19 DEBUG [main] org.hibernate.HQL_FUNCTIONS - Double percent_rank([arg0[, ...]])
2025-10-22 18:39:19 DEBUG [main] org.hibernate.HQL_FUNCTIONS - percentile_cont(NUMERIC arg)
2025-10-22 18:39:19 DEBUG [main] org.hibernate.HQL_FUNCTIONS - percentile_disc(NUMERIC arg)
2025-10-22 18:39:19 DEBUG [main] org.hibernate.HQL_FUNCTIONS - Double pi
2025-10-22 18:39:19 DEBUG [main] org.hibernate.HQL_FUNCTIONS - Integer position(STRING pattern in STRING string)
2025-10-22 18:39:19 DEBUG [main] org.hibernate.HQL_FUNCTIONS - Double power(NUMERIC arg0, NUMERIC arg1)
2025-10-22 18:39:19 DEBUG [main] org.hibernate.HQL_FUNCTIONS - Integer quarter(DATE arg)
2025-10-22 18:39:19 DEBUG [main] org.hibernate.HQL_FUNCTIONS - Double radians(NUMERIC arg)
2025-10-22 18:39:19 DEBUG [main] org.hibernate.HQL_FUNCTIONS - Double rand([INTEGER seed])
2025-10-22 18:39:19 DEBUG [main] org.hibernate.HQL_FUNCTIONS - Long rank([arg0[, ...]])
2025-10-22 18:39:19 DEBUG [main] org.hibernate.HQL_FUNCTIONS - String repeat(STRING string, INTEGER times)
2025-10-22 18:39:19 DEBUG [main] org.hibernate.HQL_FUNCTIONS - String replace(STRING string, STRING pattern, STRING replacement)
2025-10-22 18:39:19 DEBUG [main] org.hibernate.HQL_FUNCTIONS - String reverse(STRING arg)
2025-10-22 18:39:19 DEBUG [main] org.hibernate.HQL_FUNCTIONS - String right(STRING string, INTEGER length)
2025-10-22 18:39:19 DEBUG [main] org.hibernate.HQL_FUNCTIONS - round(NUMERIC number[, INTEGER places])
2025-10-22 18:39:19 DEBUG [main] org.hibernate.HQL_FUNCTIONS - Long row_number()
2025-10-22 18:39:19 DEBUG [main] org.hibernate.HQL_FUNCTIONS - String rpad(string, length[, padding])
2025-10-22 18:39:19 DEBUG [main] org.hibernate.HQL_FUNCTIONS - String rtrim(STRING string[, STRING characters])
2025-10-22 18:39:19 DEBUG [main] org.hibernate.HQL_FUNCTIONS - Integer second(TIME arg)
2025-10-22 18:39:19 DEBUG [main] org.hibernate.HQL_FUNCTIONS - String sha(arg)
2025-10-22 18:39:19 DEBUG [main] org.hibernate.HQL_FUNCTIONS - String sha1(arg)
2025-10-22 18:39:19 DEBUG [main] org.hibernate.HQL_FUNCTIONS - String sha2(arg0, arg1)
2025-10-22 18:39:19 DEBUG [main] org.hibernate.HQL_FUNCTIONS - Integer sign(NUMERIC arg)
2025-10-22 18:39:19 DEBUG [main] org.hibernate.HQL_FUNCTIONS - Double sin(NUMERIC arg)
2025-10-22 18:39:19 DEBUG [main] org.hibernate.HQL_FUNCTIONS - Double sinh(NUMERIC arg)
2025-10-22 18:39:19 DEBUG [main] org.hibernate.HQL_FUNCTIONS - String soundex(arg)
2025-10-22 18:39:19 DEBUG [main] org.hibernate.HQL_FUNCTIONS - String space(INTEGER arg)
2025-10-22 18:39:19 DEBUG [main] org.hibernate.HQL_FUNCTIONS - Object sql
2025-10-22 18:39:19 DEBUG [main] org.hibernate.HQL_FUNCTIONS - Double sqrt(NUMERIC arg)
2025-10-22 18:39:19 DEBUG [main] org.hibernate.HQL_FUNCTIONS - Double stddev(NUMERIC arg)
2025-10-22 18:39:19 DEBUG [main] org.hibernate.HQL_FUNCTIONS - Double stddev_pop(NUMERIC arg)
2025-10-22 18:39:19 DEBUG [main] org.hibernate.HQL_FUNCTIONS - Double stddev_samp(NUMERIC arg)
2025-10-22 18:39:19 DEBUG [main] org.hibernate.HQL_FUNCTIONS - String str(arg)
2025-10-22 18:39:19 DEBUG [main] org.hibernate.HQL_FUNCTIONS - subdate(DATE datetime, INTEGER days)
2025-10-22 18:39:19 DEBUG [main] org.hibernate.HQL_FUNCTIONS - String substr(STRING string, INTEGER start[, INTEGER length])
2025-10-22 18:39:19 DEBUG [main] org.hibernate.HQL_FUNCTIONS - String substring(STRING string{ from|,} INTEGER start[{ for|,} INTEGER length])
2025-10-22 18:39:19 DEBUG [main] org.hibernate.HQL_FUNCTIONS - subtime(TIME datetime, TIME time)
2025-10-22 18:39:19 DEBUG [main] org.hibernate.HQL_FUNCTIONS - sum(arg)
2025-10-22 18:39:19 DEBUG [main] org.hibernate.HQL_FUNCTIONS - Timestamp sysdate()
2025-10-22 18:39:19 DEBUG [main] org.hibernate.HQL_FUNCTIONS - Double tan(NUMERIC arg)
2025-10-22 18:39:19 DEBUG [main] org.hibernate.HQL_FUNCTIONS - Double tanh(NUMERIC arg)
2025-10-22 18:39:19 DEBUG [main] org.hibernate.HQL_FUNCTIONS - String time(arg)
2025-10-22 18:39:19 DEBUG [main] org.hibernate.HQL_FUNCTIONS - Timestamp timestamp(arg0[, arg1])
2025-10-22 18:39:19 DEBUG [main] org.hibernate.HQL_FUNCTIONS - timestampadd(TEMPORAL_UNIT field, INTEGER magnitude, TEMPORAL datetime)
2025-10-22 18:39:19 DEBUG [main] org.hibernate.HQL_FUNCTIONS - Long|Double timestampdiff(TEMPORAL_UNIT field, TEMPORAL start, TEMPORAL end)
2025-10-22 18:39:19 DEBUG [main] org.hibernate.HQL_FUNCTIONS - String trim([[{leading|trailing|both} ][STRING arg0 ]from] STRING arg1)
2025-10-22 18:39:19 DEBUG [main] org.hibernate.HQL_FUNCTIONS - trunc( ... )
2025-10-22 18:39:19 DEBUG [main] org.hibernate.HQL_FUNCTIONS - truncate( ... )
2025-10-22 18:39:19 DEBUG [main] org.hibernate.HQL_FUNCTIONS - String upper(STRING string)
2025-10-22 18:39:19 DEBUG [main] org.hibernate.HQL_FUNCTIONS - Date utc_date
2025-10-22 18:39:19 DEBUG [main] org.hibernate.HQL_FUNCTIONS - Time utc_time
2025-10-22 18:39:19 DEBUG [main] org.hibernate.HQL_FUNCTIONS - Timestamp utc_timestamp
2025-10-22 18:39:19 DEBUG [main] org.hibernate.HQL_FUNCTIONS - Double var_pop(NUMERIC arg)
2025-10-22 18:39:19 DEBUG [main] org.hibernate.HQL_FUNCTIONS - Double var_samp(NUMERIC arg)
2025-10-22 18:39:19 DEBUG [main] org.hibernate.HQL_FUNCTIONS - Double variance(NUMERIC arg)
2025-10-22 18:39:19 DEBUG [main] org.hibernate.HQL_FUNCTIONS - Integer week(DATE arg)
2025-10-22 18:39:19 DEBUG [main] org.hibernate.HQL_FUNCTIONS - Integer year(DATE arg)
2025-10-22 18:39:19 DEBUG [main] org.hibernate.orm.query.plan.cache - Starting QueryInterpretationCache(2048)
2025-10-22 18:39:19 DEBUG [main] o.h.s.i.SessionFactoryServiceRegistryImpl - EventListenerRegistry access via ServiceRegistry is deprecated.  Use `sessionFactory.getEventEngine().getListenerRegistry()` instead
2025-10-22 18:39:19 DEBUG [main] o.h.e.i.EntityCopyObserverFactoryInitiator - Configured EntityCopyObserver strategy: disallow
2025-10-22 18:39:19 DEBUG [main] o.h.b.internal.ClassLoaderAccessImpl - Not known whether passed class name [ceu.dam.ad.tema3.ejercicios.ejercicio01.model.Pelicula] is safe
2025-10-22 18:39:19 DEBUG [main] o.h.b.internal.ClassLoaderAccessImpl - No temp ClassLoader provided; using live ClassLoader for loading potentially unsafe class : ceu.dam.ad.tema3.ejercicios.ejercicio01.model.Pelicula
2025-10-22 18:39:19 DEBUG [main] o.h.b.i.b.BytecodeProviderImpl - HHH000513: Unable to create the ReflectionOptimizer for [ceu.dam.ad.tema3.ejercicios.ejercicio01.model.Pelicula]: private accessor [longitud]
2025-10-22 18:39:19 DEBUG [main] o.h.orm.model.mapping.creation - Starting post-init callbacks
2025-10-22 18:39:19 DEBUG [main] o.h.orm.model.mapping.creation - Starting PostInitCallbackEntry : Entity(ceu.dam.ad.tema3.ejercicios.ejercicio01.model.Pelicula) `staticFetchableList` generator
2025-10-22 18:39:19 DEBUG [main] org.hibernate.orm.sql.ast.create - Created new SQL alias : p1_0
2025-10-22 18:39:19 DEBUG [main] org.hibernate.orm.sql.ast.create - Registration of TableGroup [StandardTableGroup(ceu.dam.ad.tema3.ejercicios.ejercicio01.model.Pelicula)] with identifierForTableGroup [ceu.dam.ad.tema3.ejercicios.ejercicio01.model.Pelicula] for NavigablePath [ceu.dam.ad.tema3.ejercicios.ejercicio01.model.Pelicula] 
2025-10-22 18:39:19 DEBUG [main] org.hibernate.orm.results.graph.AST - DomainResult Graph:
 \-EntityResultImpl [ceu.dam.ad.tema3.ejercicios.ejercicio01.model.Pelicula]
 |  +-BasicFetch [ceu.dam.ad.tema3.ejercicios.ejercicio01.model.Pelicula.longitud]
 |  \-BasicFetch [ceu.dam.ad.tema3.ejercicios.ejercicio01.model.Pelicula.nombre]

2025-10-22 18:39:19 DEBUG [main] org.hibernate.orm.sql.ast.tree - SQL AST Tree:
    SelectStatement {
      FromClause {
        StandardTableGroup (p1 : ceu.dam.ad.tema3.ejercicios.ejercicio01.model.Pelicula) {
          primaryTableReference : film as p1_0
        }
      }
    }

2025-10-22 18:39:19 DEBUG [main] o.h.p.entity.AbstractEntityPersister - Static SQL for entity: ceu.dam.ad.tema3.ejercicios.ejercicio01.model.Pelicula
2025-10-22 18:39:19 DEBUG [main] o.h.p.entity.AbstractEntityPersister -  Version select: select id from film where id=?
2025-10-22 18:39:19 DEBUG [main] o.h.p.entity.AbstractEntityPersister -  Insert (0): insert into film (length,title) values (?,?)
2025-10-22 18:39:19 DEBUG [main] o.h.p.entity.AbstractEntityPersister -  Update (0): update film set length=?,title=? where id=?
2025-10-22 18:39:19 DEBUG [main] o.h.p.entity.AbstractEntityPersister -  Delete (0): delete from film where id=?
2025-10-22 18:39:19 INFO  [main] o.h.e.t.j.p.i.JtaPlatformInitiator - HHH000489: No JTA platform available (set 'hibernate.transaction.jta.platform' to enable JTA platform integration)
2025-10-22 18:39:19 DEBUG [main] o.h.type.spi.TypeConfiguration$Scope - Scoping TypeConfiguration [org.hibernate.type.spi.TypeConfiguration@482f7af0] to SessionFactoryImplementor [org.hibernate.internal.SessionFactoryImpl@4bb9f7d4]
2025-10-22 18:39:19 DEBUG [main] o.h.q.named.NamedObjectRepository - Checking 0 named HQL queries
2025-10-22 18:39:19 DEBUG [main] o.h.q.named.NamedObjectRepository - Checking 0 named SQL queries
2025-10-22 18:39:19 DEBUG [main] o.h.t.s.s.SchemaManagementToolCoordinator - No schema actions specified for contributor `orm`; doing nothing
2025-10-22 18:39:19 DEBUG [main] o.h.t.s.s.SchemaManagementToolCoordinator - No actions found; doing nothing
2025-10-22 18:39:19 DEBUG [main] o.h.internal.SessionFactoryRegistry - Initializing SessionFactoryRegistry : org.hibernate.internal.SessionFactoryRegistry@72585e83
2025-10-22 18:39:19 DEBUG [main] o.h.internal.SessionFactoryRegistry - Registering SessionFactory: b1e363bb-aa49-4b0d-917a-49257c512d33 (<unnamed>)
2025-10-22 18:39:19 DEBUG [main] o.h.internal.SessionFactoryRegistry - Not binding SessionFactory to JNDI, no JNDI name configured
2025-10-22 18:39:19 DEBUG [main] o.h.internal.SessionFactoryImpl - Instantiated SessionFactory
2025-10-22 18:39:19 INFO  [main] o.s.o.j.LocalContainerEntityManagerFactoryBean - Initialized JPA EntityManagerFactory for persistence unit 'default'
2025-10-22 18:39:19 DEBUG [main] o.s.b.f.s.DefaultListableBeanFactory - Creating shared instance of singleton bean 'app'
2025-10-22 18:39:19 DEBUG [main] o.s.b.f.s.DefaultListableBeanFactory - Creating shared instance of singleton bean 'testEj1'
2025-10-22 18:39:19 DEBUG [main] o.s.b.f.s.DefaultListableBeanFactory - Creating shared instance of singleton bean 'peliculasService'
2025-10-22 18:39:19 DEBUG [main] o.s.b.f.s.DefaultListableBeanFactory - Creating shared instance of singleton bean 'peliculaRepository'
2025-10-22 18:39:19 DEBUG [main] o.s.b.f.s.DefaultListableBeanFactory - Creating shared instance of singleton bean 'jpa.named-queries#0'
2025-10-22 18:39:19 DEBUG [main] o.s.b.f.s.DefaultListableBeanFactory - Creating shared instance of singleton bean 'jpa.PeliculaRepository.fragments#0'
2025-10-22 18:39:19 DEBUG [main] o.s.b.f.s.DefaultListableBeanFactory - Creating shared instance of singleton bean 'jpaSharedEM_entityManagerFactory'
2025-10-22 18:39:19 DEBUG [main] o.s.b.f.s.DefaultListableBeanFactory - Creating shared instance of singleton bean 'jpaMappingContext'
2025-10-22 18:39:19 DEBUG [main] o.s.d.j.r.c.JpaMetamodelMappingContextFactoryBean - Initializing JpaMetamodelMappingContext…
2025-10-22 18:39:19 DEBUG [main] o.s.d.j.r.c.JpaMetamodelMappingContextFactoryBean - Finished initializing JpaMetamodelMappingContext
2025-10-22 18:39:19 DEBUG [main] o.s.o.j.SharedEntityManagerCreator$SharedEntityManagerInvocationHandler - Creating new EntityManager for shared EntityManager invocation
2025-10-22 18:39:19 DEBUG [main] o.h.s.internal.StatisticsInitiator - Statistics initialized [enabled=false]
2025-10-22 18:39:19 DEBUG [main] o.s.o.j.SharedEntityManagerCreator$SharedEntityManagerInvocationHandler - Creating new EntityManager for shared EntityManager invocation
2025-10-22 18:39:19 DEBUG [main] o.s.d.r.c.s.RepositoryFactorySupport - Initializing repository instance for ceu.dam.ad.tema3.ejercicios.ejercicio01.repository.PeliculaRepository…
2025-10-22 18:39:19 DEBUG [main] o.s.o.j.SharedEntityManagerCreator$SharedEntityManagerInvocationHandler - Creating new EntityManager for shared EntityManager invocation
2025-10-22 18:39:19 DEBUG [main] o.s.d.j.repository.query.NamedQuery - Looking up named query Pelicula.findByLongitudLessThan
2025-10-22 18:39:19 DEBUG [main] o.h.r.t.b.j.i.JdbcResourceLocalTransactionCoordinatorImpl - JDBC transaction marked for rollback-only (exception provided for stack trace)
java.lang.Exception: exception just for purpose of providing stack trace
	at org.hibernate.resource.transaction.backend.jdbc.internal.JdbcResourceLocalTransactionCoordinatorImpl$TransactionDriverControlImpl.markRollbackOnly(JdbcResourceLocalTransactionCoordinatorImpl.java:309)
	at org.hibernate.internal.AbstractSharedSessionContract.buildNamedQuery(AbstractSharedSessionContract.java:1138)
	at org.hibernate.internal.AbstractSharedSessionContract.createNamedQuery(AbstractSharedSessionContract.java:1016)
	at org.hibernate.internal.AbstractSharedSessionContract.createNamedQuery(AbstractSharedSessionContract.java:142)
	at java.base/jdk.internal.reflect.DirectMethodHandleAccessor.invoke(DirectMethodHandleAccessor.java:103)
	at java.base/java.lang.reflect.Method.invoke(Method.java:580)
	at org.springframework.orm.jpa.ExtendedEntityManagerCreator$ExtendedEntityManagerInvocationHandler.invoke(ExtendedEntityManagerCreator.java:364)
	at jdk.proxy2/jdk.proxy2.$Proxy95.createNamedQuery(Unknown Source)
	at org.springframework.data.jpa.repository.query.NamedQuery.hasNamedQuery(NamedQuery.java:113)
	at org.springframework.data.jpa.repository.query.NamedQuery.lookupFrom(NamedQuery.java:139)
	at org.springframework.data.jpa.repository.query.JpaQueryLookupStrategy$DeclaredQueryLookupStrategy.resolveQuery(JpaQueryLookupStrategy.java:184)
	at org.springframework.data.jpa.repository.query.JpaQueryLookupStrategy$CreateIfNotFoundQueryLookupStrategy.resolveQuery(JpaQueryLookupStrategy.java:256)
	at org.springframework.data.jpa.repository.query.JpaQueryLookupStrategy$AbstractQueryLookupStrategy.resolveQuery(JpaQueryLookupStrategy.java:99)
	at org.springframework.data.repository.core.support.QueryExecutorMethodInterceptor.lookupQuery(QueryExecutorMethodInterceptor.java:116)
	at org.springframework.data.repository.core.support.QueryExecutorMethodInterceptor.mapMethodsToQuery(QueryExecutorMethodInterceptor.java:104)
	at org.springframework.data.repository.core.support.QueryExecutorMethodInterceptor.lambda$new$0(QueryExecutorMethodInterceptor.java:92)
	at java.base/java.util.Optional.map(Optional.java:260)
	at org.springframework.data.repository.core.support.QueryExecutorMethodInterceptor.<init>(QueryExecutorMethodInterceptor.java:92)
	at org.springframework.data.repository.core.support.RepositoryFactorySupport.getRepository(RepositoryFactorySupport.java:440)
	at org.springframework.data.repository.core.support.RepositoryFactoryBeanSupport.lambda$afterPropertiesSet$4(RepositoryFactoryBeanSupport.java:350)
	at org.springframework.data.util.Lazy.getNullable(Lazy.java:135)
	at org.springframework.data.util.Lazy.get(Lazy.java:113)
	at org.springframework.data.repository.core.support.RepositoryFactoryBeanSupport.afterPropertiesSet(RepositoryFactoryBeanSupport.java:356)
	at org.springframework.data.jpa.repository.support.JpaRepositoryFactoryBean.afterPropertiesSet(JpaRepositoryFactoryBean.java:132)
	at org.springframework.beans.factory.support.AbstractAutowireCapableBeanFactory.invokeInitMethods(AbstractAutowireCapableBeanFactory.java:1849)
	at org.springframework.beans.factory.support.AbstractAutowireCapableBeanFactory.initializeBean(AbstractAutowireCapableBeanFactory.java:1798)
	at org.springframework.beans.factory.support.AbstractAutowireCapableBeanFactory.doCreateBean(AbstractAutowireCapableBeanFactory.java:601)
	at org.springframework.beans.factory.support.AbstractAutowireCapableBeanFactory.createBean(AbstractAutowireCapableBeanFactory.java:523)
	at org.springframework.beans.factory.support.AbstractBeanFactory.lambda$doGetBean$0(AbstractBeanFactory.java:336)
	at org.springframework.beans.factory.support.DefaultSingletonBeanRegistry.getSingleton(DefaultSingletonBeanRegistry.java:288)
	at org.springframework.beans.factory.support.AbstractBeanFactory.doGetBean(AbstractBeanFactory.java:334)
	at org.springframework.beans.factory.support.AbstractBeanFactory.getBean(AbstractBeanFactory.java:199)
	at org.springframework.beans.factory.config.DependencyDescriptor.resolveCandidate(DependencyDescriptor.java:254)
	at org.springframework.beans.factory.support.DefaultListableBeanFactory.doResolveDependency(DefaultListableBeanFactory.java:1626)
	at org.springframework.beans.factory.support.DefaultListableBeanFactory.resolveDependency(DefaultListableBeanFactory.java:1514)
	at org.springframework.beans.factory.annotation.AutowiredAnnotationBeanPostProcessor$AutowiredFieldElement.resolveFieldValue(AutowiredAnnotationBeanPostProcessor.java:785)
	at org.springframework.beans.factory.annotation.AutowiredAnnotationBeanPostProcessor$AutowiredFieldElement.inject(AutowiredAnnotationBeanPostProcessor.java:768)
	at org.springframework.beans.factory.annotation.InjectionMetadata.inject(InjectionMetadata.java:146)
	at org.springframework.beans.factory.annotation.AutowiredAnnotationBeanPostProcessor.postProcessProperties(AutowiredAnnotationBeanPostProcessor.java:509)
	at org.springframework.beans.factory.support.AbstractAutowireCapableBeanFactory.populateBean(AbstractAutowireCapableBeanFactory.java:1435)
	at org.springframework.beans.factory.support.AbstractAutowireCapableBeanFactory.doCreateBean(AbstractAutowireCapableBeanFactory.java:600)
	at org.springframework.beans.factory.support.AbstractAutowireCapableBeanFactory.createBean(AbstractAutowireCapableBeanFactory.java:523)
	at org.springframework.beans.factory.support.AbstractBeanFactory.lambda$doGetBean$0(AbstractBeanFactory.java:336)
	at org.springframework.beans.factory.support.DefaultSingletonBeanRegistry.getSingleton(DefaultSingletonBeanRegistry.java:288)
	at org.springframework.beans.factory.support.AbstractBeanFactory.doGetBean(AbstractBeanFactory.java:334)
	at org.springframework.beans.factory.support.AbstractBeanFactory.getBean(AbstractBeanFactory.java:199)
	at org.springframework.beans.factory.config.DependencyDescriptor.resolveCandidate(DependencyDescriptor.java:254)
	at org.springframework.beans.factory.support.DefaultListableBeanFactory.doResolveDependency(DefaultListableBeanFactory.java:1626)
	at org.springframework.beans.factory.support.DefaultListableBeanFactory.resolveDependency(DefaultListableBeanFactory.java:1514)
	at org.springframework.beans.factory.annotation.AutowiredAnnotationBeanPostProcessor$AutowiredFieldElement.resolveFieldValue(AutowiredAnnotationBeanPostProcessor.java:785)
	at org.springframework.beans.factory.annotation.AutowiredAnnotationBeanPostProcessor$AutowiredFieldElement.inject(AutowiredAnnotationBeanPostProcessor.java:768)
	at org.springframework.beans.factory.annotation.InjectionMetadata.inject(InjectionMetadata.java:146)
	at org.springframework.beans.factory.annotation.AutowiredAnnotationBeanPostProcessor.postProcessProperties(AutowiredAnnotationBeanPostProcessor.java:509)
	at org.springframework.beans.factory.support.AbstractAutowireCapableBeanFactory.populateBean(AbstractAutowireCapableBeanFactory.java:1435)
	at org.springframework.beans.factory.support.AbstractAutowireCapableBeanFactory.doCreateBean(AbstractAutowireCapableBeanFactory.java:600)
	at org.springframework.beans.factory.support.AbstractAutowireCapableBeanFactory.createBean(AbstractAutowireCapableBeanFactory.java:523)
	at org.springframework.beans.factory.support.AbstractBeanFactory.lambda$doGetBean$0(AbstractBeanFactory.java:336)
	at org.springframework.beans.factory.support.DefaultSingletonBeanRegistry.getSingleton(DefaultSingletonBeanRegistry.java:288)
	at org.springframework.beans.factory.support.AbstractBeanFactory.doGetBean(AbstractBeanFactory.java:334)
	at org.springframework.beans.factory.support.AbstractBeanFactory.getBean(AbstractBeanFactory.java:199)
	at org.springframework.beans.factory.support.DefaultListableBeanFactory.doResolveDependency(DefaultListableBeanFactory.java:1568)
	at org.springframework.beans.factory.support.DefaultListableBeanFactory.resolveDependency(DefaultListableBeanFactory.java:1514)
	at org.springframework.beans.factory.support.ConstructorResolver.resolveAutowiredArgument(ConstructorResolver.java:913)
	at org.springframework.beans.factory.support.ConstructorResolver.createArgumentArray(ConstructorResolver.java:791)
	at org.springframework.beans.factory.support.ConstructorResolver.autowireConstructor(ConstructorResolver.java:240)
	at org.springframework.beans.factory.support.AbstractAutowireCapableBeanFactory.autowireConstructor(AbstractAutowireCapableBeanFactory.java:1371)
	at org.springframework.beans.factory.support.AbstractAutowireCapableBeanFactory.createBeanInstance(AbstractAutowireCapableBeanFactory.java:1208)
	at org.springframework.beans.factory.support.AbstractAutowireCapableBeanFactory.doCreateBean(AbstractAutowireCapableBeanFactory.java:563)
	at org.springframework.beans.factory.support.AbstractAutowireCapableBeanFactory.createBean(AbstractAutowireCapableBeanFactory.java:523)
	at org.springframework.beans.factory.support.AbstractBeanFactory.lambda$doGetBean$0(AbstractBeanFactory.java:336)
	at org.springframework.beans.factory.support.DefaultSingletonBeanRegistry.getSingleton(DefaultSingletonBeanRegistry.java:288)
	at org.springframework.beans.factory.support.AbstractBeanFactory.doGetBean(AbstractBeanFactory.java:334)
	at org.springframework.beans.factory.support.AbstractBeanFactory.getBean(AbstractBeanFactory.java:199)
	at org.springframework.beans.factory.support.DefaultListableBeanFactory.instantiateSingleton(DefaultListableBeanFactory.java:1122)
	at org.springframework.beans.factory.support.DefaultListableBeanFactory.preInstantiateSingleton(DefaultListableBeanFactory.java:1093)
	at org.springframework.beans.factory.support.DefaultListableBeanFactory.preInstantiateSingletons(DefaultListableBeanFactory.java:1030)
	at org.springframework.context.support.AbstractApplicationContext.finishBeanFactoryInitialization(AbstractApplicationContext.java:987)
	at org.springframework.context.support.AbstractApplicationContext.refresh(AbstractApplicationContext.java:627)
	at org.springframework.boot.SpringApplication.refresh(SpringApplication.java:752)
	at org.springframework.boot.SpringApplication.refreshContext(SpringApplication.java:439)
	at org.springframework.boot.SpringApplication.run(SpringApplication.java:318)
	at org.springframework.boot.SpringApplication.run(SpringApplication.java:1361)
	at org.springframework.boot.SpringApplication.run(SpringApplication.java:1350)
	at ceu.dam.ad.tema3.ejercicios.App.main(App.java:20)
2025-10-22 18:39:19 DEBUG [main] o.s.d.j.repository.query.NamedQuery - Did not find named query Pelicula.findByLongitudLessThan
2025-10-22 18:39:19 DEBUG [main] o.s.o.j.SharedEntityManagerCreator$SharedEntityManagerInvocationHandler - Creating new EntityManager for shared EntityManager invocation
2025-10-22 18:39:19 DEBUG [main] o.s.d.r.c.s.RepositoryFactorySupport - Finished creation of repository instance for ceu.dam.ad.tema3.ejercicios.ejercicio01.repository.PeliculaRepository.
2025-10-22 18:39:19 DEBUG [main] o.s.b.f.s.DefaultListableBeanFactory - Autowiring by type from bean name 'app' via constructor to bean named 'testEj1'
2025-10-22 18:39:19 DEBUG [main] o.s.b.f.s.DefaultListableBeanFactory - Creating shared instance of singleton bean 'org.springframework.boot.autoconfigure.context.PropertyPlaceholderAutoConfiguration'
2025-10-22 18:39:19 DEBUG [main] o.s.b.f.s.DefaultListableBeanFactory - Creating shared instance of singleton bean 'org.springframework.boot.autoconfigure.jmx.JmxAutoConfiguration'
2025-10-22 18:39:19 DEBUG [main] o.s.b.f.s.DefaultListableBeanFactory - Creating shared instance of singleton bean 'spring.jmx-org.springframework.boot.autoconfigure.jmx.JmxProperties'
2025-10-22 18:39:19 DEBUG [main] o.s.b.f.s.DefaultListableBeanFactory - Autowiring by type from bean name 'org.springframework.boot.autoconfigure.jmx.JmxAutoConfiguration' via constructor to bean named 'spring.jmx-org.springframework.boot.autoconfigure.jmx.JmxProperties'
2025-10-22 18:39:19 DEBUG [main] o.s.b.f.s.DefaultListableBeanFactory - Creating shared instance of singleton bean 'mbeanExporter'
2025-10-22 18:39:19 DEBUG [main] o.s.b.f.s.DefaultListableBeanFactory - Creating shared instance of singleton bean 'objectNamingStrategy'
2025-10-22 18:39:19 DEBUG [main] o.s.b.f.s.DefaultListableBeanFactory - Autowiring by type from bean name 'mbeanExporter' via factory method to bean named 'objectNamingStrategy'
2025-10-22 18:39:19 DEBUG [main] o.s.b.f.s.DefaultListableBeanFactory - Autowiring by type from bean name 'mbeanExporter' via factory method to bean named 'org.springframework.beans.factory.support.DefaultListableBeanFactory@677dbd89'
2025-10-22 18:39:19 DEBUG [main] o.s.b.f.s.DefaultListableBeanFactory - Creating shared instance of singleton bean 'mbeanServer'
2025-10-22 18:39:19 DEBUG [main] o.s.jmx.support.JmxUtils - Found MBeanServer: com.sun.jmx.mbeanserver.JmxMBeanServer@277c0f21
2025-10-22 18:39:19 DEBUG [main] o.s.b.f.s.DefaultListableBeanFactory - Creating shared instance of singleton bean 'org.springframework.boot.context.properties.EnableConfigurationPropertiesRegistrar.methodValidationExcludeFilter'
2025-10-22 18:39:19 DEBUG [main] o.s.b.f.s.DefaultListableBeanFactory - Creating shared instance of singleton bean 'org.springframework.boot.autoconfigure.admin.SpringApplicationAdminJmxAutoConfiguration'
2025-10-22 18:39:19 DEBUG [main] o.s.b.f.s.DefaultListableBeanFactory - Creating shared instance of singleton bean 'springApplicationAdminRegistrar'
2025-10-22 18:39:19 DEBUG [main] o.s.b.f.s.DefaultListableBeanFactory - Autowiring by type from bean name 'springApplicationAdminRegistrar' via factory method to bean named 'environment'
2025-10-22 18:39:19 DEBUG [main] o.s.b.a.SpringApplicationAdminMXBeanRegistrar$SpringApplicationAdmin - Application Admin MBean registered with name 'org.springframework.boot:type=Admin,name=SpringApplication'
2025-10-22 18:39:19 DEBUG [main] o.s.b.f.s.DefaultListableBeanFactory - Creating shared instance of singleton bean 'org.springframework.boot.autoconfigure.aop.AopAutoConfiguration$AspectJAutoProxyingConfiguration$CglibAutoProxyConfiguration'
2025-10-22 18:39:19 DEBUG [main] o.s.b.f.s.DefaultListableBeanFactory - Creating shared instance of singleton bean 'org.springframework.boot.autoconfigure.aop.AopAutoConfiguration$AspectJAutoProxyingConfiguration'
2025-10-22 18:39:19 DEBUG [main] o.s.b.f.s.DefaultListableBeanFactory - Creating shared instance of singleton bean 'org.springframework.boot.autoconfigure.aop.AopAutoConfiguration'
2025-10-22 18:39:19 DEBUG [main] o.s.b.f.s.DefaultListableBeanFactory - Creating shared instance of singleton bean 'org.springframework.boot.autoconfigure.availability.ApplicationAvailabilityAutoConfiguration'
2025-10-22 18:39:19 DEBUG [main] o.s.b.f.s.DefaultListableBeanFactory - Creating shared instance of singleton bean 'applicationAvailability'
2025-10-22 18:39:19 DEBUG [main] o.s.b.f.s.DefaultListableBeanFactory - Creating shared instance of singleton bean 'org.springframework.boot.autoconfigure.transaction.jta.JtaAutoConfiguration'
2025-10-22 18:39:19 DEBUG [main] o.s.b.f.s.DefaultListableBeanFactory - Creating shared instance of singleton bean 'org.springframework.boot.autoconfigure.jdbc.DataSourceJmxConfiguration$Hikari'
2025-10-22 18:39:19 DEBUG [main] o.s.b.f.s.DefaultListableBeanFactory - Autowiring by type from bean name 'org.springframework.boot.autoconfigure.jdbc.DataSourceJmxConfiguration$Hikari' via constructor to bean named 'dataSource'
2025-10-22 18:39:19 DEBUG [main] o.s.b.f.s.DefaultListableBeanFactory - Creating shared instance of singleton bean 'org.springframework.boot.autoconfigure.jdbc.DataSourceJmxConfiguration'
2025-10-22 18:39:19 DEBUG [main] o.s.b.f.s.DefaultListableBeanFactory - Creating shared instance of singleton bean 'org.springframework.boot.autoconfigure.jdbc.metadata.DataSourcePoolMetadataProvidersConfiguration'
2025-10-22 18:39:19 DEBUG [main] o.s.b.f.s.DefaultListableBeanFactory - Creating shared instance of singleton bean 'org.springframework.boot.autoconfigure.jdbc.DataSourceAutoConfiguration'
2025-10-22 18:39:19 DEBUG [main] o.s.b.f.s.DefaultListableBeanFactory - Creating shared instance of singleton bean 'org.springframework.boot.autoconfigure.transaction.TransactionManagerCustomizationAutoConfiguration'
2025-10-22 18:39:19 DEBUG [main] o.s.b.f.s.DefaultListableBeanFactory - Creating shared instance of singleton bean 'platformTransactionManagerCustomizers'
2025-10-22 18:39:19 DEBUG [main] o.s.b.f.s.DefaultListableBeanFactory - Creating shared instance of singleton bean 'transactionExecutionListeners'
2025-10-22 18:39:19 DEBUG [main] o.s.b.f.s.DefaultListableBeanFactory - Creating shared instance of singleton bean 'spring.transaction-org.springframework.boot.autoconfigure.transaction.TransactionProperties'
2025-10-22 18:39:19 DEBUG [main] o.s.b.f.s.DefaultListableBeanFactory - Creating shared instance of singleton bean 'org.springframework.boot.autoconfigure.orm.jpa.JpaBaseConfiguration$PersistenceManagedTypesConfiguration'
2025-10-22 18:39:19 DEBUG [main] o.s.b.f.s.DefaultListableBeanFactory - Creating shared instance of singleton bean 'transactionManager'
2025-10-22 18:39:19 DEBUG [main] o.s.b.f.s.DefaultListableBeanFactory - Creating shared instance of singleton bean 'org.springframework.boot.autoconfigure.orm.jpa.HibernateJpaAutoConfiguration'
2025-10-22 18:39:19 DEBUG [main] o.s.b.f.s.DefaultListableBeanFactory - Creating shared instance of singleton bean 'org.springframework.boot.autoconfigure.context.ConfigurationPropertiesAutoConfiguration'
2025-10-22 18:39:19 DEBUG [main] o.s.b.f.s.DefaultListableBeanFactory - Creating shared instance of singleton bean 'org.springframework.boot.autoconfigure.context.LifecycleAutoConfiguration'
2025-10-22 18:39:19 DEBUG [main] o.s.b.f.s.DefaultListableBeanFactory - Creating shared instance of singleton bean 'lifecycleProcessor'
2025-10-22 18:39:19 DEBUG [main] o.s.b.f.s.DefaultListableBeanFactory - Creating shared instance of singleton bean 'spring.lifecycle-org.springframework.boot.autoconfigure.context.LifecycleProperties'
2025-10-22 18:39:19 DEBUG [main] o.s.b.f.s.DefaultListableBeanFactory - Autowiring by type from bean name 'lifecycleProcessor' via factory method to bean named 'spring.lifecycle-org.springframework.boot.autoconfigure.context.LifecycleProperties'
2025-10-22 18:39:19 DEBUG [main] o.s.b.f.s.DefaultListableBeanFactory - Creating shared instance of singleton bean 'org.springframework.boot.autoconfigure.dao.PersistenceExceptionTranslationAutoConfiguration'
2025-10-22 18:39:19 DEBUG [main] o.s.b.f.s.DefaultListableBeanFactory - Creating shared instance of singleton bean 'org.springframework.boot.autoconfigure.task.TaskExecutorConfigurations$ThreadPoolTaskExecutorBuilderConfiguration'
2025-10-22 18:39:19 DEBUG [main] o.s.b.f.s.DefaultListableBeanFactory - Creating shared instance of singleton bean 'threadPoolTaskExecutorBuilder'
2025-10-22 18:39:19 DEBUG [main] o.s.b.f.s.DefaultListableBeanFactory - Creating shared instance of singleton bean 'spring.task.execution-org.springframework.boot.autoconfigure.task.TaskExecutionProperties'
2025-10-22 18:39:20 DEBUG [main] o.s.b.f.s.DefaultListableBeanFactory - Autowiring by type from bean name 'threadPoolTaskExecutorBuilder' via factory method to bean named 'spring.task.execution-org.springframework.boot.autoconfigure.task.TaskExecutionProperties'
2025-10-22 18:39:20 DEBUG [main] o.s.b.f.s.DefaultListableBeanFactory - Creating shared instance of singleton bean 'org.springframework.boot.autoconfigure.task.TaskExecutorConfigurations$SimpleAsyncTaskExecutorBuilderConfiguration'
2025-10-22 18:39:20 DEBUG [main] o.s.b.f.s.DefaultListableBeanFactory - Autowiring by type from bean name 'org.springframework.boot.autoconfigure.task.TaskExecutorConfigurations$SimpleAsyncTaskExecutorBuilderConfiguration' via constructor to bean named 'spring.task.execution-org.springframework.boot.autoconfigure.task.TaskExecutionProperties'
2025-10-22 18:39:20 DEBUG [main] o.s.b.f.s.DefaultListableBeanFactory - Creating shared instance of singleton bean 'simpleAsyncTaskExecutorBuilder'
2025-10-22 18:39:20 DEBUG [main] o.s.b.f.s.DefaultListableBeanFactory - Creating shared instance of singleton bean 'org.springframework.boot.autoconfigure.task.TaskExecutorConfigurations$TaskExecutorConfiguration'
2025-10-22 18:39:20 DEBUG [main] o.s.b.f.s.DefaultListableBeanFactory - Creating shared instance of singleton bean 'org.springframework.boot.autoconfigure.task.TaskExecutionAutoConfiguration'
2025-10-22 18:39:20 DEBUG [main] o.s.b.f.s.DefaultListableBeanFactory - Creating shared instance of singleton bean 'org.springframework.boot.autoconfigure.data.jpa.JpaRepositoriesAutoConfiguration'
2025-10-22 18:39:20 DEBUG [main] o.s.b.f.s.DefaultListableBeanFactory - Creating shared instance of singleton bean 'org.springframework.data.jpa.util.JpaMetamodelCacheCleanup'
2025-10-22 18:39:20 DEBUG [main] o.s.b.f.s.DefaultListableBeanFactory - Creating shared instance of singleton bean 'org.springframework.data.jpa.repository.support.JpaEvaluationContextExtension'
2025-10-22 18:39:20 DEBUG [main] o.s.b.f.s.DefaultListableBeanFactory - Creating shared instance of singleton bean 'data-jpa.repository-aot-processor#0'
2025-10-22 18:39:20 DEBUG [main] o.s.b.f.s.DefaultListableBeanFactory - Creating shared instance of singleton bean 'org.springframework.boot.autoconfigure.info.ProjectInfoAutoConfiguration'
2025-10-22 18:39:20 DEBUG [main] o.s.b.f.s.DefaultListableBeanFactory - Creating shared instance of singleton bean 'spring.info-org.springframework.boot.autoconfigure.info.ProjectInfoProperties'
2025-10-22 18:39:20 DEBUG [main] o.s.b.f.s.DefaultListableBeanFactory - Autowiring by type from bean name 'org.springframework.boot.autoconfigure.info.ProjectInfoAutoConfiguration' via constructor to bean named 'spring.info-org.springframework.boot.autoconfigure.info.ProjectInfoProperties'
2025-10-22 18:39:20 DEBUG [main] o.s.b.f.s.DefaultListableBeanFactory - Creating shared instance of singleton bean 'org.springframework.boot.autoconfigure.jdbc.JdbcTemplateConfiguration'
2025-10-22 18:39:20 DEBUG [main] o.s.b.f.s.DefaultListableBeanFactory - Creating shared instance of singleton bean 'jdbcTemplate'
2025-10-22 18:39:20 DEBUG [main] o.s.b.f.s.DefaultListableBeanFactory - Creating shared instance of singleton bean 'spring.jdbc-org.springframework.boot.autoconfigure.jdbc.JdbcProperties'
2025-10-22 18:39:20 DEBUG [main] o.s.b.f.s.DefaultListableBeanFactory - Autowiring by type from bean name 'jdbcTemplate' via factory method to bean named 'dataSource'
2025-10-22 18:39:20 DEBUG [main] o.s.b.f.s.DefaultListableBeanFactory - Autowiring by type from bean name 'jdbcTemplate' via factory method to bean named 'spring.jdbc-org.springframework.boot.autoconfigure.jdbc.JdbcProperties'
2025-10-22 18:39:20 DEBUG [main] o.s.b.f.s.DefaultListableBeanFactory - Creating shared instance of singleton bean 'org.springframework.boot.autoconfigure.jdbc.NamedParameterJdbcTemplateConfiguration'
2025-10-22 18:39:20 DEBUG [main] o.s.b.f.s.DefaultListableBeanFactory - Creating shared instance of singleton bean 'namedParameterJdbcTemplate'
2025-10-22 18:39:20 DEBUG [main] o.s.b.f.s.DefaultListableBeanFactory - Autowiring by type from bean name 'namedParameterJdbcTemplate' via factory method to bean named 'jdbcTemplate'
2025-10-22 18:39:20 DEBUG [main] o.s.b.f.s.DefaultListableBeanFactory - Creating shared instance of singleton bean 'org.springframework.boot.autoconfigure.jdbc.JdbcTemplateAutoConfiguration'
2025-10-22 18:39:20 DEBUG [main] o.s.b.f.s.DefaultListableBeanFactory - Creating shared instance of singleton bean 'org.springframework.boot.autoconfigure.jdbc.JdbcClientAutoConfiguration'
2025-10-22 18:39:20 DEBUG [main] o.s.b.f.s.DefaultListableBeanFactory - Creating shared instance of singleton bean 'jdbcClient'
2025-10-22 18:39:20 DEBUG [main] o.s.b.f.s.DefaultListableBeanFactory - Autowiring by type from bean name 'jdbcClient' via factory method to bean named 'namedParameterJdbcTemplate'
2025-10-22 18:39:20 DEBUG [main] o.s.b.f.s.DefaultListableBeanFactory - Creating shared instance of singleton bean 'org.springframework.boot.autoconfigure.sql.init.SqlInitializationAutoConfiguration'
2025-10-22 18:39:20 DEBUG [main] o.s.b.f.s.DefaultListableBeanFactory - Creating shared instance of singleton bean 'org.springframework.boot.autoconfigure.ssl.SslAutoConfiguration'
2025-10-22 18:39:20 DEBUG [main] o.s.b.f.s.DefaultListableBeanFactory - Creating shared instance of singleton bean 'spring.ssl-org.springframework.boot.autoconfigure.ssl.SslProperties'
2025-10-22 18:39:20 DEBUG [main] o.s.b.f.s.DefaultListableBeanFactory - Autowiring by type from bean name 'org.springframework.boot.autoconfigure.ssl.SslAutoConfiguration' via constructor to bean named 'org.springframework.context.annotation.AnnotationConfigApplicationContext@7829b776'
2025-10-22 18:39:20 DEBUG [main] o.s.b.f.s.DefaultListableBeanFactory - Autowiring by type from bean name 'org.springframework.boot.autoconfigure.ssl.SslAutoConfiguration' via constructor to bean named 'spring.ssl-org.springframework.boot.autoconfigure.ssl.SslProperties'
2025-10-22 18:39:20 DEBUG [main] o.s.b.f.s.DefaultListableBeanFactory - Creating shared instance of singleton bean 'fileWatcher'
2025-10-22 18:39:20 DEBUG [main] o.s.b.f.s.DefaultListableBeanFactory - Creating shared instance of singleton bean 'sslPropertiesSslBundleRegistrar'
2025-10-22 18:39:20 DEBUG [main] o.s.b.f.s.DefaultListableBeanFactory - Autowiring by type from bean name 'sslPropertiesSslBundleRegistrar' via factory method to bean named 'fileWatcher'
2025-10-22 18:39:20 DEBUG [main] o.s.b.f.s.DefaultListableBeanFactory - Creating shared instance of singleton bean 'sslBundleRegistry'
2025-10-22 18:39:20 DEBUG [main] o.s.b.f.s.DefaultListableBeanFactory - Creating shared instance of singleton bean 'org.springframework.boot.autoconfigure.task.TaskSchedulingConfigurations$ThreadPoolTaskSchedulerBuilderConfiguration'
2025-10-22 18:39:20 DEBUG [main] o.s.b.f.s.DefaultListableBeanFactory - Creating shared instance of singleton bean 'threadPoolTaskSchedulerBuilder'
2025-10-22 18:39:20 DEBUG [main] o.s.b.f.s.DefaultListableBeanFactory - Creating shared instance of singleton bean 'spring.task.scheduling-org.springframework.boot.autoconfigure.task.TaskSchedulingProperties'
2025-10-22 18:39:20 DEBUG [main] o.s.b.f.s.DefaultListableBeanFactory - Autowiring by type from bean name 'threadPoolTaskSchedulerBuilder' via factory method to bean named 'spring.task.scheduling-org.springframework.boot.autoconfigure.task.TaskSchedulingProperties'
2025-10-22 18:39:20 DEBUG [main] o.s.b.f.s.DefaultListableBeanFactory - Creating shared instance of singleton bean 'org.springframework.boot.autoconfigure.task.TaskSchedulingConfigurations$SimpleAsyncTaskSchedulerBuilderConfiguration'
2025-10-22 18:39:20 DEBUG [main] o.s.b.f.s.DefaultListableBeanFactory - Autowiring by type from bean name 'org.springframework.boot.autoconfigure.task.TaskSchedulingConfigurations$SimpleAsyncTaskSchedulerBuilderConfiguration' via constructor to bean named 'spring.task.scheduling-org.springframework.boot.autoconfigure.task.TaskSchedulingProperties'
2025-10-22 18:39:20 DEBUG [main] o.s.b.f.s.DefaultListableBeanFactory - Creating shared instance of singleton bean 'simpleAsyncTaskSchedulerBuilder'
2025-10-22 18:39:20 DEBUG [main] o.s.b.f.s.DefaultListableBeanFactory - Creating shared instance of singleton bean 'org.springframework.boot.autoconfigure.task.TaskSchedulingAutoConfiguration'
2025-10-22 18:39:20 DEBUG [main] o.s.b.f.s.DefaultListableBeanFactory - Creating shared instance of singleton bean 'org.springframework.boot.autoconfigure.jdbc.DataSourceTransactionManagerAutoConfiguration$JdbcTransactionManagerConfiguration'
2025-10-22 18:39:20 DEBUG [main] o.s.b.f.s.DefaultListableBeanFactory - Creating shared instance of singleton bean 'org.springframework.boot.autoconfigure.jdbc.DataSourceTransactionManagerAutoConfiguration'
2025-10-22 18:39:20 DEBUG [main] o.s.b.f.s.DefaultListableBeanFactory - Creating shared instance of singleton bean 'org.springframework.boot.autoconfigure.transaction.TransactionAutoConfiguration$EnableTransactionManagementConfiguration$CglibAutoProxyConfiguration'
2025-10-22 18:39:20 DEBUG [main] o.s.b.f.s.DefaultListableBeanFactory - Creating shared instance of singleton bean 'org.springframework.boot.autoconfigure.transaction.TransactionAutoConfiguration$EnableTransactionManagementConfiguration'
2025-10-22 18:39:20 DEBUG [main] o.s.b.f.s.DefaultListableBeanFactory - Creating shared instance of singleton bean 'org.springframework.boot.autoconfigure.transaction.TransactionAutoConfiguration$TransactionTemplateConfiguration'
2025-10-22 18:39:20 DEBUG [main] o.s.b.f.s.DefaultListableBeanFactory - Creating shared instance of singleton bean 'transactionTemplate'
2025-10-22 18:39:20 DEBUG [main] o.s.b.f.s.DefaultListableBeanFactory - Autowiring by type from bean name 'transactionTemplate' via factory method to bean named 'transactionManager'
2025-10-22 18:39:20 DEBUG [main] o.s.b.f.s.DefaultListableBeanFactory - Creating shared instance of singleton bean 'org.springframework.boot.autoconfigure.transaction.TransactionAutoConfiguration'
2025-10-22 18:39:20 DEBUG [main] o.s.j.e.a.AnnotationMBeanExporter - Registering beans for JMX exposure on startup
2025-10-22 18:39:20 DEBUG [main] o.s.j.e.a.AnnotationMBeanExporter - Auto-detecting user-defined JMX MBeans
2025-10-22 18:39:20 DEBUG [main] o.s.j.e.a.AnnotationMBeanExporter - Bean with name 'dataSource' has been autodetected for JMX exposure
2025-10-22 18:39:20 DEBUG [main] o.s.j.e.a.AnnotationMBeanExporter - Located MBean 'dataSource': registering with JMX server as MBean [com.zaxxer.hikari:name=dataSource,type=HikariDataSource]
2025-10-22 18:39:20 DEBUG [main] o.s.b.f.s.DefaultListableBeanFactory - Creating shared instance of singleton bean 'applicationTaskExecutor'
2025-10-22 18:39:20 DEBUG [main] o.s.b.f.s.DefaultListableBeanFactory - Autowiring by type from bean name 'applicationTaskExecutor' via factory method to bean named 'threadPoolTaskExecutorBuilder'
2025-10-22 18:39:20 DEBUG [main] o.s.s.c.ThreadPoolTaskExecutor - Initializing ExecutorService 'applicationTaskExecutor'
2025-10-22 18:39:20 DEBUG [main] o.s.c.s.DefaultLifecycleProcessor - Starting beans in phase -2147483647
2025-10-22 18:39:20 DEBUG [main] o.s.c.s.DefaultLifecycleProcessor - Successfully started bean 'springBootLoggingLifecycle'
2025-10-22 18:39:20 DEBUG [main] o.s.c.s.DefaultLifecycleProcessor - Starting beans in phase 1073741823
2025-10-22 18:39:20 DEBUG [main] o.s.b.a.l.ConditionEvaluationReportLogger - 


============================
CONDITIONS EVALUATION REPORT
============================


Positive matches:
-----------------

   AopAutoConfiguration matched:
      - @ConditionalOnProperty (spring.aop.auto=true) matched (OnPropertyCondition)

   AopAutoConfiguration.AspectJAutoProxyingConfiguration matched:
      - @ConditionalOnClass found required class 'org.aspectj.weaver.Advice' (OnClassCondition)

   AopAutoConfiguration.AspectJAutoProxyingConfiguration.CglibAutoProxyConfiguration matched:
      - @ConditionalOnProperty (spring.aop.proxy-target-class=true) matched (OnPropertyCondition)

   ApplicationAvailabilityAutoConfiguration#applicationAvailability matched:
      - @ConditionalOnMissingBean (types: org.springframework.boot.availability.ApplicationAvailability; SearchStrategy: all) did not find any beans (OnBeanCondition)

   DataSourceAutoConfiguration matched:
      - @ConditionalOnClass found required classes 'javax.sql.DataSource', 'org.springframework.jdbc.datasource.embedded.EmbeddedDatabaseType' (OnClassCondition)
      - @ConditionalOnMissingBean (types: io.r2dbc.spi.ConnectionFactory; SearchStrategy: all) did not find any beans (OnBeanCondition)

   DataSourceAutoConfiguration.PooledDataSourceConfiguration matched:
      - AnyNestedCondition 1 matched 1 did not; NestedCondition on DataSourceAutoConfiguration.PooledDataSourceCondition.PooledDataSourceAvailable PooledDataSource found supported DataSource; NestedCondition on DataSourceAutoConfiguration.PooledDataSourceCondition.ExplicitType @ConditionalOnProperty (spring.datasource.type) did not find property 'type' (DataSourceAutoConfiguration.PooledDataSourceCondition)
      - @ConditionalOnMissingBean (types: javax.sql.DataSource,javax.sql.XADataSource; SearchStrategy: all) did not find any beans (OnBeanCondition)

   DataSourceAutoConfiguration.PooledDataSourceConfiguration#jdbcConnectionDetails matched:
      - @ConditionalOnMissingBean (types: org.springframework.boot.autoconfigure.jdbc.JdbcConnectionDetails; SearchStrategy: all) did not find any beans (OnBeanCondition)

   DataSourceConfiguration.Hikari matched:
      - @ConditionalOnClass found required class 'com.zaxxer.hikari.HikariDataSource' (OnClassCondition)
      - @ConditionalOnProperty (spring.datasource.type=com.zaxxer.hikari.HikariDataSource) matched (OnPropertyCondition)
      - @ConditionalOnMissingBean (types: javax.sql.DataSource; SearchStrategy: all) did not find any beans (OnBeanCondition)

   DataSourceInitializationConfiguration matched:
      - @ConditionalOnClass found required class 'org.springframework.jdbc.datasource.init.DatabasePopulator' (OnClassCondition)
      - @ConditionalOnSingleCandidate (types: javax.sql.DataSource; SearchStrategy: all) found a single bean 'dataSource'; @ConditionalOnMissingBean (types: org.springframework.boot.autoconfigure.sql.init.SqlDataSourceScriptDatabaseInitializer,org.springframework.boot.autoconfigure.sql.init.SqlR2dbcScriptDatabaseInitializer; SearchStrategy: all) did not find any beans (OnBeanCondition)

   DataSourceJmxConfiguration matched:
      - @ConditionalOnProperty (spring.jmx.enabled=true) matched (OnPropertyCondition)

   DataSourceJmxConfiguration.Hikari matched:
      - @ConditionalOnClass found required class 'com.zaxxer.hikari.HikariDataSource' (OnClassCondition)
      - @ConditionalOnSingleCandidate (types: javax.sql.DataSource; SearchStrategy: all) found a single bean 'dataSource' (OnBeanCondition)

   DataSourcePoolMetadataProvidersConfiguration.HikariPoolDataSourceMetadataProviderConfiguration matched:
      - @ConditionalOnClass found required class 'com.zaxxer.hikari.HikariDataSource' (OnClassCondition)

   DataSourceTransactionManagerAutoConfiguration matched:
      - @ConditionalOnClass found required classes 'javax.sql.DataSource', 'org.springframework.jdbc.core.JdbcTemplate', 'org.springframework.transaction.TransactionManager' (OnClassCondition)

   DataSourceTransactionManagerAutoConfiguration.JdbcTransactionManagerConfiguration matched:
      - @ConditionalOnSingleCandidate (types: javax.sql.DataSource; SearchStrategy: all) found a single bean 'dataSource' (OnBeanCondition)

   GenericCacheConfiguration matched:
      - Cache org.springframework.boot.autoconfigure.cache.GenericCacheConfiguration automatic cache type (CacheCondition)

   HibernateJpaAutoConfiguration matched:
      - @ConditionalOnClass found required classes 'org.springframework.orm.jpa.LocalContainerEntityManagerFactoryBean', 'jakarta.persistence.EntityManager', 'org.hibernate.engine.spi.SessionImplementor' (OnClassCondition)

   HibernateJpaConfiguration matched:
      - @ConditionalOnSingleCandidate (types: javax.sql.DataSource; SearchStrategy: all) found a single bean 'dataSource' (OnBeanCondition)

   JdbcClientAutoConfiguration matched:
      - @ConditionalOnSingleCandidate (types: org.springframework.jdbc.core.namedparam.NamedParameterJdbcTemplate; SearchStrategy: all) found a single bean 'namedParameterJdbcTemplate'; @ConditionalOnMissingBean (types: org.springframework.jdbc.core.simple.JdbcClient; SearchStrategy: all) did not find any beans (OnBeanCondition)

   JdbcTemplateAutoConfiguration matched:
      - @ConditionalOnClass found required classes 'javax.sql.DataSource', 'org.springframework.jdbc.core.JdbcTemplate' (OnClassCondition)
      - @ConditionalOnSingleCandidate (types: javax.sql.DataSource; SearchStrategy: all) found a single bean 'dataSource' (OnBeanCondition)

   JdbcTemplateConfiguration matched:
      - @ConditionalOnMissingBean (types: org.springframework.jdbc.core.JdbcOperations; SearchStrategy: all) did not find any beans (OnBeanCondition)

   JmxAutoConfiguration matched:
      - @ConditionalOnClass found required class 'org.springframework.jmx.export.MBeanExporter' (OnClassCondition)
      - @ConditionalOnProperty (spring.jmx.enabled=true) matched (OnPropertyCondition)

   JmxAutoConfiguration#mbeanExporter matched:
      - @ConditionalOnMissingBean (types: org.springframework.jmx.export.MBeanExporter; SearchStrategy: current) did not find any beans (OnBeanCondition)

   JmxAutoConfiguration#mbeanServer matched:
      - @ConditionalOnMissingBean (types: javax.management.MBeanServer; SearchStrategy: all) did not find any beans (OnBeanCondition)

   JmxAutoConfiguration#objectNamingStrategy matched:
      - @ConditionalOnMissingBean (types: org.springframework.jmx.export.naming.ObjectNamingStrategy; SearchStrategy: current) did not find any beans (OnBeanCondition)

   JpaBaseConfiguration#entityManagerFactory matched:
      - @ConditionalOnMissingBean (types: org.springframework.orm.jpa.LocalContainerEntityManagerFactoryBean,jakarta.persistence.EntityManagerFactory; SearchStrategy: all) did not find any beans (OnBeanCondition)

   JpaBaseConfiguration#entityManagerFactoryBuilder matched:
      - @ConditionalOnMissingBean (types: org.springframework.boot.orm.jpa.EntityManagerFactoryBuilder; SearchStrategy: all) did not find any beans (OnBeanCondition)

   JpaBaseConfiguration#jpaVendorAdapter matched:
      - @ConditionalOnMissingBean (types: org.springframework.orm.jpa.JpaVendorAdapter; SearchStrategy: all) did not find any beans (OnBeanCondition)

   JpaBaseConfiguration#transactionManager matched:
      - @ConditionalOnMissingBean (types: org.springframework.transaction.TransactionManager; SearchStrategy: all) did not find any beans (OnBeanCondition)

   JpaBaseConfiguration.PersistenceManagedTypesConfiguration matched:
      - @ConditionalOnMissingBean (types: org.springframework.orm.jpa.LocalContainerEntityManagerFactoryBean,jakarta.persistence.EntityManagerFactory; SearchStrategy: all) did not find any beans (OnBeanCondition)

   JpaBaseConfiguration.PersistenceManagedTypesConfiguration#persistenceManagedTypes matched:
      - @ConditionalOnMissingBean (types: org.springframework.orm.jpa.persistenceunit.PersistenceManagedTypes; SearchStrategy: all) did not find any beans (OnBeanCondition)

   JpaRepositoriesAutoConfiguration matched:
      - @ConditionalOnClass found required class 'org.springframework.data.jpa.repository.JpaRepository' (OnClassCondition)
      - @ConditionalOnProperty (spring.data.jpa.repositories.enabled=true) matched (OnPropertyCondition)
      - @ConditionalOnBean (types: javax.sql.DataSource; SearchStrategy: all) found bean 'dataSource'; @ConditionalOnMissingBean (types: org.springframework.data.jpa.repository.support.JpaRepositoryFactoryBean,org.springframework.data.jpa.repository.config.JpaRepositoryConfigExtension; SearchStrategy: all) did not find any beans (OnBeanCondition)

   JtaAutoConfiguration matched:
      - @ConditionalOnClass found required class 'jakarta.transaction.Transaction' (OnClassCondition)
      - @ConditionalOnProperty (spring.jta.enabled) matched (OnPropertyCondition)

   LifecycleAutoConfiguration#defaultLifecycleProcessor matched:
      - @ConditionalOnMissingBean (names: lifecycleProcessor; SearchStrategy: current) did not find any beans (OnBeanCondition)

   NamedParameterJdbcTemplateConfiguration matched:
      - @ConditionalOnSingleCandidate (types: org.springframework.jdbc.core.JdbcTemplate; SearchStrategy: all) found a single bean 'jdbcTemplate'; @ConditionalOnMissingBean (types: org.springframework.jdbc.core.namedparam.NamedParameterJdbcOperations; SearchStrategy: all) did not find any beans (OnBeanCondition)

   NoOpCacheConfiguration matched:
      - Cache org.springframework.boot.autoconfigure.cache.NoOpCacheConfiguration automatic cache type (CacheCondition)

   PersistenceExceptionTranslationAutoConfiguration matched:
      - @ConditionalOnClass found required class 'org.springframework.dao.annotation.PersistenceExceptionTranslationPostProcessor' (OnClassCondition)

   PersistenceExceptionTranslationAutoConfiguration#persistenceExceptionTranslationPostProcessor matched:
      - @ConditionalOnProperty (spring.dao.exceptiontranslation.enabled) matched (OnPropertyCondition)
      - @ConditionalOnMissingBean (types: org.springframework.dao.annotation.PersistenceExceptionTranslationPostProcessor; SearchStrategy: all) did not find any beans (OnBeanCondition)

   PropertyPlaceholderAutoConfiguration#propertySourcesPlaceholderConfigurer matched:
      - @ConditionalOnMissingBean (types: org.springframework.context.support.PropertySourcesPlaceholderConfigurer; SearchStrategy: current) did not find any beans (OnBeanCondition)

   SimpleCacheConfiguration matched:
      - Cache org.springframework.boot.autoconfigure.cache.SimpleCacheConfiguration automatic cache type (CacheCondition)

   SpringApplicationAdminJmxAutoConfiguration matched:
      - @ConditionalOnProperty (spring.application.admin.enabled=true) matched (OnPropertyCondition)

   SpringApplicationAdminJmxAutoConfiguration#springApplicationAdminRegistrar matched:
      - @ConditionalOnMissingBean (types: org.springframework.boot.admin.SpringApplicationAdminMXBeanRegistrar; SearchStrategy: all) did not find any beans (OnBeanCondition)

   SqlInitializationAutoConfiguration matched:
      - @ConditionalOnProperty (spring.sql.init.enabled) matched (OnPropertyCondition)
      - NoneNestedConditions 0 matched 1 did not; NestedCondition on SqlInitializationAutoConfiguration.SqlInitializationModeCondition.ModeIsNever @ConditionalOnProperty (spring.sql.init.mode=never) did not find property 'mode' (SqlInitializationAutoConfiguration.SqlInitializationModeCondition)

   SslAutoConfiguration#sslBundleRegistry matched:
      - @ConditionalOnMissingBean (types: org.springframework.boot.ssl.SslBundleRegistry,org.springframework.boot.ssl.SslBundles; SearchStrategy: all) did not find any beans (OnBeanCondition)

   TaskExecutionAutoConfiguration matched:
      - @ConditionalOnClass found required class 'org.springframework.scheduling.concurrent.ThreadPoolTaskExecutor' (OnClassCondition)

   TaskExecutorConfigurations.SimpleAsyncTaskExecutorBuilderConfiguration#simpleAsyncTaskExecutorBuilder matched:
      - @ConditionalOnMissingBean (types: org.springframework.boot.task.SimpleAsyncTaskExecutorBuilder; SearchStrategy: all) did not find any beans (OnBeanCondition)
      - @ConditionalOnThreading found PLATFORM (OnThreadingCondition)

   TaskExecutorConfigurations.TaskExecutorConfiguration matched:
      - @ConditionalOnMissingBean (types: java.util.concurrent.Executor; SearchStrategy: all) did not find any beans (OnBeanCondition)

   TaskExecutorConfigurations.TaskExecutorConfiguration#applicationTaskExecutor matched:
      - @ConditionalOnThreading found PLATFORM (OnThreadingCondition)

   TaskExecutorConfigurations.ThreadPoolTaskExecutorBuilderConfiguration#threadPoolTaskExecutorBuilder matched:
      - @ConditionalOnMissingBean (types: org.springframework.boot.task.ThreadPoolTaskExecutorBuilder; SearchStrategy: all) did not find any beans (OnBeanCondition)

   TaskSchedulingAutoConfiguration matched:
      - @ConditionalOnClass found required class 'org.springframework.scheduling.concurrent.ThreadPoolTaskScheduler' (OnClassCondition)

   TaskSchedulingConfigurations.SimpleAsyncTaskSchedulerBuilderConfiguration#simpleAsyncTaskSchedulerBuilder matched:
      - @ConditionalOnMissingBean (types: org.springframework.boot.task.SimpleAsyncTaskSchedulerBuilder; SearchStrategy: all) did not find any beans (OnBeanCondition)
      - @ConditionalOnThreading found PLATFORM (OnThreadingCondition)

   TaskSchedulingConfigurations.ThreadPoolTaskSchedulerBuilderConfiguration#threadPoolTaskSchedulerBuilder matched:
      - @ConditionalOnMissingBean (types: org.springframework.boot.task.ThreadPoolTaskSchedulerBuilder; SearchStrategy: all) did not find any beans (OnBeanCondition)

   TransactionAutoConfiguration matched:
      - @ConditionalOnClass found required class 'org.springframework.transaction.PlatformTransactionManager' (OnClassCondition)

   TransactionAutoConfiguration.EnableTransactionManagementConfiguration matched:
      - @ConditionalOnBean (types: org.springframework.transaction.TransactionManager; SearchStrategy: all) found bean 'transactionManager'; @ConditionalOnMissingBean (types: org.springframework.transaction.annotation.AbstractTransactionManagementConfiguration; SearchStrategy: all) did not find any beans (OnBeanCondition)

   TransactionAutoConfiguration.EnableTransactionManagementConfiguration.CglibAutoProxyConfiguration matched:
      - @ConditionalOnProperty (spring.aop.proxy-target-class=true) matched (OnPropertyCondition)

   TransactionAutoConfiguration.TransactionTemplateConfiguration matched:
      - @ConditionalOnSingleCandidate (types: org.springframework.transaction.PlatformTransactionManager; SearchStrategy: all) found a single bean 'transactionManager' (OnBeanCondition)

   TransactionAutoConfiguration.TransactionTemplateConfiguration#transactionTemplate matched:
      - @ConditionalOnMissingBean (types: org.springframework.transaction.support.TransactionOperations; SearchStrategy: all) did not find any beans (OnBeanCondition)

   TransactionManagerCustomizationAutoConfiguration matched:
      - @ConditionalOnClass found required class 'org.springframework.transaction.PlatformTransactionManager' (OnClassCondition)

   TransactionManagerCustomizationAutoConfiguration#platformTransactionManagerCustomizers matched:
      - @ConditionalOnMissingBean (types: org.springframework.boot.autoconfigure.transaction.TransactionManagerCustomizers; SearchStrategy: all) did not find any beans (OnBeanCondition)


Negative matches:
-----------------

   ActiveMQAutoConfiguration:
      Did not match:
         - @ConditionalOnClass did not find required class 'jakarta.jms.ConnectionFactory' (OnClassCondition)

   AopAutoConfiguration.AspectJAutoProxyingConfiguration.JdkDynamicAutoProxyConfiguration:
      Did not match:
         - @ConditionalOnProperty (spring.aop.proxy-target-class=false) did not find property 'proxy-target-class' (OnPropertyCondition)

   AopAutoConfiguration.ClassProxyingConfiguration:
      Did not match:
         - @ConditionalOnMissingClass found unwanted class 'org.aspectj.weaver.Advice' (OnClassCondition)

   ArtemisAutoConfiguration:
      Did not match:
         - @ConditionalOnClass did not find required class 'jakarta.jms.ConnectionFactory' (OnClassCondition)

   BatchAutoConfiguration:
      Did not match:
         - @ConditionalOnClass did not find required class 'org.springframework.batch.core.launch.JobLauncher' (OnClassCondition)

   Cache2kCacheConfiguration:
      Did not match:
         - @ConditionalOnClass did not find required class 'org.cache2k.Cache2kBuilder' (OnClassCondition)

   CacheAutoConfiguration:
      Did not match:
         - @ConditionalOnBean (types: org.springframework.cache.interceptor.CacheAspectSupport; SearchStrategy: all) did not find any beans of type org.springframework.cache.interceptor.CacheAspectSupport (OnBeanCondition)
      Matched:
         - @ConditionalOnClass found required class 'org.springframework.cache.CacheManager' (OnClassCondition)

   CacheAutoConfiguration.CacheManagerEntityManagerFactoryDependsOnPostProcessor:
      Did not match:
         - Ancestor org.springframework.boot.autoconfigure.cache.CacheAutoConfiguration did not match (ConditionEvaluationReport.AncestorsMatchedCondition)
      Matched:
         - @ConditionalOnClass found required class 'org.springframework.orm.jpa.LocalContainerEntityManagerFactoryBean' (OnClassCondition)

   CaffeineCacheConfiguration:
      Did not match:
         - @ConditionalOnClass did not find required class 'org.springframework.cache.caffeine.CaffeineCacheManager' (OnClassCondition)

   CassandraAutoConfiguration:
      Did not match:
         - @ConditionalOnClass did not find required class 'com.datastax.oss.driver.api.core.CqlSession' (OnClassCondition)

   CassandraDataAutoConfiguration:
      Did not match:
         - @ConditionalOnClass did not find required class 'com.datastax.oss.driver.api.core.CqlSession' (OnClassCondition)

   CassandraReactiveDataAutoConfiguration:
      Did not match:
         - @ConditionalOnClass did not find required class 'com.datastax.oss.driver.api.core.CqlSession' (OnClassCondition)

   CassandraReactiveRepositoriesAutoConfiguration:
      Did not match:
         - @ConditionalOnClass did not find required class 'org.springframework.data.cassandra.ReactiveSession' (OnClassCondition)

   CassandraRepositoriesAutoConfiguration:
      Did not match:
         - @ConditionalOnClass did not find required class 'com.datastax.oss.driver.api.core.CqlSession' (OnClassCondition)

   ClientHttpConnectorAutoConfiguration:
      Did not match:
         - @ConditionalOnClass did not find required class 'org.springframework.web.reactive.function.client.WebClient' (OnClassCondition)

   CodecsAutoConfiguration:
      Did not match:
         - @ConditionalOnClass did not find required class 'org.springframework.http.codec.CodecConfigurer' (OnClassCondition)

   CouchbaseAutoConfiguration:
      Did not match:
         - @ConditionalOnClass did not find required class 'com.couchbase.client.java.Cluster' (OnClassCondition)

   CouchbaseCacheConfiguration:
      Did not match:
         - @ConditionalOnClass did not find required class 'com.couchbase.client.java.Cluster' (OnClassCondition)

   CouchbaseDataAutoConfiguration:
      Did not match:
         - @ConditionalOnClass did not find required class 'com.couchbase.client.java.Bucket' (OnClassCondition)

   CouchbaseReactiveDataAutoConfiguration:
      Did not match:
         - @ConditionalOnClass did not find required class 'com.couchbase.client.java.Cluster' (OnClassCondition)

   CouchbaseReactiveRepositoriesAutoConfiguration:
      Did not match:
         - @ConditionalOnClass did not find required class 'com.couchbase.client.java.Cluster' (OnClassCondition)

   CouchbaseRepositoriesAutoConfiguration:
      Did not match:
         - @ConditionalOnClass did not find required class 'com.couchbase.client.java.Bucket' (OnClassCondition)

   DataSourceAutoConfiguration.EmbeddedDatabaseConfiguration:
      Did not match:
         - EmbeddedDataSource spring.datasource.url is set (DataSourceAutoConfiguration.EmbeddedDatabaseCondition)

   DataSourceCheckpointRestoreConfiguration:
      Did not match:
         - @ConditionalOnClass did not find required class 'org.crac.Resource' (OnClassCondition)

   DataSourceConfiguration.Dbcp2:
      Did not match:
         - @ConditionalOnClass did not find required class 'org.apache.commons.dbcp2.BasicDataSource' (OnClassCondition)

   DataSourceConfiguration.Generic:
      Did not match:
         - @ConditionalOnProperty (spring.datasource.type) did not find property 'spring.datasource.type' (OnPropertyCondition)

   DataSourceConfiguration.OracleUcp:
      Did not match:
         - @ConditionalOnClass did not find required classes 'oracle.ucp.jdbc.PoolDataSourceImpl', 'oracle.jdbc.OracleConnection' (OnClassCondition)

   DataSourceConfiguration.Tomcat:
      Did not match:
         - @ConditionalOnClass did not find required class 'org.apache.tomcat.jdbc.pool.DataSource' (OnClassCondition)

   DataSourceJmxConfiguration.TomcatDataSourceJmxConfiguration:
      Did not match:
         - @ConditionalOnClass did not find required class 'org.apache.tomcat.jdbc.pool.DataSourceProxy' (OnClassCondition)

   DataSourcePoolMetadataProvidersConfiguration.CommonsDbcp2PoolDataSourceMetadataProviderConfiguration:
      Did not match:
         - @ConditionalOnClass did not find required class 'org.apache.commons.dbcp2.BasicDataSource' (OnClassCondition)

   DataSourcePoolMetadataProvidersConfiguration.OracleUcpPoolDataSourceMetadataProviderConfiguration:
      Did not match:
         - @ConditionalOnClass did not find required classes 'oracle.ucp.jdbc.PoolDataSource', 'oracle.jdbc.OracleConnection' (OnClassCondition)

   DataSourcePoolMetadataProvidersConfiguration.TomcatDataSourcePoolMetadataProviderConfiguration:
      Did not match:
         - @ConditionalOnClass did not find required class 'org.apache.tomcat.jdbc.pool.DataSource' (OnClassCondition)

   DataSourceTransactionManagerAutoConfiguration.JdbcTransactionManagerConfiguration#transactionManager:
      Did not match:
         - @ConditionalOnMissingBean (types: org.springframework.transaction.TransactionManager; SearchStrategy: all) found beans of type 'org.springframework.transaction.TransactionManager' transactionManager (OnBeanCondition)

   DispatcherServletAutoConfiguration:
      Did not match:
         - @ConditionalOnClass did not find required class 'org.springframework.web.servlet.DispatcherServlet' (OnClassCondition)

   ElasticsearchClientAutoConfiguration:
      Did not match:
         - @ConditionalOnClass did not find required class 'co.elastic.clients.elasticsearch.ElasticsearchClient' (OnClassCondition)

   ElasticsearchDataAutoConfiguration:
      Did not match:
         - @ConditionalOnClass did not find required class 'org.springframework.data.elasticsearch.client.elc.ElasticsearchTemplate' (OnClassCondition)

   ElasticsearchRepositoriesAutoConfiguration:
      Did not match:
         - @ConditionalOnClass did not find required class 'org.springframework.data.elasticsearch.repository.ElasticsearchRepository' (OnClassCondition)

   ElasticsearchRestClientAutoConfiguration:
      Did not match:
         - @ConditionalOnClass did not find required class 'org.elasticsearch.client.RestClientBuilder' (OnClassCondition)

   EmbeddedLdapAutoConfiguration:
      Did not match:
         - @ConditionalOnClass did not find required class 'com.unboundid.ldap.listener.InMemoryDirectoryServer' (OnClassCondition)

   EmbeddedWebServerFactoryCustomizerAutoConfiguration:
      Did not match:
         - @ConditionalOnWebApplication did not find reactive or servlet web application classes (OnWebApplicationCondition)

   ErrorMvcAutoConfiguration:
      Did not match:
         - @ConditionalOnClass did not find required class 'jakarta.servlet.Servlet' (OnClassCondition)

   ErrorWebFluxAutoConfiguration:
      Did not match:
         - @ConditionalOnClass did not find required class 'org.springframework.web.reactive.config.WebFluxConfigurer' (OnClassCondition)

   FlywayAutoConfiguration:
      Did not match:
         - @ConditionalOnClass did not find required class 'org.flywaydb.core.Flyway' (OnClassCondition)

   FreeMarkerAutoConfiguration:
      Did not match:
         - @ConditionalOnClass did not find required class 'freemarker.template.Configuration' (OnClassCondition)

   GraphQlAutoConfiguration:
      Did not match:
         - @ConditionalOnClass did not find required class 'graphql.GraphQL' (OnClassCondition)

   GraphQlQueryByExampleAutoConfiguration:
      Did not match:
         - @ConditionalOnClass did not find required class 'graphql.GraphQL' (OnClassCondition)

   GraphQlQuerydslAutoConfiguration:
      Did not match:
         - @ConditionalOnClass did not find required class 'com.querydsl.core.Query' (OnClassCondition)

   GraphQlRSocketAutoConfiguration:
      Did not match:
         - @ConditionalOnClass did not find required class 'graphql.GraphQL' (OnClassCondition)

   GraphQlReactiveQueryByExampleAutoConfiguration:
      Did not match:
         - @ConditionalOnClass did not find required class 'graphql.GraphQL' (OnClassCondition)

   GraphQlReactiveQuerydslAutoConfiguration:
      Did not match:
         - @ConditionalOnClass did not find required class 'com.querydsl.core.Query' (OnClassCondition)

   GraphQlWebFluxAutoConfiguration:
      Did not match:
         - @ConditionalOnClass did not find required class 'graphql.GraphQL' (OnClassCondition)

   GraphQlWebFluxSecurityAutoConfiguration:
      Did not match:
         - @ConditionalOnClass did not find required class 'graphql.GraphQL' (OnClassCondition)

   GraphQlWebMvcAutoConfiguration:
      Did not match:
         - @ConditionalOnClass did not find required class 'graphql.GraphQL' (OnClassCondition)

   GraphQlWebMvcSecurityAutoConfiguration:
      Did not match:
         - @ConditionalOnClass did not find required class 'graphql.GraphQL' (OnClassCondition)

   GroovyTemplateAutoConfiguration:
      Did not match:
         - @ConditionalOnClass did not find required class 'groovy.text.markup.MarkupTemplateEngine' (OnClassCondition)

   GsonAutoConfiguration:
      Did not match:
         - @ConditionalOnClass did not find required class 'com.google.gson.Gson' (OnClassCondition)

   H2ConsoleAutoConfiguration:
      Did not match:
         - @ConditionalOnClass did not find required class 'org.h2.server.web.JakartaWebServlet' (OnClassCondition)

   HazelcastAutoConfiguration:
      Did not match:
         - @ConditionalOnClass did not find required class 'com.hazelcast.core.HazelcastInstance' (OnClassCondition)

   HazelcastCacheConfiguration:
      Did not match:
         - @ConditionalOnClass did not find required class 'com.hazelcast.core.HazelcastInstance' (OnClassCondition)

   HazelcastJpaDependencyAutoConfiguration:
      Did not match:
         - @ConditionalOnClass did not find required class 'com.hazelcast.core.HazelcastInstance' (OnClassCondition)

   HttpClientAutoConfiguration:
      Did not match:
         - @ConditionalOnClass did not find required class 'org.springframework.http.client.ClientHttpRequestFactory' (OnClassCondition)

   HttpEncodingAutoConfiguration:
      Did not match:
         - @ConditionalOnClass did not find required class 'org.springframework.web.filter.CharacterEncodingFilter' (OnClassCondition)

   HttpHandlerAutoConfiguration:
      Did not match:
         - @ConditionalOnClass did not find required class 'org.springframework.http.server.reactive.HttpHandler' (OnClassCondition)

   HttpMessageConvertersAutoConfiguration:
      Did not match:
         - @ConditionalOnClass did not find required class 'org.springframework.http.converter.HttpMessageConverter' (OnClassCondition)

   HypermediaAutoConfiguration:
      Did not match:
         - @ConditionalOnClass did not find required class 'org.springframework.hateoas.EntityModel' (OnClassCondition)

   InfinispanCacheConfiguration:
      Did not match:
         - @ConditionalOnClass did not find required class 'org.infinispan.spring.embedded.provider.SpringEmbeddedCacheManager' (OnClassCondition)

   IntegrationAutoConfiguration:
      Did not match:
         - @ConditionalOnClass did not find required class 'org.springframework.integration.config.EnableIntegration' (OnClassCondition)

   JCacheCacheConfiguration:
      Did not match:
         - @ConditionalOnClass did not find required class 'javax.cache.Caching' (OnClassCondition)

   JacksonAutoConfiguration:
      Did not match:
         - @ConditionalOnClass did not find required class 'com.fasterxml.jackson.databind.ObjectMapper' (OnClassCondition)

   JdbcRepositoriesAutoConfiguration:
      Did not match:
         - @ConditionalOnClass did not find required class 'org.springframework.data.jdbc.repository.config.AbstractJdbcConfiguration' (OnClassCondition)

   JerseyAutoConfiguration:
      Did not match:
         - @ConditionalOnClass did not find required class 'jakarta.servlet.ServletRegistration' (OnClassCondition)

   JmsAutoConfiguration:
      Did not match:
         - @ConditionalOnClass did not find required class 'jakarta.jms.Message' (OnClassCondition)

   JndiConnectionFactoryAutoConfiguration:
      Did not match:
         - @ConditionalOnClass did not find required class 'org.springframework.jms.core.JmsTemplate' (OnClassCondition)

   JndiDataSourceAutoConfiguration:
      Did not match:
         - @ConditionalOnProperty (spring.datasource.jndi-name) did not find property 'jndi-name' (OnPropertyCondition)
      Matched:
         - @ConditionalOnClass found required classes 'javax.sql.DataSource', 'org.springframework.jdbc.datasource.embedded.EmbeddedDatabaseType' (OnClassCondition)

   JndiJtaConfiguration:
      Did not match:
         - @ConditionalOnJndi JNDI environment is not available (OnJndiCondition)
      Matched:
         - @ConditionalOnClass found required class 'org.springframework.transaction.jta.JtaTransactionManager' (OnClassCondition)

   JooqAutoConfiguration:
      Did not match:
         - @ConditionalOnClass did not find required class 'org.jooq.DSLContext' (OnClassCondition)

   JpaBaseConfiguration.JpaWebConfiguration:
      Did not match:
         - @ConditionalOnClass did not find required class 'org.springframework.web.servlet.config.annotation.WebMvcConfigurer' (OnClassCondition)

   JpaRepositoriesAutoConfiguration#entityManagerFactoryBootstrapExecutorCustomizer:
      Did not match:
         - AnyNestedCondition 0 matched 2 did not; NestedCondition on JpaRepositoriesAutoConfiguration.BootstrapExecutorCondition.LazyBootstrapMode @ConditionalOnProperty (spring.data.jpa.repositories.bootstrap-mode=lazy) did not find property 'bootstrap-mode'; NestedCondition on JpaRepositoriesAutoConfiguration.BootstrapExecutorCondition.DeferredBootstrapMode @ConditionalOnProperty (spring.data.jpa.repositories.bootstrap-mode=deferred) did not find property 'bootstrap-mode' (JpaRepositoriesAutoConfiguration.BootstrapExecutorCondition)

   JsonbAutoConfiguration:
      Did not match:
         - @ConditionalOnClass did not find required class 'jakarta.json.bind.Jsonb' (OnClassCondition)

   KafkaAutoConfiguration:
      Did not match:
         - @ConditionalOnClass did not find required class 'org.springframework.kafka.core.KafkaTemplate' (OnClassCondition)

   LdapAutoConfiguration:
      Did not match:
         - @ConditionalOnClass did not find required class 'org.springframework.ldap.core.ContextSource' (OnClassCondition)

   LdapRepositoriesAutoConfiguration:
      Did not match:
         - @ConditionalOnClass did not find required class 'org.springframework.data.ldap.repository.LdapRepository' (OnClassCondition)

   LiquibaseAutoConfiguration:
      Did not match:
         - @ConditionalOnClass did not find required class 'liquibase.change.DatabaseChange' (OnClassCondition)

   MailSenderAutoConfiguration:
      Did not match:
         - @ConditionalOnClass did not find required class 'jakarta.mail.internet.MimeMessage' (OnClassCondition)

   MailSenderValidatorAutoConfiguration:
      Did not match:
         - @ConditionalOnSingleCandidate did not find required type 'org.springframework.mail.javamail.JavaMailSenderImpl' (OnBeanCondition)

   MessageSourceAutoConfiguration:
      Did not match:
         - ResourceBundle did not find bundle with basename messages (MessageSourceAutoConfiguration.ResourceBundleCondition)

   MongoAutoConfiguration:
      Did not match:
         - @ConditionalOnClass did not find required class 'com.mongodb.client.MongoClient' (OnClassCondition)

   MongoDataAutoConfiguration:
      Did not match:
         - @ConditionalOnClass did not find required class 'com.mongodb.client.MongoClient' (OnClassCondition)

   MongoReactiveAutoConfiguration:
      Did not match:
         - @ConditionalOnClass did not find required class 'com.mongodb.reactivestreams.client.MongoClient' (OnClassCondition)

   MongoReactiveDataAutoConfiguration:
      Did not match:
         - @ConditionalOnClass did not find required class 'com.mongodb.reactivestreams.client.MongoClient' (OnClassCondition)

   MongoReactiveRepositoriesAutoConfiguration:
      Did not match:
         - @ConditionalOnClass did not find required class 'com.mongodb.reactivestreams.client.MongoClient' (OnClassCondition)

   MongoRepositoriesAutoConfiguration:
      Did not match:
         - @ConditionalOnClass did not find required class 'com.mongodb.client.MongoClient' (OnClassCondition)

   MultipartAutoConfiguration:
      Did not match:
         - @ConditionalOnClass did not find required class 'jakarta.servlet.MultipartConfigElement' (OnClassCondition)

   MustacheAutoConfiguration:
      Did not match:
         - @ConditionalOnClass did not find required class 'com.samskivert.mustache.Mustache' (OnClassCondition)

   Neo4jAutoConfiguration:
      Did not match:
         - @ConditionalOnClass did not find required class 'org.neo4j.driver.Driver' (OnClassCondition)

   Neo4jDataAutoConfiguration:
      Did not match:
         - @ConditionalOnClass did not find required class 'org.neo4j.driver.Driver' (OnClassCondition)

   Neo4jReactiveDataAutoConfiguration:
      Did not match:
         - @ConditionalOnClass did not find required class 'org.neo4j.driver.Driver' (OnClassCondition)

   Neo4jReactiveRepositoriesAutoConfiguration:
      Did not match:
         - @ConditionalOnClass did not find required class 'org.neo4j.driver.Driver' (OnClassCondition)

   Neo4jRepositoriesAutoConfiguration:
      Did not match:
         - @ConditionalOnClass did not find required class 'org.neo4j.driver.Driver' (OnClassCondition)

   NettyAutoConfiguration:
      Did not match:
         - @ConditionalOnClass did not find required class 'io.netty.util.NettyRuntime' (OnClassCondition)

   OAuth2AuthorizationServerAutoConfiguration:
      Did not match:
         - @ConditionalOnClass did not find required class 'org.springframework.security.oauth2.server.authorization.OAuth2Authorization' (OnClassCondition)

   OAuth2AuthorizationServerJwtAutoConfiguration:
      Did not match:
         - @ConditionalOnClass did not find required class 'org.springframework.security.oauth2.server.authorization.OAuth2Authorization' (OnClassCondition)

   OAuth2ClientAutoConfiguration:
      Did not match:
         - @ConditionalOnClass did not find required class 'org.springframework.security.config.annotation.web.configuration.EnableWebSecurity' (OnClassCondition)

   OAuth2ResourceServerAutoConfiguration:
      Did not match:
         - @ConditionalOnClass did not find required class 'org.springframework.security.oauth2.server.resource.authentication.BearerTokenAuthenticationToken' (OnClassCondition)

   ProjectInfoAutoConfiguration#buildProperties:
      Did not match:
         - @ConditionalOnResource did not find resource '${spring.info.build.location:classpath:META-INF/build-info.properties}' (OnResourceCondition)

   ProjectInfoAutoConfiguration#gitProperties:
      Did not match:
         - GitResource did not find git info at classpath:git.properties (ProjectInfoAutoConfiguration.GitResourceAvailableCondition)

   PulsarAutoConfiguration:
      Did not match:
         - @ConditionalOnClass did not find required class 'org.apache.pulsar.client.api.PulsarClient' (OnClassCondition)

   PulsarReactiveAutoConfiguration:
      Did not match:
         - @ConditionalOnClass did not find required class 'org.apache.pulsar.client.api.PulsarClient' (OnClassCondition)

   QuartzAutoConfiguration:
      Did not match:
         - @ConditionalOnClass did not find required class 'org.quartz.Scheduler' (OnClassCondition)

   R2dbcAutoConfiguration:
      Did not match:
         - @ConditionalOnClass did not find required class 'io.r2dbc.spi.ConnectionFactory' (OnClassCondition)

   R2dbcDataAutoConfiguration:
      Did not match:
         - @ConditionalOnClass did not find required class 'org.springframework.data.r2dbc.core.R2dbcEntityTemplate' (OnClassCondition)

   R2dbcInitializationConfiguration:
      Did not match:
         - @ConditionalOnClass did not find required classes 'io.r2dbc.spi.ConnectionFactory', 'org.springframework.r2dbc.connection.init.DatabasePopulator' (OnClassCondition)

   R2dbcProxyAutoConfiguration:
      Did not match:
         - @ConditionalOnClass did not find required class 'io.r2dbc.proxy.ProxyConnectionFactory' (OnClassCondition)

   R2dbcRepositoriesAutoConfiguration:
      Did not match:
         - @ConditionalOnClass did not find required class 'io.r2dbc.spi.ConnectionFactory' (OnClassCondition)

   R2dbcTransactionManagerAutoConfiguration:
      Did not match:
         - @ConditionalOnClass did not find required class 'org.springframework.r2dbc.connection.R2dbcTransactionManager' (OnClassCondition)

   RSocketGraphQlClientAutoConfiguration:
      Did not match:
         - @ConditionalOnClass did not find required class 'graphql.GraphQL' (OnClassCondition)

   RSocketMessagingAutoConfiguration:
      Did not match:
         - @ConditionalOnClass did not find required class 'io.rsocket.RSocket' (OnClassCondition)

   RSocketRequesterAutoConfiguration:
      Did not match:
         - @ConditionalOnClass did not find required class 'io.rsocket.RSocket' (OnClassCondition)

   RSocketSecurityAutoConfiguration:
      Did not match:
         - @ConditionalOnClass did not find required class 'org.springframework.security.rsocket.core.SecuritySocketAcceptorInterceptor' (OnClassCondition)

   RSocketServerAutoConfiguration:
      Did not match:
         - @ConditionalOnClass did not find required class 'io.rsocket.core.RSocketServer' (OnClassCondition)

   RSocketStrategiesAutoConfiguration:
      Did not match:
         - @ConditionalOnClass did not find required class 'io.netty.buffer.PooledByteBufAllocator' (OnClassCondition)

   RabbitAutoConfiguration:
      Did not match:
         - @ConditionalOnClass did not find required class 'com.rabbitmq.client.Channel' (OnClassCondition)

   ReactiveElasticsearchClientAutoConfiguration:
      Did not match:
         - @ConditionalOnClass did not find required class 'co.elastic.clients.transport.ElasticsearchTransport' (OnClassCondition)

   ReactiveElasticsearchRepositoriesAutoConfiguration:
      Did not match:
         - @ConditionalOnClass did not find required class 'reactor.core.publisher.Mono' (OnClassCondition)

   ReactiveMultipartAutoConfiguration:
      Did not match:
         - @ConditionalOnClass did not find required class 'org.springframework.http.codec.multipart.DefaultPartHttpMessageReader' (OnClassCondition)

   ReactiveOAuth2ClientAutoConfiguration:
      Did not match:
         - @ConditionalOnClass did not find required class 'reactor.core.publisher.Flux' (OnClassCondition)

   ReactiveOAuth2ResourceServerAutoConfiguration:
      Did not match:
         - @ConditionalOnClass did not find required class 'org.springframework.security.config.annotation.web.reactive.EnableWebFluxSecurity' (OnClassCondition)

   ReactiveSecurityAutoConfiguration:
      Did not match:
         - @ConditionalOnClass did not find required class 'reactor.core.publisher.Flux' (OnClassCondition)

   ReactiveUserDetailsServiceAutoConfiguration:
      Did not match:
         - @ConditionalOnClass did not find required class 'org.springframework.security.authentication.ReactiveAuthenticationManager' (OnClassCondition)

   ReactiveWebServerFactoryAutoConfiguration:
      Did not match:
         - @ConditionalOnClass did not find required class 'org.springframework.http.ReactiveHttpInputMessage' (OnClassCondition)

   ReactorAutoConfiguration:
      Did not match:
         - @ConditionalOnClass did not find required class 'reactor.core.publisher.Hooks' (OnClassCondition)

   RedisAutoConfiguration:
      Did not match:
         - @ConditionalOnClass did not find required class 'org.springframework.data.redis.core.RedisOperations' (OnClassCondition)

   RedisCacheConfiguration:
      Did not match:
         - @ConditionalOnClass did not find required class 'org.springframework.data.redis.connection.RedisConnectionFactory' (OnClassCondition)

   RedisReactiveAutoConfiguration:
      Did not match:
         - @ConditionalOnClass did not find required class 'reactor.core.publisher.Flux' (OnClassCondition)

   RedisRepositoriesAutoConfiguration:
      Did not match:
         - @ConditionalOnClass did not find required class 'org.springframework.data.redis.repository.configuration.EnableRedisRepositories' (OnClassCondition)

   RepositoryRestMvcAutoConfiguration:
      Did not match:
         - @ConditionalOnClass did not find required class 'org.springframework.data.rest.webmvc.config.RepositoryRestMvcConfiguration' (OnClassCondition)

   RestClientAutoConfiguration:
      Did not match:
         - @ConditionalOnClass did not find required class 'org.springframework.web.client.RestClient' (OnClassCondition)

   RestTemplateAutoConfiguration:
      Did not match:
         - @ConditionalOnClass did not find required class 'org.springframework.web.client.RestTemplate' (OnClassCondition)

   Saml2RelyingPartyAutoConfiguration:
      Did not match:
         - @ConditionalOnClass did not find required class 'org.springframework.security.saml2.provider.service.registration.RelyingPartyRegistrationRepository' (OnClassCondition)

   SecurityAutoConfiguration:
      Did not match:
         - @ConditionalOnClass did not find required class 'org.springframework.security.authentication.DefaultAuthenticationEventPublisher' (OnClassCondition)

   SecurityFilterAutoConfiguration:
      Did not match:
         - @ConditionalOnClass did not find required class 'org.springframework.security.config.http.SessionCreationPolicy' (OnClassCondition)

   SendGridAutoConfiguration:
      Did not match:
         - @ConditionalOnClass did not find required class 'com.sendgrid.SendGrid' (OnClassCondition)

   ServletWebServerFactoryAutoConfiguration:
      Did not match:
         - @ConditionalOnClass did not find required class 'jakarta.servlet.ServletRequest' (OnClassCondition)

   SessionAutoConfiguration:
      Did not match:
         - @ConditionalOnClass did not find required class 'org.springframework.session.Session' (OnClassCondition)

   SpringDataWebAutoConfiguration:
      Did not match:
         - @ConditionalOnClass did not find required class 'org.springframework.data.web.PageableHandlerMethodArgumentResolver' (OnClassCondition)

   TaskExecutorConfigurations.SimpleAsyncTaskExecutorBuilderConfiguration#simpleAsyncTaskExecutorBuilderVirtualThreads:
      Did not match:
         - @ConditionalOnMissingBean (types: org.springframework.boot.task.SimpleAsyncTaskExecutorBuilder; SearchStrategy: all) found beans of type 'org.springframework.boot.task.SimpleAsyncTaskExecutorBuilder' simpleAsyncTaskExecutorBuilder (OnBeanCondition)

   TaskExecutorConfigurations.TaskExecutorConfiguration#applicationTaskExecutorVirtualThreads:
      Did not match:
         - @ConditionalOnThreading did not find VIRTUAL (OnThreadingCondition)

   TaskSchedulingAutoConfiguration#scheduledBeanLazyInitializationExcludeFilter:
      Did not match:
         - @ConditionalOnBean (names: org.springframework.context.annotation.internalScheduledAnnotationProcessor; SearchStrategy: all) did not find any beans named org.springframework.context.annotation.internalScheduledAnnotationProcessor (OnBeanCondition)

   TaskSchedulingConfigurations.SimpleAsyncTaskSchedulerBuilderConfiguration#simpleAsyncTaskSchedulerBuilderVirtualThreads:
      Did not match:
         - @ConditionalOnMissingBean (types: org.springframework.boot.task.SimpleAsyncTaskSchedulerBuilder; SearchStrategy: all) found beans of type 'org.springframework.boot.task.SimpleAsyncTaskSchedulerBuilder' simpleAsyncTaskSchedulerBuilder (OnBeanCondition)

   TaskSchedulingConfigurations.TaskSchedulerConfiguration:
      Did not match:
         - @ConditionalOnBean (names: org.springframework.context.annotation.internalScheduledAnnotationProcessor; SearchStrategy: all) did not find any beans named org.springframework.context.annotation.internalScheduledAnnotationProcessor (OnBeanCondition)

   ThymeleafAutoConfiguration:
      Did not match:
         - @ConditionalOnClass did not find required class 'org.thymeleaf.spring6.SpringTemplateEngine' (OnClassCondition)

   TransactionAutoConfiguration#transactionalOperator:
      Did not match:
         - @ConditionalOnSingleCandidate (types: org.springframework.transaction.ReactiveTransactionManager; SearchStrategy: all) did not find any beans (OnBeanCondition)

   TransactionAutoConfiguration.AspectJTransactionManagementConfiguration:
      Did not match:
         - @ConditionalOnBean (types: org.springframework.transaction.aspectj.AbstractTransactionAspect; SearchStrategy: all) did not find any beans of type org.springframework.transaction.aspectj.AbstractTransactionAspect (OnBeanCondition)

   TransactionAutoConfiguration.EnableTransactionManagementConfiguration.JdkDynamicAutoProxyConfiguration:
      Did not match:
         - @ConditionalOnProperty (spring.aop.proxy-target-class=false) did not find property 'proxy-target-class' (OnPropertyCondition)

   UserDetailsServiceAutoConfiguration:
      Did not match:
         - @ConditionalOnClass did not find required class 'org.springframework.security.authentication.AuthenticationManager' (OnClassCondition)

   ValidationAutoConfiguration:
      Did not match:
         - @ConditionalOnClass did not find required class 'jakarta.validation.executable.ExecutableValidator' (OnClassCondition)

   WebClientAutoConfiguration:
      Did not match:
         - @ConditionalOnClass did not find required class 'org.springframework.web.reactive.function.client.WebClient' (OnClassCondition)

   WebFluxAutoConfiguration:
      Did not match:
         - @ConditionalOnClass did not find required class 'org.springframework.web.reactive.config.WebFluxConfigurer' (OnClassCondition)

   WebMvcAutoConfiguration:
      Did not match:
         - @ConditionalOnClass did not find required class 'jakarta.servlet.Servlet' (OnClassCondition)

   WebServiceTemplateAutoConfiguration:
      Did not match:
         - @ConditionalOnClass did not find required class 'org.springframework.oxm.Marshaller' (OnClassCondition)

   WebServicesAutoConfiguration:
      Did not match:
         - @ConditionalOnClass did not find required class 'org.springframework.ws.transport.http.MessageDispatcherServlet' (OnClassCondition)

   WebSessionIdResolverAutoConfiguration:
      Did not match:
         - @ConditionalOnClass did not find required class 'reactor.core.publisher.Mono' (OnClassCondition)

   WebSocketMessagingAutoConfiguration:
      Did not match:
         - @ConditionalOnClass did not find required class 'org.springframework.web.socket.config.annotation.WebSocketMessageBrokerConfigurer' (OnClassCondition)

   WebSocketReactiveAutoConfiguration:
      Did not match:
         - @ConditionalOnClass did not find required class 'jakarta.servlet.Servlet' (OnClassCondition)

   WebSocketServletAutoConfiguration:
      Did not match:
         - @ConditionalOnClass did not find required class 'jakarta.servlet.Servlet' (OnClassCondition)

   XADataSourceAutoConfiguration:
      Did not match:
         - @ConditionalOnBean (types: org.springframework.boot.jdbc.XADataSourceWrapper; SearchStrategy: all) did not find any beans of type org.springframework.boot.jdbc.XADataSourceWrapper (OnBeanCondition)
      Matched:
         - @ConditionalOnClass found required classes 'javax.sql.DataSource', 'jakarta.transaction.TransactionManager', 'org.springframework.jdbc.datasource.embedded.EmbeddedDatabaseType' (OnClassCondition)


Exclusions:
-----------

    None


Unconditional classes:
----------------------

    org.springframework.boot.autoconfigure.context.ConfigurationPropertiesAutoConfiguration

    org.springframework.boot.autoconfigure.ssl.SslAutoConfiguration

    org.springframework.boot.autoconfigure.context.LifecycleAutoConfiguration

    org.springframework.boot.autoconfigure.context.PropertyPlaceholderAutoConfiguration

    org.springframework.boot.autoconfigure.availability.ApplicationAvailabilityAutoConfiguration

    org.springframework.boot.autoconfigure.info.ProjectInfoAutoConfiguration



2025-10-22 18:39:20 INFO  [main] ceu.dam.ad.tema3.ejercicios.App - Started App in 2.542 seconds (process running for 3.303)
2025-10-22 18:39:20 DEBUG [main] o.s.b.a.ApplicationAvailabilityBean - Application availability state LivenessState changed to CORRECT
2025-10-22 18:39:20 DEBUG [main] o.s.b.a.ApplicationAvailabilityBean - Application availability state ReadinessState changed to ACCEPTING_TRAFFIC
2025-10-22 18:39:20 DEBUG [main] o.s.o.j.SharedEntityManagerCreator$SharedEntityManagerInvocationHandler - Creating new EntityManager for shared EntityManager invocation
2025-10-22 18:39:20 DEBUG [main] org.hibernate.orm.sql.ast.create - Created new SQL alias : p1_0
2025-10-22 18:39:20 DEBUG [main] org.hibernate.orm.sql.ast.create - Registration of TableGroup [StandardTableGroup(ceu.dam.ad.tema3.ejercicios.ejercicio01.model.Pelicula(2))] with identifierForTableGroup [ceu.dam.ad.tema3.ejercicios.ejercicio01.model.Pelicula] for NavigablePath [ceu.dam.ad.tema3.ejercicios.ejercicio01.model.Pelicula] 
2025-10-22 18:39:20 DEBUG [main] o.h.q.s.sql.BaseSqmToSqlAstConverter - Determining mapping-model type for SqmParameter : org.hibernate.query.sqm.tree.expression.SqmJpaCriteriaParameterWrapper@63318b56
2025-10-22 18:39:20 DEBUG [main] o.h.q.s.sql.BaseSqmToSqlAstConverter - Determining mapping-model type for SqmPath : SqmBasicValuedSimplePath(ceu.dam.ad.tema3.ejercicios.ejercicio01.model.Pelicula(2).longitud) 
2025-10-22 18:39:20 DEBUG [main] org.hibernate.orm.results.graph.AST - DomainResult Graph:
 \-EntityResultImpl [ceu.dam.ad.tema3.ejercicios.ejercicio01.model.Pelicula(2)]
 |  +-BasicFetch [ceu.dam.ad.tema3.ejercicios.ejercicio01.model.Pelicula(2).longitud]
 |  \-BasicFetch [ceu.dam.ad.tema3.ejercicios.ejercicio01.model.Pelicula(2).nombre]

2025-10-22 18:39:20 DEBUG [main] org.hibernate.orm.sql.ast.tree - SQL AST Tree:
    SelectStatement {
      FromClause {
        StandardTableGroup (p1 : ceu.dam.ad.tema3.ejercicios.ejercicio01.model.Pelicula(2)) {
          primaryTableReference : film as p1_0
        }
      }
    }

2025-10-22 18:39:20 DEBUG [main] org.hibernate.orm.sql.exec - Skipping reading Query result cache data: cache-enabled = false, cache-mode = NORMAL
2025-10-22 18:39:20 DEBUG [main] org.hibernate.SQL - select p1_0.id,p1_0.length,p1_0.title from film p1_0 where p1_0.length<?
2025-10-22 18:39:20 WARN  [main] o.m.jdbc.message.server.ErrorPacket - Error: 1054-42S22: Unknown column 'p1_0.id' in 'SELECT'
2025-10-22 18:39:20 DEBUG [main] o.h.e.jdbc.spi.SqlExceptionHelper - JDBC exception executing SQL [select p1_0.id,p1_0.length,p1_0.title from film p1_0 where p1_0.length<?] [n/a]
java.sql.SQLSyntaxErrorException: (conn=13) Unknown column 'p1_0.id' in 'SELECT'
	at org.mariadb.jdbc.export.ExceptionFactory.createException(ExceptionFactory.java:289)
	at org.mariadb.jdbc.export.ExceptionFactory.create(ExceptionFactory.java:378)
	at org.mariadb.jdbc.message.ClientMessage.readPacket(ClientMessage.java:189)
	at org.mariadb.jdbc.client.impl.StandardClient.readPacket(StandardClient.java:1235)
	at org.mariadb.jdbc.client.impl.StandardClient.readResults(StandardClient.java:1174)
	at org.mariadb.jdbc.client.impl.StandardClient.readResponse(StandardClient.java:1093)
	at org.mariadb.jdbc.client.impl.StandardClient.execute(StandardClient.java:1017)
	at org.mariadb.jdbc.ClientPreparedStatement.executeInternal(ClientPreparedStatement.java:101)
	at org.mariadb.jdbc.ClientPreparedStatement.executeQuery(ClientPreparedStatement.java:257)
	at com.zaxxer.hikari.pool.ProxyPreparedStatement.executeQuery(ProxyPreparedStatement.java:52)
	at com.zaxxer.hikari.pool.HikariProxyPreparedStatement.executeQuery(HikariProxyPreparedStatement.java)
	at org.hibernate.sql.results.jdbc.internal.DeferredResultSetAccess.executeQuery(DeferredResultSetAccess.java:250)
	at org.hibernate.sql.results.jdbc.internal.DeferredResultSetAccess.getResultSet(DeferredResultSetAccess.java:171)
	at org.hibernate.sql.results.jdbc.internal.JdbcValuesResultSetImpl.<init>(JdbcValuesResultSetImpl.java:74)
	at org.hibernate.sql.exec.internal.JdbcSelectExecutorStandardImpl.resolveJdbcValuesSource(JdbcSelectExecutorStandardImpl.java:355)
	at org.hibernate.sql.exec.internal.JdbcSelectExecutorStandardImpl.doExecuteQuery(JdbcSelectExecutorStandardImpl.java:137)
	at org.hibernate.sql.exec.internal.JdbcSelectExecutorStandardImpl.executeQuery(JdbcSelectExecutorStandardImpl.java:102)
	at org.hibernate.sql.exec.spi.JdbcSelectExecutor.executeQuery(JdbcSelectExecutor.java:91)
	at org.hibernate.sql.exec.spi.JdbcSelectExecutor.list(JdbcSelectExecutor.java:165)
	at org.hibernate.query.sqm.internal.ConcreteSqmSelectQueryPlan.lambda$new$1(ConcreteSqmSelectQueryPlan.java:152)
	at org.hibernate.query.sqm.internal.ConcreteSqmSelectQueryPlan.withCacheableSqmInterpretation(ConcreteSqmSelectQueryPlan.java:442)
	at org.hibernate.query.sqm.internal.ConcreteSqmSelectQueryPlan.performList(ConcreteSqmSelectQueryPlan.java:362)
	at org.hibernate.query.sqm.internal.QuerySqmImpl.doList(QuerySqmImpl.java:380)
	at org.hibernate.query.spi.AbstractSelectionQuery.list(AbstractSelectionQuery.java:143)
	at org.hibernate.query.Query.getResultList(Query.java:120)
	at java.base/jdk.internal.reflect.DirectMethodHandleAccessor.invoke(DirectMethodHandleAccessor.java:103)
	at java.base/java.lang.reflect.Method.invoke(Method.java:580)
	at org.springframework.orm.jpa.SharedEntityManagerCreator$DeferredQueryInvocationHandler.invoke(SharedEntityManagerCreator.java:419)
	at jdk.proxy2/jdk.proxy2.$Proxy106.getResultList(Unknown Source)
	at org.springframework.data.jpa.repository.query.JpaQueryExecution$CollectionExecution.doExecute(JpaQueryExecution.java:130)
	at org.springframework.data.jpa.repository.query.JpaQueryExecution.execute(JpaQueryExecution.java:93)
	at org.springframework.data.jpa.repository.query.AbstractJpaQuery.doExecute(AbstractJpaQuery.java:152)
	at org.springframework.data.jpa.repository.query.AbstractJpaQuery.execute(AbstractJpaQuery.java:140)
	at org.springframework.data.repository.core.support.RepositoryMethodInvoker.doInvoke(RepositoryMethodInvoker.java:170)
	at org.springframework.data.repository.core.support.RepositoryMethodInvoker.invoke(RepositoryMethodInvoker.java:158)
	at org.springframework.data.repository.core.support.QueryExecutorMethodInterceptor.doInvoke(QueryExecutorMethodInterceptor.java:170)
	at org.springframework.data.repository.core.support.QueryExecutorMethodInterceptor.invoke(QueryExecutorMethodInterceptor.java:149)
	at org.springframework.aop.framework.ReflectiveMethodInvocation.proceed(ReflectiveMethodInvocation.java:184)
	at org.springframework.data.projection.DefaultMethodInvokingMethodInterceptor.invoke(DefaultMethodInvokingMethodInterceptor.java:69)
	at org.springframework.aop.framework.ReflectiveMethodInvocation.proceed(ReflectiveMethodInvocation.java:184)
	at org.springframework.transaction.interceptor.TransactionAspectSupport.invokeWithinTransaction(TransactionAspectSupport.java:380)
	at org.springframework.transaction.interceptor.TransactionInterceptor.invoke(TransactionInterceptor.java:119)
	at org.springframework.aop.framework.ReflectiveMethodInvocation.proceed(ReflectiveMethodInvocation.java:184)
	at org.springframework.dao.support.PersistenceExceptionTranslationInterceptor.invoke(PersistenceExceptionTranslationInterceptor.java:138)
	at org.springframework.aop.framework.ReflectiveMethodInvocation.proceed(ReflectiveMethodInvocation.java:184)
	at org.springframework.data.jpa.repository.support.CrudMethodMetadataPostProcessor$CrudMethodMetadataPopulatingMethodInterceptor.invoke(CrudMethodMetadataPostProcessor.java:136)
	at org.springframework.aop.framework.ReflectiveMethodInvocation.proceed(ReflectiveMethodInvocation.java:184)
	at org.springframework.aop.framework.JdkDynamicAopProxy.invoke(JdkDynamicAopProxy.java:223)
	at jdk.proxy2/jdk.proxy2.$Proxy101.findByLongitudLessThan(Unknown Source)
	at ceu.dam.ad.tema3.ejercicios.ejercicio01.services.PeliculasService.consultarPeliculas(PeliculasService.java:26)
	at ceu.dam.ad.tema3.ejercicios.ejercicio01.test.TestEj1.test(TestEj1.java:20)
	at ceu.dam.ad.tema3.ejercicios.App.main(App.java:22)
2025-10-22 18:39:20 WARN  [main] o.h.e.jdbc.spi.SqlExceptionHelper - SQL Error: 1054, SQLState: 42S22
2025-10-22 18:39:20 ERROR [main] o.h.e.jdbc.spi.SqlExceptionHelper - (conn=13) Unknown column 'p1_0.id' in 'SELECT'
2025-10-22 18:39:20 DEBUG [main] o.h.e.t.internal.TransactionImpl - On TransactionImpl creation, JpaCompliance#isJpaTransactionComplianceEnabled == false
2025-10-22 18:39:20 WARN  [main] c.d.a.t.e.e.s.PeliculasService - No se ha encontrado
org.springframework.dao.InvalidDataAccessResourceUsageException: JDBC exception executing SQL [select p1_0.id,p1_0.length,p1_0.title from film p1_0 where p1_0.length<?] [(conn=13) Unknown column 'p1_0.id' in 'SELECT'] [n/a]; SQL [n/a]
	at org.springframework.orm.jpa.vendor.HibernateJpaDialect.convertHibernateAccessException(HibernateJpaDialect.java:277)
	at org.springframework.orm.jpa.vendor.HibernateJpaDialect.translateExceptionIfPossible(HibernateJpaDialect.java:241)
	at org.springframework.orm.jpa.AbstractEntityManagerFactoryBean.translateExceptionIfPossible(AbstractEntityManagerFactoryBean.java:560)
	at org.springframework.dao.support.ChainedPersistenceExceptionTranslator.translateExceptionIfPossible(ChainedPersistenceExceptionTranslator.java:61)
	at org.springframework.dao.support.DataAccessUtils.translateIfNecessary(DataAccessUtils.java:343)
	at org.springframework.dao.support.PersistenceExceptionTranslationInterceptor.invoke(PersistenceExceptionTranslationInterceptor.java:160)
	at org.springframework.aop.framework.ReflectiveMethodInvocation.proceed(ReflectiveMethodInvocation.java:184)
	at org.springframework.data.jpa.repository.support.CrudMethodMetadataPostProcessor$CrudMethodMetadataPopulatingMethodInterceptor.invoke(CrudMethodMetadataPostProcessor.java:136)
	at org.springframework.aop.framework.ReflectiveMethodInvocation.proceed(ReflectiveMethodInvocation.java:184)
	at org.springframework.aop.framework.JdkDynamicAopProxy.invoke(JdkDynamicAopProxy.java:223)
	at jdk.proxy2/jdk.proxy2.$Proxy101.findByLongitudLessThan(Unknown Source)
	at ceu.dam.ad.tema3.ejercicios.ejercicio01.services.PeliculasService.consultarPeliculas(PeliculasService.java:26)
	at ceu.dam.ad.tema3.ejercicios.ejercicio01.test.TestEj1.test(TestEj1.java:20)
	at ceu.dam.ad.tema3.ejercicios.App.main(App.java:22)
Caused by: org.hibernate.exception.SQLGrammarException: JDBC exception executing SQL [select p1_0.id,p1_0.length,p1_0.title from film p1_0 where p1_0.length<?] [(conn=13) Unknown column 'p1_0.id' in 'SELECT'] [n/a]
	at org.hibernate.exception.internal.SQLExceptionTypeDelegate.convert(SQLExceptionTypeDelegate.java:66)
	at org.hibernate.exception.internal.StandardSQLExceptionConverter.convert(StandardSQLExceptionConverter.java:58)
	at org.hibernate.engine.jdbc.spi.SqlExceptionHelper.convert(SqlExceptionHelper.java:108)
	at org.hibernate.engine.jdbc.spi.SqlExceptionHelper.convert(SqlExceptionHelper.java:94)
	at org.hibernate.sql.results.jdbc.internal.DeferredResultSetAccess.executeQuery(DeferredResultSetAccess.java:268)
	at org.hibernate.sql.results.jdbc.internal.DeferredResultSetAccess.getResultSet(DeferredResultSetAccess.java:171)
	at org.hibernate.sql.results.jdbc.internal.JdbcValuesResultSetImpl.<init>(JdbcValuesResultSetImpl.java:74)
	at org.hibernate.sql.exec.internal.JdbcSelectExecutorStandardImpl.resolveJdbcValuesSource(JdbcSelectExecutorStandardImpl.java:355)
	at org.hibernate.sql.exec.internal.JdbcSelectExecutorStandardImpl.doExecuteQuery(JdbcSelectExecutorStandardImpl.java:137)
	at org.hibernate.sql.exec.internal.JdbcSelectExecutorStandardImpl.executeQuery(JdbcSelectExecutorStandardImpl.java:102)
	at org.hibernate.sql.exec.spi.JdbcSelectExecutor.executeQuery(JdbcSelectExecutor.java:91)
	at org.hibernate.sql.exec.spi.JdbcSelectExecutor.list(JdbcSelectExecutor.java:165)
	at org.hibernate.query.sqm.internal.ConcreteSqmSelectQueryPlan.lambda$new$1(ConcreteSqmSelectQueryPlan.java:152)
	at org.hibernate.query.sqm.internal.ConcreteSqmSelectQueryPlan.withCacheableSqmInterpretation(ConcreteSqmSelectQueryPlan.java:442)
	at org.hibernate.query.sqm.internal.ConcreteSqmSelectQueryPlan.performList(ConcreteSqmSelectQueryPlan.java:362)
	at org.hibernate.query.sqm.internal.QuerySqmImpl.doList(QuerySqmImpl.java:380)
	at org.hibernate.query.spi.AbstractSelectionQuery.list(AbstractSelectionQuery.java:143)
	at org.hibernate.query.Query.getResultList(Query.java:120)
	at java.base/jdk.internal.reflect.DirectMethodHandleAccessor.invoke(DirectMethodHandleAccessor.java:103)
	at java.base/java.lang.reflect.Method.invoke(Method.java:580)
	at org.springframework.orm.jpa.SharedEntityManagerCreator$DeferredQueryInvocationHandler.invoke(SharedEntityManagerCreator.java:419)
	at jdk.proxy2/jdk.proxy2.$Proxy106.getResultList(Unknown Source)
	at org.springframework.data.jpa.repository.query.JpaQueryExecution$CollectionExecution.doExecute(JpaQueryExecution.java:130)
	at org.springframework.data.jpa.repository.query.JpaQueryExecution.execute(JpaQueryExecution.java:93)
	at org.springframework.data.jpa.repository.query.AbstractJpaQuery.doExecute(AbstractJpaQuery.java:152)
	at org.springframework.data.jpa.repository.query.AbstractJpaQuery.execute(AbstractJpaQuery.java:140)
	at org.springframework.data.repository.core.support.RepositoryMethodInvoker.doInvoke(RepositoryMethodInvoker.java:170)
	at org.springframework.data.repository.core.support.RepositoryMethodInvoker.invoke(RepositoryMethodInvoker.java:158)
	at org.springframework.data.repository.core.support.QueryExecutorMethodInterceptor.doInvoke(QueryExecutorMethodInterceptor.java:170)
	at org.springframework.data.repository.core.support.QueryExecutorMethodInterceptor.invoke(QueryExecutorMethodInterceptor.java:149)
	at org.springframework.aop.framework.ReflectiveMethodInvocation.proceed(ReflectiveMethodInvocation.java:184)
	at org.springframework.data.projection.DefaultMethodInvokingMethodInterceptor.invoke(DefaultMethodInvokingMethodInterceptor.java:69)
	at org.springframework.aop.framework.ReflectiveMethodInvocation.proceed(ReflectiveMethodInvocation.java:184)
	at org.springframework.transaction.interceptor.TransactionAspectSupport.invokeWithinTransaction(TransactionAspectSupport.java:380)
	at org.springframework.transaction.interceptor.TransactionInterceptor.invoke(TransactionInterceptor.java:119)
	at org.springframework.aop.framework.ReflectiveMethodInvocation.proceed(ReflectiveMethodInvocation.java:184)
	at org.springframework.dao.support.PersistenceExceptionTranslationInterceptor.invoke(PersistenceExceptionTranslationInterceptor.java:138)
	... 8 common frames omitted
Caused by: java.sql.SQLSyntaxErrorException: (conn=13) Unknown column 'p1_0.id' in 'SELECT'
	at org.mariadb.jdbc.export.ExceptionFactory.createException(ExceptionFactory.java:289)
	at org.mariadb.jdbc.export.ExceptionFactory.create(ExceptionFactory.java:378)
	at org.mariadb.jdbc.message.ClientMessage.readPacket(ClientMessage.java:189)
	at org.mariadb.jdbc.client.impl.StandardClient.readPacket(StandardClient.java:1235)
	at org.mariadb.jdbc.client.impl.StandardClient.readResults(StandardClient.java:1174)
	at org.mariadb.jdbc.client.impl.StandardClient.readResponse(StandardClient.java:1093)
	at org.mariadb.jdbc.client.impl.StandardClient.execute(StandardClient.java:1017)
	at org.mariadb.jdbc.ClientPreparedStatement.executeInternal(ClientPreparedStatement.java:101)
	at org.mariadb.jdbc.ClientPreparedStatement.executeQuery(ClientPreparedStatement.java:257)
	at com.zaxxer.hikari.pool.ProxyPreparedStatement.executeQuery(ProxyPreparedStatement.java:52)
	at com.zaxxer.hikari.pool.HikariProxyPreparedStatement.executeQuery(HikariProxyPreparedStatement.java)
	at org.hibernate.sql.results.jdbc.internal.DeferredResultSetAccess.executeQuery(DeferredResultSetAccess.java:250)
	... 40 common frames omitted
2025-10-22 18:39:20 DEBUG [SpringApplicationShutdownHook] o.s.c.a.AnnotationConfigApplicationContext - Closing org.springframework.context.annotation.AnnotationConfigApplicationContext@7829b776, started on Wed Oct 22 18:39:17 CEST 2025
2025-10-22 18:39:20 DEBUG [SpringApplicationShutdownHook] o.s.c.s.DefaultLifecycleProcessor - Stopping beans in phase 1073741823
2025-10-22 18:39:20 DEBUG [SpringApplicationShutdownHook] o.s.c.s.DefaultLifecycleProcessor - Bean 'applicationTaskExecutor' completed its stop procedure
2025-10-22 18:39:20 DEBUG [SpringApplicationShutdownHook] o.s.c.s.DefaultLifecycleProcessor - Stopping beans in phase -2147483647
2025-10-22 18:39:20 DEBUG [SpringApplicationShutdownHook] o.s.c.s.DefaultLifecycleProcessor - Bean 'springBootLoggingLifecycle' completed its stop procedure
2025-10-22 18:39:20 DEBUG [SpringApplicationShutdownHook] o.s.s.c.ThreadPoolTaskExecutor - Shutting down ExecutorService 'applicationTaskExecutor'
2025-10-22 18:39:20 DEBUG [SpringApplicationShutdownHook] o.s.j.e.a.AnnotationMBeanExporter - Unregistering JMX-exposed beans on shutdown
2025-10-22 18:39:20 DEBUG [SpringApplicationShutdownHook] o.s.j.e.a.AnnotationMBeanExporter - Unregistering JMX-exposed beans
2025-10-22 18:39:20 INFO  [SpringApplicationShutdownHook] o.s.o.j.LocalContainerEntityManagerFactoryBean - Closing JPA EntityManagerFactory for persistence unit 'default'
2025-10-22 18:39:20 DEBUG [SpringApplicationShutdownHook] o.h.internal.SessionFactoryImpl - HHH000031: Closing
2025-10-22 18:39:20 DEBUG [SpringApplicationShutdownHook] o.h.type.spi.TypeConfiguration$Scope - Un-scoping TypeConfiguration [org.hibernate.type.spi.TypeConfiguration$Scope@41d33afb] from SessionFactory [org.hibernate.internal.SessionFactoryImpl@4bb9f7d4]
2025-10-22 18:39:20 DEBUG [SpringApplicationShutdownHook] o.h.s.i.AbstractServiceRegistryImpl - Implicitly destroying ServiceRegistry on de-registration of all child ServiceRegistries
2025-10-22 18:39:20 DEBUG [SpringApplicationShutdownHook] o.h.b.r.i.BootstrapServiceRegistryImpl - Implicitly destroying Boot-strap registry on de-registration of all child ServiceRegistries
2025-10-22 18:39:20 INFO  [SpringApplicationShutdownHook] com.zaxxer.hikari.HikariDataSource - HikariPool-1 - Shutdown initiated...
2025-10-22 18:39:20 DEBUG [SpringApplicationShutdownHook] com.zaxxer.hikari.pool.HikariPool - HikariPool-1 - Before shutdown stats (total=10, active=0, idle=10, waiting=0)
2025-10-22 18:39:20 DEBUG [HikariPool-1 connection closer] com.zaxxer.hikari.pool.PoolBase - HikariPool-1 - Closing connection org.mariadb.jdbc.Connection@26c89563: (connection evicted)
2025-10-22 18:39:20 DEBUG [HikariPool-1 connection closer] com.zaxxer.hikari.pool.PoolBase - HikariPool-1 - Closing connection org.mariadb.jdbc.Connection@33afcb51: (connection evicted)
2025-10-22 18:39:20 DEBUG [HikariPool-1 connection closer] com.zaxxer.hikari.pool.PoolBase - HikariPool-1 - Closing connection org.mariadb.jdbc.Connection@41caba59: (connection evicted)
2025-10-22 18:39:20 DEBUG [HikariPool-1 connection closer] com.zaxxer.hikari.pool.PoolBase - HikariPool-1 - Closing connection org.mariadb.jdbc.Connection@44af1ba: (connection evicted)
2025-10-22 18:39:20 DEBUG [HikariPool-1 connection closer] com.zaxxer.hikari.pool.PoolBase - HikariPool-1 - Closing connection org.mariadb.jdbc.Connection@62921c98: (connection evicted)
2025-10-22 18:39:20 DEBUG [HikariPool-1 connection closer] com.zaxxer.hikari.pool.PoolBase - HikariPool-1 - Closing connection org.mariadb.jdbc.Connection@6e373ce1: (connection evicted)
2025-10-22 18:39:20 DEBUG [HikariPool-1 connection closer] com.zaxxer.hikari.pool.PoolBase - HikariPool-1 - Closing connection org.mariadb.jdbc.Connection@ed1a909: (connection evicted)
2025-10-22 18:39:20 DEBUG [HikariPool-1 connection closer] com.zaxxer.hikari.pool.PoolBase - HikariPool-1 - Closing connection org.mariadb.jdbc.Connection@3af4230c: (connection evicted)
2025-10-22 18:39:20 DEBUG [HikariPool-1 connection closer] com.zaxxer.hikari.pool.PoolBase - HikariPool-1 - Closing connection org.mariadb.jdbc.Connection@3813d279: (connection evicted)
2025-10-22 18:39:20 DEBUG [HikariPool-1 connection closer] com.zaxxer.hikari.pool.PoolBase - HikariPool-1 - Closing connection org.mariadb.jdbc.Connection@7c3276e1: (connection evicted)
2025-10-22 18:39:20 DEBUG [SpringApplicationShutdownHook] com.zaxxer.hikari.pool.HikariPool - HikariPool-1 - After shutdown stats (total=0, active=0, idle=0, waiting=0)
2025-10-22 18:39:20 INFO  [SpringApplicationShutdownHook] com.zaxxer.hikari.HikariDataSource - HikariPool-1 - Shutdown completed.
2025-10-22 18:40:32 INFO  [main] ceu.dam.ad.tema3.ejercicios.App - Starting App using Java 21.0.8 with PID 15864 (C:\Users\rromero2106\Desktop\Github\Acceso-a-Datos\misproyecto\ejercicios-tema-02-basicos\target\classes started by rromero2106 in C:\Users\rromero2106\Desktop\Github\Acceso-a-Datos\misproyecto\ejercicios-tema-02-basicos)
2025-10-22 18:40:32 DEBUG [main] ceu.dam.ad.tema3.ejercicios.App - Running with Spring Boot v3.4.0, Spring v6.2.0
2025-10-22 18:40:32 INFO  [main] ceu.dam.ad.tema3.ejercicios.App - No active profile set, falling back to 1 default profile: "default"
2025-10-22 18:40:34 INFO  [main] ceu.dam.ad.tema3.ejercicios.App - Started App in 2.011 seconds (process running for 2.673)
2025-10-22 18:40:34 WARN  [main] o.m.jdbc.message.server.ErrorPacket - Error: 1054-42S22: Unknown column 'p1_0.id' in 'SELECT'
2025-10-22 18:40:34 WARN  [main] o.h.e.jdbc.spi.SqlExceptionHelper - SQL Error: 1054, SQLState: 42S22
2025-10-22 18:40:34 ERROR [main] o.h.e.jdbc.spi.SqlExceptionHelper - (conn=23) Unknown column 'p1_0.id' in 'SELECT'
2025-10-22 18:40:34 WARN  [main] c.d.a.t.e.e.s.PeliculasService - No se ha encontrado
org.springframework.dao.InvalidDataAccessResourceUsageException: JDBC exception executing SQL [select p1_0.id,p1_0.length,p1_0.title from film p1_0 where p1_0.length<?] [(conn=23) Unknown column 'p1_0.id' in 'SELECT'] [n/a]; SQL [n/a]
	at org.springframework.orm.jpa.vendor.HibernateJpaDialect.convertHibernateAccessException(HibernateJpaDialect.java:277)
	at org.springframework.orm.jpa.vendor.HibernateJpaDialect.translateExceptionIfPossible(HibernateJpaDialect.java:241)
	at org.springframework.orm.jpa.AbstractEntityManagerFactoryBean.translateExceptionIfPossible(AbstractEntityManagerFactoryBean.java:560)
	at org.springframework.dao.support.ChainedPersistenceExceptionTranslator.translateExceptionIfPossible(ChainedPersistenceExceptionTranslator.java:61)
	at org.springframework.dao.support.DataAccessUtils.translateIfNecessary(DataAccessUtils.java:343)
	at org.springframework.dao.support.PersistenceExceptionTranslationInterceptor.invoke(PersistenceExceptionTranslationInterceptor.java:160)
	at org.springframework.aop.framework.ReflectiveMethodInvocation.proceed(ReflectiveMethodInvocation.java:184)
	at org.springframework.data.jpa.repository.support.CrudMethodMetadataPostProcessor$CrudMethodMetadataPopulatingMethodInterceptor.invoke(CrudMethodMetadataPostProcessor.java:136)
	at org.springframework.aop.framework.ReflectiveMethodInvocation.proceed(ReflectiveMethodInvocation.java:184)
	at org.springframework.aop.framework.JdkDynamicAopProxy.invoke(JdkDynamicAopProxy.java:223)
	at jdk.proxy2/jdk.proxy2.$Proxy101.findByLongitudLessThan(Unknown Source)
	at ceu.dam.ad.tema3.ejercicios.ejercicio01.services.PeliculasService.consultarPeliculas(PeliculasService.java:26)
	at ceu.dam.ad.tema3.ejercicios.ejercicio01.test.TestEj1.test(TestEj1.java:20)
	at ceu.dam.ad.tema3.ejercicios.App.main(App.java:22)
Caused by: org.hibernate.exception.SQLGrammarException: JDBC exception executing SQL [select p1_0.id,p1_0.length,p1_0.title from film p1_0 where p1_0.length<?] [(conn=23) Unknown column 'p1_0.id' in 'SELECT'] [n/a]
	at org.hibernate.exception.internal.SQLExceptionTypeDelegate.convert(SQLExceptionTypeDelegate.java:66)
	at org.hibernate.exception.internal.StandardSQLExceptionConverter.convert(StandardSQLExceptionConverter.java:58)
	at org.hibernate.engine.jdbc.spi.SqlExceptionHelper.convert(SqlExceptionHelper.java:108)
	at org.hibernate.engine.jdbc.spi.SqlExceptionHelper.convert(SqlExceptionHelper.java:94)
	at org.hibernate.sql.results.jdbc.internal.DeferredResultSetAccess.executeQuery(DeferredResultSetAccess.java:268)
	at org.hibernate.sql.results.jdbc.internal.DeferredResultSetAccess.getResultSet(DeferredResultSetAccess.java:171)
	at org.hibernate.sql.results.jdbc.internal.JdbcValuesResultSetImpl.<init>(JdbcValuesResultSetImpl.java:74)
	at org.hibernate.sql.exec.internal.JdbcSelectExecutorStandardImpl.resolveJdbcValuesSource(JdbcSelectExecutorStandardImpl.java:355)
	at org.hibernate.sql.exec.internal.JdbcSelectExecutorStandardImpl.doExecuteQuery(JdbcSelectExecutorStandardImpl.java:137)
	at org.hibernate.sql.exec.internal.JdbcSelectExecutorStandardImpl.executeQuery(JdbcSelectExecutorStandardImpl.java:102)
	at org.hibernate.sql.exec.spi.JdbcSelectExecutor.executeQuery(JdbcSelectExecutor.java:91)
	at org.hibernate.sql.exec.spi.JdbcSelectExecutor.list(JdbcSelectExecutor.java:165)
	at org.hibernate.query.sqm.internal.ConcreteSqmSelectQueryPlan.lambda$new$1(ConcreteSqmSelectQueryPlan.java:152)
	at org.hibernate.query.sqm.internal.ConcreteSqmSelectQueryPlan.withCacheableSqmInterpretation(ConcreteSqmSelectQueryPlan.java:442)
	at org.hibernate.query.sqm.internal.ConcreteSqmSelectQueryPlan.performList(ConcreteSqmSelectQueryPlan.java:362)
	at org.hibernate.query.sqm.internal.QuerySqmImpl.doList(QuerySqmImpl.java:380)
	at org.hibernate.query.spi.AbstractSelectionQuery.list(AbstractSelectionQuery.java:143)
	at org.hibernate.query.Query.getResultList(Query.java:120)
	at java.base/jdk.internal.reflect.DirectMethodHandleAccessor.invoke(DirectMethodHandleAccessor.java:103)
	at java.base/java.lang.reflect.Method.invoke(Method.java:580)
	at org.springframework.orm.jpa.SharedEntityManagerCreator$DeferredQueryInvocationHandler.invoke(SharedEntityManagerCreator.java:419)
	at jdk.proxy2/jdk.proxy2.$Proxy106.getResultList(Unknown Source)
	at org.springframework.data.jpa.repository.query.JpaQueryExecution$CollectionExecution.doExecute(JpaQueryExecution.java:130)
	at org.springframework.data.jpa.repository.query.JpaQueryExecution.execute(JpaQueryExecution.java:93)
	at org.springframework.data.jpa.repository.query.AbstractJpaQuery.doExecute(AbstractJpaQuery.java:152)
	at org.springframework.data.jpa.repository.query.AbstractJpaQuery.execute(AbstractJpaQuery.java:140)
	at org.springframework.data.repository.core.support.RepositoryMethodInvoker.doInvoke(RepositoryMethodInvoker.java:170)
	at org.springframework.data.repository.core.support.RepositoryMethodInvoker.invoke(RepositoryMethodInvoker.java:158)
	at org.springframework.data.repository.core.support.QueryExecutorMethodInterceptor.doInvoke(QueryExecutorMethodInterceptor.java:170)
	at org.springframework.data.repository.core.support.QueryExecutorMethodInterceptor.invoke(QueryExecutorMethodInterceptor.java:149)
	at org.springframework.aop.framework.ReflectiveMethodInvocation.proceed(ReflectiveMethodInvocation.java:184)
	at org.springframework.data.projection.DefaultMethodInvokingMethodInterceptor.invoke(DefaultMethodInvokingMethodInterceptor.java:69)
	at org.springframework.aop.framework.ReflectiveMethodInvocation.proceed(ReflectiveMethodInvocation.java:184)
	at org.springframework.transaction.interceptor.TransactionAspectSupport.invokeWithinTransaction(TransactionAspectSupport.java:380)
	at org.springframework.transaction.interceptor.TransactionInterceptor.invoke(TransactionInterceptor.java:119)
	at org.springframework.aop.framework.ReflectiveMethodInvocation.proceed(ReflectiveMethodInvocation.java:184)
	at org.springframework.dao.support.PersistenceExceptionTranslationInterceptor.invoke(PersistenceExceptionTranslationInterceptor.java:138)
	... 8 common frames omitted
Caused by: java.sql.SQLSyntaxErrorException: (conn=23) Unknown column 'p1_0.id' in 'SELECT'
	at org.mariadb.jdbc.export.ExceptionFactory.createException(ExceptionFactory.java:289)
	at org.mariadb.jdbc.export.ExceptionFactory.create(ExceptionFactory.java:378)
	at org.mariadb.jdbc.message.ClientMessage.readPacket(ClientMessage.java:189)
	at org.mariadb.jdbc.client.impl.StandardClient.readPacket(StandardClient.java:1235)
	at org.mariadb.jdbc.client.impl.StandardClient.readResults(StandardClient.java:1174)
	at org.mariadb.jdbc.client.impl.StandardClient.readResponse(StandardClient.java:1093)
	at org.mariadb.jdbc.client.impl.StandardClient.execute(StandardClient.java:1017)
	at org.mariadb.jdbc.ClientPreparedStatement.executeInternal(ClientPreparedStatement.java:101)
	at org.mariadb.jdbc.ClientPreparedStatement.executeQuery(ClientPreparedStatement.java:257)
	at com.zaxxer.hikari.pool.ProxyPreparedStatement.executeQuery(ProxyPreparedStatement.java:52)
	at com.zaxxer.hikari.pool.HikariProxyPreparedStatement.executeQuery(HikariProxyPreparedStatement.java)
	at org.hibernate.sql.results.jdbc.internal.DeferredResultSetAccess.executeQuery(DeferredResultSetAccess.java:250)
	... 40 common frames omitted
2025-10-22 18:41:44 INFO  [main] ceu.dam.ad.tema3.ejercicios.App - Starting App using Java 21.0.8 with PID 10220 (C:\Users\rromero2106\Desktop\Github\Acceso-a-Datos\misproyecto\ejercicios-tema-02-basicos\target\classes started by rromero2106 in C:\Users\rromero2106\Desktop\Github\Acceso-a-Datos\misproyecto\ejercicios-tema-02-basicos)
2025-10-22 18:41:44 DEBUG [main] ceu.dam.ad.tema3.ejercicios.App - Running with Spring Boot v3.4.0, Spring v6.2.0
2025-10-22 18:41:44 INFO  [main] ceu.dam.ad.tema3.ejercicios.App - No active profile set, falling back to 1 default profile: "default"
2025-10-22 18:41:46 INFO  [main] ceu.dam.ad.tema3.ejercicios.App - Started App in 1.98 seconds (process running for 2.633)
2025-10-22 18:41:46 WARN  [main] o.m.jdbc.message.server.ErrorPacket - Error: 1054-42S22: Unknown column 'p1_0.title_id' in 'SELECT'
2025-10-22 18:41:46 WARN  [main] o.h.e.jdbc.spi.SqlExceptionHelper - SQL Error: 1054, SQLState: 42S22
2025-10-22 18:41:46 ERROR [main] o.h.e.jdbc.spi.SqlExceptionHelper - (conn=34) Unknown column 'p1_0.title_id' in 'SELECT'
2025-10-22 18:41:46 WARN  [main] c.d.a.t.e.e.s.PeliculasService - No se ha encontrado
org.springframework.dao.InvalidDataAccessResourceUsageException: JDBC exception executing SQL [select p1_0.title_id,p1_0.length,p1_0.title from film p1_0 where p1_0.length<?] [(conn=34) Unknown column 'p1_0.title_id' in 'SELECT'] [n/a]; SQL [n/a]
	at org.springframework.orm.jpa.vendor.HibernateJpaDialect.convertHibernateAccessException(HibernateJpaDialect.java:277)
	at org.springframework.orm.jpa.vendor.HibernateJpaDialect.translateExceptionIfPossible(HibernateJpaDialect.java:241)
	at org.springframework.orm.jpa.AbstractEntityManagerFactoryBean.translateExceptionIfPossible(AbstractEntityManagerFactoryBean.java:560)
	at org.springframework.dao.support.ChainedPersistenceExceptionTranslator.translateExceptionIfPossible(ChainedPersistenceExceptionTranslator.java:61)
	at org.springframework.dao.support.DataAccessUtils.translateIfNecessary(DataAccessUtils.java:343)
	at org.springframework.dao.support.PersistenceExceptionTranslationInterceptor.invoke(PersistenceExceptionTranslationInterceptor.java:160)
	at org.springframework.aop.framework.ReflectiveMethodInvocation.proceed(ReflectiveMethodInvocation.java:184)
	at org.springframework.data.jpa.repository.support.CrudMethodMetadataPostProcessor$CrudMethodMetadataPopulatingMethodInterceptor.invoke(CrudMethodMetadataPostProcessor.java:136)
	at org.springframework.aop.framework.ReflectiveMethodInvocation.proceed(ReflectiveMethodInvocation.java:184)
	at org.springframework.aop.framework.JdkDynamicAopProxy.invoke(JdkDynamicAopProxy.java:223)
	at jdk.proxy2/jdk.proxy2.$Proxy101.findByLongitudLessThan(Unknown Source)
	at ceu.dam.ad.tema3.ejercicios.ejercicio01.services.PeliculasService.consultarPeliculas(PeliculasService.java:26)
	at ceu.dam.ad.tema3.ejercicios.ejercicio01.test.TestEj1.test(TestEj1.java:20)
	at ceu.dam.ad.tema3.ejercicios.App.main(App.java:22)
Caused by: org.hibernate.exception.SQLGrammarException: JDBC exception executing SQL [select p1_0.title_id,p1_0.length,p1_0.title from film p1_0 where p1_0.length<?] [(conn=34) Unknown column 'p1_0.title_id' in 'SELECT'] [n/a]
	at org.hibernate.exception.internal.SQLExceptionTypeDelegate.convert(SQLExceptionTypeDelegate.java:66)
	at org.hibernate.exception.internal.StandardSQLExceptionConverter.convert(StandardSQLExceptionConverter.java:58)
	at org.hibernate.engine.jdbc.spi.SqlExceptionHelper.convert(SqlExceptionHelper.java:108)
	at org.hibernate.engine.jdbc.spi.SqlExceptionHelper.convert(SqlExceptionHelper.java:94)
	at org.hibernate.sql.results.jdbc.internal.DeferredResultSetAccess.executeQuery(DeferredResultSetAccess.java:268)
	at org.hibernate.sql.results.jdbc.internal.DeferredResultSetAccess.getResultSet(DeferredResultSetAccess.java:171)
	at org.hibernate.sql.results.jdbc.internal.JdbcValuesResultSetImpl.<init>(JdbcValuesResultSetImpl.java:74)
	at org.hibernate.sql.exec.internal.JdbcSelectExecutorStandardImpl.resolveJdbcValuesSource(JdbcSelectExecutorStandardImpl.java:355)
	at org.hibernate.sql.exec.internal.JdbcSelectExecutorStandardImpl.doExecuteQuery(JdbcSelectExecutorStandardImpl.java:137)
	at org.hibernate.sql.exec.internal.JdbcSelectExecutorStandardImpl.executeQuery(JdbcSelectExecutorStandardImpl.java:102)
	at org.hibernate.sql.exec.spi.JdbcSelectExecutor.executeQuery(JdbcSelectExecutor.java:91)
	at org.hibernate.sql.exec.spi.JdbcSelectExecutor.list(JdbcSelectExecutor.java:165)
	at org.hibernate.query.sqm.internal.ConcreteSqmSelectQueryPlan.lambda$new$1(ConcreteSqmSelectQueryPlan.java:152)
	at org.hibernate.query.sqm.internal.ConcreteSqmSelectQueryPlan.withCacheableSqmInterpretation(ConcreteSqmSelectQueryPlan.java:442)
	at org.hibernate.query.sqm.internal.ConcreteSqmSelectQueryPlan.performList(ConcreteSqmSelectQueryPlan.java:362)
	at org.hibernate.query.sqm.internal.QuerySqmImpl.doList(QuerySqmImpl.java:380)
	at org.hibernate.query.spi.AbstractSelectionQuery.list(AbstractSelectionQuery.java:143)
	at org.hibernate.query.Query.getResultList(Query.java:120)
	at java.base/jdk.internal.reflect.DirectMethodHandleAccessor.invoke(DirectMethodHandleAccessor.java:103)
	at java.base/java.lang.reflect.Method.invoke(Method.java:580)
	at org.springframework.orm.jpa.SharedEntityManagerCreator$DeferredQueryInvocationHandler.invoke(SharedEntityManagerCreator.java:419)
	at jdk.proxy2/jdk.proxy2.$Proxy106.getResultList(Unknown Source)
	at org.springframework.data.jpa.repository.query.JpaQueryExecution$CollectionExecution.doExecute(JpaQueryExecution.java:130)
	at org.springframework.data.jpa.repository.query.JpaQueryExecution.execute(JpaQueryExecution.java:93)
	at org.springframework.data.jpa.repository.query.AbstractJpaQuery.doExecute(AbstractJpaQuery.java:152)
	at org.springframework.data.jpa.repository.query.AbstractJpaQuery.execute(AbstractJpaQuery.java:140)
	at org.springframework.data.repository.core.support.RepositoryMethodInvoker.doInvoke(RepositoryMethodInvoker.java:170)
	at org.springframework.data.repository.core.support.RepositoryMethodInvoker.invoke(RepositoryMethodInvoker.java:158)
	at org.springframework.data.repository.core.support.QueryExecutorMethodInterceptor.doInvoke(QueryExecutorMethodInterceptor.java:170)
	at org.springframework.data.repository.core.support.QueryExecutorMethodInterceptor.invoke(QueryExecutorMethodInterceptor.java:149)
	at org.springframework.aop.framework.ReflectiveMethodInvocation.proceed(ReflectiveMethodInvocation.java:184)
	at org.springframework.data.projection.DefaultMethodInvokingMethodInterceptor.invoke(DefaultMethodInvokingMethodInterceptor.java:69)
	at org.springframework.aop.framework.ReflectiveMethodInvocation.proceed(ReflectiveMethodInvocation.java:184)
	at org.springframework.transaction.interceptor.TransactionAspectSupport.invokeWithinTransaction(TransactionAspectSupport.java:380)
	at org.springframework.transaction.interceptor.TransactionInterceptor.invoke(TransactionInterceptor.java:119)
	at org.springframework.aop.framework.ReflectiveMethodInvocation.proceed(ReflectiveMethodInvocation.java:184)
	at org.springframework.dao.support.PersistenceExceptionTranslationInterceptor.invoke(PersistenceExceptionTranslationInterceptor.java:138)
	... 8 common frames omitted
Caused by: java.sql.SQLSyntaxErrorException: (conn=34) Unknown column 'p1_0.title_id' in 'SELECT'
	at org.mariadb.jdbc.export.ExceptionFactory.createException(ExceptionFactory.java:289)
	at org.mariadb.jdbc.export.ExceptionFactory.create(ExceptionFactory.java:378)
	at org.mariadb.jdbc.message.ClientMessage.readPacket(ClientMessage.java:189)
	at org.mariadb.jdbc.client.impl.StandardClient.readPacket(StandardClient.java:1235)
	at org.mariadb.jdbc.client.impl.StandardClient.readResults(StandardClient.java:1174)
	at org.mariadb.jdbc.client.impl.StandardClient.readResponse(StandardClient.java:1093)
	at org.mariadb.jdbc.client.impl.StandardClient.execute(StandardClient.java:1017)
	at org.mariadb.jdbc.ClientPreparedStatement.executeInternal(ClientPreparedStatement.java:101)
	at org.mariadb.jdbc.ClientPreparedStatement.executeQuery(ClientPreparedStatement.java:257)
	at com.zaxxer.hikari.pool.ProxyPreparedStatement.executeQuery(ProxyPreparedStatement.java:52)
	at com.zaxxer.hikari.pool.HikariProxyPreparedStatement.executeQuery(HikariProxyPreparedStatement.java)
	at org.hibernate.sql.results.jdbc.internal.DeferredResultSetAccess.executeQuery(DeferredResultSetAccess.java:250)
	... 40 common frames omitted
2025-10-22 18:42:50 INFO  [main] ceu.dam.ad.tema3.ejercicios.App - Starting App using Java 21.0.8 with PID 19796 (C:\Users\rromero2106\Desktop\Github\Acceso-a-Datos\misproyecto\ejercicios-tema-02-basicos\target\classes started by rromero2106 in C:\Users\rromero2106\Desktop\Github\Acceso-a-Datos\misproyecto\ejercicios-tema-02-basicos)
2025-10-22 18:42:50 DEBUG [main] ceu.dam.ad.tema3.ejercicios.App - Running with Spring Boot v3.4.0, Spring v6.2.0
2025-10-22 18:42:50 INFO  [main] ceu.dam.ad.tema3.ejercicios.App - No active profile set, falling back to 1 default profile: "default"
2025-10-22 18:42:52 INFO  [main] ceu.dam.ad.tema3.ejercicios.App - Started App in 1.991 seconds (process running for 2.642)
2025-10-22 19:03:33 INFO  [main] ceu.dam.ad.tema3.ejercicios.App - Starting App using Java 21.0.8 with PID 11468 (C:\Users\rromero2106\Desktop\Github\Acceso-a-Datos\misproyecto\ejercicios-tema-02-basicos\target\classes started by rromero2106 in C:\Users\rromero2106\Desktop\Github\Acceso-a-Datos\misproyecto\ejercicios-tema-02-basicos)
2025-10-22 19:03:33 DEBUG [main] ceu.dam.ad.tema3.ejercicios.App - Running with Spring Boot v3.4.0, Spring v6.2.0
2025-10-22 19:03:33 INFO  [main] ceu.dam.ad.tema3.ejercicios.App - No active profile set, falling back to 1 default profile: "default"
2025-10-22 19:03:36 INFO  [main] ceu.dam.ad.tema3.ejercicios.App - Started App in 2.477 seconds (process running for 3.361)
2025-10-22 19:05:16 INFO  [main] ceu.dam.ad.tema3.ejercicios.App - Starting App using Java 21.0.8 with PID 21544 (C:\Users\rromero2106\Desktop\Github\Acceso-a-Datos\misproyecto\ejercicios-tema-02-basicos\target\classes started by rromero2106 in C:\Users\rromero2106\Desktop\Github\Acceso-a-Datos\misproyecto\ejercicios-tema-02-basicos)
2025-10-22 19:05:16 DEBUG [main] ceu.dam.ad.tema3.ejercicios.App - Running with Spring Boot v3.4.0, Spring v6.2.0
2025-10-22 19:05:16 INFO  [main] ceu.dam.ad.tema3.ejercicios.App - No active profile set, falling back to 1 default profile: "default"
2025-10-22 19:05:17 INFO  [main] ceu.dam.ad.tema3.ejercicios.App - Started App in 2.026 seconds (process running for 2.688)
2025-10-22 19:10:51 INFO  [main] ceu.dam.ad.tema3.ejercicios.App - Starting App using Java 21.0.8 with PID 20696 (C:\Users\rromero2106\Desktop\Github\Acceso-a-Datos\misproyecto\ejercicios-tema-02-basicos\target\classes started by rromero2106 in C:\Users\rromero2106\Desktop\Github\Acceso-a-Datos\misproyecto\ejercicios-tema-02-basicos)
2025-10-22 19:10:51 DEBUG [main] ceu.dam.ad.tema3.ejercicios.App - Running with Spring Boot v3.4.0, Spring v6.2.0
2025-10-22 19:10:51 INFO  [main] ceu.dam.ad.tema3.ejercicios.App - No active profile set, falling back to 1 default profile: "default"
2025-10-22 19:10:52 INFO  [main] ceu.dam.ad.tema3.ejercicios.App - Started App in 1.995 seconds (process running for 2.65)
2025-10-22 19:11:08 INFO  [main] ceu.dam.ad.tema3.ejercicios.App - Starting App using Java 21.0.8 with PID 6648 (C:\Users\rromero2106\Desktop\Github\Acceso-a-Datos\misproyecto\ejercicios-tema-02-basicos\target\classes started by rromero2106 in C:\Users\rromero2106\Desktop\Github\Acceso-a-Datos\misproyecto\ejercicios-tema-02-basicos)
2025-10-22 19:11:08 DEBUG [main] ceu.dam.ad.tema3.ejercicios.App - Running with Spring Boot v3.4.0, Spring v6.2.0
2025-10-22 19:11:08 INFO  [main] ceu.dam.ad.tema3.ejercicios.App - No active profile set, falling back to 1 default profile: "default"
2025-10-22 19:11:10 INFO  [main] ceu.dam.ad.tema3.ejercicios.App - Started App in 1.984 seconds (process running for 2.644)
2025-10-22 20:03:15 INFO  [main] ceu.dam.ad.tema3.ejercicios.App - Starting App using Java 21.0.8 with PID 23008 (C:\Users\rromero2106\Desktop\Github\Acceso-a-Datos\misproyecto\ejercicios-tema-02-basicos\target\classes started by rromero2106 in C:\Users\rromero2106\Desktop\Github\Acceso-a-Datos\misproyecto\ejercicios-tema-02-basicos)
2025-10-22 20:03:15 DEBUG [main] ceu.dam.ad.tema3.ejercicios.App - Running with Spring Boot v3.4.0, Spring v6.2.0
2025-10-22 20:03:15 INFO  [main] ceu.dam.ad.tema3.ejercicios.App - No active profile set, falling back to 1 default profile: "default"
2025-10-22 20:03:17 WARN  [main] o.s.c.a.AnnotationConfigApplicationContext - Exception encountered during context initialization - cancelling refresh attempt: org.springframework.beans.factory.UnsatisfiedDependencyException: Error creating bean with name 'testEj3': Unsatisfied dependency expressed through field 'service': No qualifying bean of type 'ceu.dam.ad.tema3.ejercicios.ejercicio03.service.PagosService' available: expected at least 1 bean which qualifies as autowire candidate. Dependency annotations: {@org.springframework.beans.factory.annotation.Autowired(required=true)}
2025-10-22 20:03:17 ERROR [main] o.s.b.d.LoggingFailureAnalysisReporter - 

***************************
APPLICATION FAILED TO START
***************************

Description:

Field service in ceu.dam.ad.tema3.ejercicios.ejercicio03.test.TestEj3 required a bean of type 'ceu.dam.ad.tema3.ejercicios.ejercicio03.service.PagosService' that could not be found.

The injection point has the following annotations:
	- @org.springframework.beans.factory.annotation.Autowired(required=true)


Action:

Consider defining a bean of type 'ceu.dam.ad.tema3.ejercicios.ejercicio03.service.PagosService' in your configuration.

2025-10-22 20:05:24 INFO  [main] ceu.dam.ad.tema3.ejercicios.App - Starting App using Java 21.0.8 with PID 19536 (C:\Users\rromero2106\Desktop\Github\Acceso-a-Datos\misproyecto\ejercicios-tema-02-basicos\target\classes started by rromero2106 in C:\Users\rromero2106\Desktop\Github\Acceso-a-Datos\misproyecto\ejercicios-tema-02-basicos)
2025-10-22 20:05:24 DEBUG [main] ceu.dam.ad.tema3.ejercicios.App - Running with Spring Boot v3.4.0, Spring v6.2.0
2025-10-22 20:05:24 INFO  [main] ceu.dam.ad.tema3.ejercicios.App - No active profile set, falling back to 1 default profile: "default"
2025-10-22 20:05:25 INFO  [main] ceu.dam.ad.tema3.ejercicios.App - Started App in 2.089 seconds (process running for 2.753)
2025-10-22 20:08:33 INFO  [main] ceu.dam.ad.tema3.ejercicios.App - Starting App using Java 21.0.8 with PID 14644 (C:\Users\rromero2106\Desktop\Github\Acceso-a-Datos\misproyecto\ejercicios-tema-02-basicos\target\classes started by rromero2106 in C:\Users\rromero2106\Desktop\Github\Acceso-a-Datos\misproyecto\ejercicios-tema-02-basicos)
2025-10-22 20:08:33 DEBUG [main] ceu.dam.ad.tema3.ejercicios.App - Running with Spring Boot v3.4.0, Spring v6.2.0
2025-10-22 20:08:33 INFO  [main] ceu.dam.ad.tema3.ejercicios.App - No active profile set, falling back to 1 default profile: "default"
2025-10-22 20:08:35 INFO  [main] ceu.dam.ad.tema3.ejercicios.App - Started App in 2.026 seconds (process running for 2.683)
2025-10-22 20:08:35 WARN  [main] o.m.jdbc.message.server.ErrorPacket - Error: 1054-42S22: Unknown column 'p1_0.paymentid' in 'SELECT'
2025-10-22 20:08:35 WARN  [main] o.h.e.jdbc.spi.SqlExceptionHelper - SQL Error: 1054, SQLState: 42S22
2025-10-22 20:08:35 ERROR [main] o.h.e.jdbc.spi.SqlExceptionHelper - (conn=114) Unknown column 'p1_0.paymentid' in 'SELECT'
2025-10-22 20:10:43 INFO  [main] ceu.dam.ad.tema3.ejercicios.App - Starting App using Java 21.0.8 with PID 2804 (C:\Users\rromero2106\Desktop\Github\Acceso-a-Datos\misproyecto\ejercicios-tema-02-basicos\target\classes started by rromero2106 in C:\Users\rromero2106\Desktop\Github\Acceso-a-Datos\misproyecto\ejercicios-tema-02-basicos)
2025-10-22 20:10:43 DEBUG [main] ceu.dam.ad.tema3.ejercicios.App - Running with Spring Boot v3.4.0, Spring v6.2.0
2025-10-22 20:10:43 INFO  [main] ceu.dam.ad.tema3.ejercicios.App - No active profile set, falling back to 1 default profile: "default"
2025-10-22 20:10:45 WARN  [main] o.s.c.a.AnnotationConfigApplicationContext - Exception encountered during context initialization - cancelling refresh attempt: org.springframework.beans.factory.UnsatisfiedDependencyException: Error creating bean with name 'pagosService': Unsatisfied dependency expressed through field 'repoPago': Error creating bean with name 'pagoRepository' defined in ceu.dam.ad.tema3.ejercicios.ejercicio03.repository.PagoRepository defined in @EnableJpaRepositories declared on JpaRepositoriesRegistrar.EnableJpaRepositoriesConfiguration: Could not create query for public abstract java.util.List ceu.dam.ad.tema3.ejercicios.ejercicio03.repository.PagoRepository.findByCustomerID(java.lang.Integer); Reason: Failed to create query for method public abstract java.util.List ceu.dam.ad.tema3.ejercicios.ejercicio03.repository.PagoRepository.findByCustomerID(java.lang.Integer); No property 'customerID' found for type 'Pago'; Did you mean 'customerId'
2025-10-22 20:10:45 ERROR [main] o.s.boot.SpringApplication - Application run failed
org.springframework.beans.factory.UnsatisfiedDependencyException: Error creating bean with name 'pagosService': Unsatisfied dependency expressed through field 'repoPago': Error creating bean with name 'pagoRepository' defined in ceu.dam.ad.tema3.ejercicios.ejercicio03.repository.PagoRepository defined in @EnableJpaRepositories declared on JpaRepositoriesRegistrar.EnableJpaRepositoriesConfiguration: Could not create query for public abstract java.util.List ceu.dam.ad.tema3.ejercicios.ejercicio03.repository.PagoRepository.findByCustomerID(java.lang.Integer); Reason: Failed to create query for method public abstract java.util.List ceu.dam.ad.tema3.ejercicios.ejercicio03.repository.PagoRepository.findByCustomerID(java.lang.Integer); No property 'customerID' found for type 'Pago'; Did you mean 'customerId'
	at org.springframework.beans.factory.annotation.AutowiredAnnotationBeanPostProcessor$AutowiredFieldElement.resolveFieldValue(AutowiredAnnotationBeanPostProcessor.java:788)
	at org.springframework.beans.factory.annotation.AutowiredAnnotationBeanPostProcessor$AutowiredFieldElement.inject(AutowiredAnnotationBeanPostProcessor.java:768)
	at org.springframework.beans.factory.annotation.InjectionMetadata.inject(InjectionMetadata.java:146)
	at org.springframework.beans.factory.annotation.AutowiredAnnotationBeanPostProcessor.postProcessProperties(AutowiredAnnotationBeanPostProcessor.java:509)
	at org.springframework.beans.factory.support.AbstractAutowireCapableBeanFactory.populateBean(AbstractAutowireCapableBeanFactory.java:1435)
	at org.springframework.beans.factory.support.AbstractAutowireCapableBeanFactory.doCreateBean(AbstractAutowireCapableBeanFactory.java:600)
	at org.springframework.beans.factory.support.AbstractAutowireCapableBeanFactory.createBean(AbstractAutowireCapableBeanFactory.java:523)
	at org.springframework.beans.factory.support.AbstractBeanFactory.lambda$doGetBean$0(AbstractBeanFactory.java:336)
	at org.springframework.beans.factory.support.DefaultSingletonBeanRegistry.getSingleton(DefaultSingletonBeanRegistry.java:288)
	at org.springframework.beans.factory.support.AbstractBeanFactory.doGetBean(AbstractBeanFactory.java:334)
	at org.springframework.beans.factory.support.AbstractBeanFactory.getBean(AbstractBeanFactory.java:199)
	at org.springframework.beans.factory.support.DefaultListableBeanFactory.instantiateSingleton(DefaultListableBeanFactory.java:1122)
	at org.springframework.beans.factory.support.DefaultListableBeanFactory.preInstantiateSingleton(DefaultListableBeanFactory.java:1093)
	at org.springframework.beans.factory.support.DefaultListableBeanFactory.preInstantiateSingletons(DefaultListableBeanFactory.java:1030)
	at org.springframework.context.support.AbstractApplicationContext.finishBeanFactoryInitialization(AbstractApplicationContext.java:987)
	at org.springframework.context.support.AbstractApplicationContext.refresh(AbstractApplicationContext.java:627)
	at org.springframework.boot.SpringApplication.refresh(SpringApplication.java:752)
	at org.springframework.boot.SpringApplication.refreshContext(SpringApplication.java:439)
	at org.springframework.boot.SpringApplication.run(SpringApplication.java:318)
	at org.springframework.boot.SpringApplication.run(SpringApplication.java:1361)
	at org.springframework.boot.SpringApplication.run(SpringApplication.java:1350)
	at ceu.dam.ad.tema3.ejercicios.App.main(App.java:22)
Caused by: org.springframework.beans.factory.BeanCreationException: Error creating bean with name 'pagoRepository' defined in ceu.dam.ad.tema3.ejercicios.ejercicio03.repository.PagoRepository defined in @EnableJpaRepositories declared on JpaRepositoriesRegistrar.EnableJpaRepositoriesConfiguration: Could not create query for public abstract java.util.List ceu.dam.ad.tema3.ejercicios.ejercicio03.repository.PagoRepository.findByCustomerID(java.lang.Integer); Reason: Failed to create query for method public abstract java.util.List ceu.dam.ad.tema3.ejercicios.ejercicio03.repository.PagoRepository.findByCustomerID(java.lang.Integer); No property 'customerID' found for type 'Pago'; Did you mean 'customerId'
	at org.springframework.beans.factory.support.AbstractAutowireCapableBeanFactory.initializeBean(AbstractAutowireCapableBeanFactory.java:1802)
	at org.springframework.beans.factory.support.AbstractAutowireCapableBeanFactory.doCreateBean(AbstractAutowireCapableBeanFactory.java:601)
	at org.springframework.beans.factory.support.AbstractAutowireCapableBeanFactory.createBean(AbstractAutowireCapableBeanFactory.java:523)
	at org.springframework.beans.factory.support.AbstractBeanFactory.lambda$doGetBean$0(AbstractBeanFactory.java:336)
	at org.springframework.beans.factory.support.DefaultSingletonBeanRegistry.getSingleton(DefaultSingletonBeanRegistry.java:288)
	at org.springframework.beans.factory.support.AbstractBeanFactory.doGetBean(AbstractBeanFactory.java:334)
	at org.springframework.beans.factory.support.AbstractBeanFactory.getBean(AbstractBeanFactory.java:199)
	at org.springframework.beans.factory.config.DependencyDescriptor.resolveCandidate(DependencyDescriptor.java:254)
	at org.springframework.beans.factory.support.DefaultListableBeanFactory.doResolveDependency(DefaultListableBeanFactory.java:1626)
	at org.springframework.beans.factory.support.DefaultListableBeanFactory.resolveDependency(DefaultListableBeanFactory.java:1514)
	at org.springframework.beans.factory.annotation.AutowiredAnnotationBeanPostProcessor$AutowiredFieldElement.resolveFieldValue(AutowiredAnnotationBeanPostProcessor.java:785)
	... 21 common frames omitted
Caused by: org.springframework.data.repository.query.QueryCreationException: Could not create query for public abstract java.util.List ceu.dam.ad.tema3.ejercicios.ejercicio03.repository.PagoRepository.findByCustomerID(java.lang.Integer); Reason: Failed to create query for method public abstract java.util.List ceu.dam.ad.tema3.ejercicios.ejercicio03.repository.PagoRepository.findByCustomerID(java.lang.Integer); No property 'customerID' found for type 'Pago'; Did you mean 'customerId'
	at org.springframework.data.repository.query.QueryCreationException.create(QueryCreationException.java:101)
	at org.springframework.data.repository.core.support.QueryExecutorMethodInterceptor.lookupQuery(QueryExecutorMethodInterceptor.java:120)
	at org.springframework.data.repository.core.support.QueryExecutorMethodInterceptor.mapMethodsToQuery(QueryExecutorMethodInterceptor.java:104)
	at org.springframework.data.repository.core.support.QueryExecutorMethodInterceptor.lambda$new$0(QueryExecutorMethodInterceptor.java:92)
	at java.base/java.util.Optional.map(Optional.java:260)
	at org.springframework.data.repository.core.support.QueryExecutorMethodInterceptor.<init>(QueryExecutorMethodInterceptor.java:92)
	at org.springframework.data.repository.core.support.RepositoryFactorySupport.getRepository(RepositoryFactorySupport.java:440)
	at org.springframework.data.repository.core.support.RepositoryFactoryBeanSupport.lambda$afterPropertiesSet$4(RepositoryFactoryBeanSupport.java:350)
	at org.springframework.data.util.Lazy.getNullable(Lazy.java:135)
	at org.springframework.data.util.Lazy.get(Lazy.java:113)
	at org.springframework.data.repository.core.support.RepositoryFactoryBeanSupport.afterPropertiesSet(RepositoryFactoryBeanSupport.java:356)
	at org.springframework.data.jpa.repository.support.JpaRepositoryFactoryBean.afterPropertiesSet(JpaRepositoryFactoryBean.java:132)
	at org.springframework.beans.factory.support.AbstractAutowireCapableBeanFactory.invokeInitMethods(AbstractAutowireCapableBeanFactory.java:1849)
	at org.springframework.beans.factory.support.AbstractAutowireCapableBeanFactory.initializeBean(AbstractAutowireCapableBeanFactory.java:1798)
	... 31 common frames omitted
Caused by: java.lang.IllegalArgumentException: Failed to create query for method public abstract java.util.List ceu.dam.ad.tema3.ejercicios.ejercicio03.repository.PagoRepository.findByCustomerID(java.lang.Integer); No property 'customerID' found for type 'Pago'; Did you mean 'customerId'
	at org.springframework.data.jpa.repository.query.PartTreeJpaQuery.<init>(PartTreeJpaQuery.java:107)
	at org.springframework.data.jpa.repository.query.JpaQueryLookupStrategy$CreateQueryLookupStrategy.resolveQuery(JpaQueryLookupStrategy.java:128)
	at org.springframework.data.jpa.repository.query.JpaQueryLookupStrategy$CreateIfNotFoundQueryLookupStrategy.resolveQuery(JpaQueryLookupStrategy.java:262)
	at org.springframework.data.jpa.repository.query.JpaQueryLookupStrategy$AbstractQueryLookupStrategy.resolveQuery(JpaQueryLookupStrategy.java:99)
	at org.springframework.data.repository.core.support.QueryExecutorMethodInterceptor.lookupQuery(QueryExecutorMethodInterceptor.java:116)
	... 43 common frames omitted
Caused by: org.springframework.data.mapping.PropertyReferenceException: No property 'customerID' found for type 'Pago'; Did you mean 'customerId'
	at org.springframework.data.mapping.PropertyPath.<init>(PropertyPath.java:94)
	at org.springframework.data.mapping.PropertyPath.create(PropertyPath.java:455)
	at org.springframework.data.mapping.PropertyPath.create(PropertyPath.java:431)
	at org.springframework.data.mapping.PropertyPath.lambda$from$0(PropertyPath.java:384)
	at java.base/java.util.concurrent.ConcurrentMap.computeIfAbsent(ConcurrentMap.java:330)
	at org.springframework.data.mapping.PropertyPath.from(PropertyPath.java:366)
	at org.springframework.data.mapping.PropertyPath.from(PropertyPath.java:344)
	at org.springframework.data.repository.query.parser.Part.<init>(Part.java:81)
	at org.springframework.data.repository.query.parser.PartTree$OrPart.lambda$new$0(PartTree.java:259)
	at java.base/java.util.stream.ReferencePipeline$3$1.accept(ReferencePipeline.java:197)
	at java.base/java.util.stream.ReferencePipeline$2$1.accept(ReferencePipeline.java:179)
	at java.base/java.util.Spliterators$ArraySpliterator.forEachRemaining(Spliterators.java:1024)
	at java.base/java.util.stream.AbstractPipeline.copyInto(AbstractPipeline.java:509)
	at java.base/java.util.stream.AbstractPipeline.wrapAndCopyInto(AbstractPipeline.java:499)
	at java.base/java.util.stream.ReduceOps$ReduceOp.evaluateSequential(ReduceOps.java:921)
	at java.base/java.util.stream.AbstractPipeline.evaluate(AbstractPipeline.java:234)
	at java.base/java.util.stream.ReferencePipeline.collect(ReferencePipeline.java:682)
	at org.springframework.data.repository.query.parser.PartTree$OrPart.<init>(PartTree.java:260)
	at org.springframework.data.repository.query.parser.PartTree$Predicate.lambda$new$0(PartTree.java:389)
	at java.base/java.util.stream.ReferencePipeline$3$1.accept(ReferencePipeline.java:197)
	at java.base/java.util.stream.ReferencePipeline$2$1.accept(ReferencePipeline.java:179)
	at java.base/java.util.Spliterators$ArraySpliterator.forEachRemaining(Spliterators.java:1024)
	at java.base/java.util.stream.AbstractPipeline.copyInto(AbstractPipeline.java:509)
	at java.base/java.util.stream.AbstractPipeline.wrapAndCopyInto(AbstractPipeline.java:499)
	at java.base/java.util.stream.ReduceOps$ReduceOp.evaluateSequential(ReduceOps.java:921)
	at java.base/java.util.stream.AbstractPipeline.evaluate(AbstractPipeline.java:234)
	at java.base/java.util.stream.ReferencePipeline.collect(ReferencePipeline.java:682)
	at org.springframework.data.repository.query.parser.PartTree$Predicate.<init>(PartTree.java:390)
	at org.springframework.data.repository.query.parser.PartTree.<init>(PartTree.java:103)
	at org.springframework.data.jpa.repository.query.PartTreeJpaQuery.<init>(PartTreeJpaQuery.java:101)
	... 47 common frames omitted
2025-10-22 20:13:02 INFO  [main] ceu.dam.ad.tema3.ejercicios.App - Starting App using Java 21.0.8 with PID 15704 (C:\Users\rromero2106\Desktop\Github\Acceso-a-Datos\misproyecto\ejercicios-tema-02-basicos\target\classes started by rromero2106 in C:\Users\rromero2106\Desktop\Github\Acceso-a-Datos\misproyecto\ejercicios-tema-02-basicos)
2025-10-22 20:13:02 DEBUG [main] ceu.dam.ad.tema3.ejercicios.App - Running with Spring Boot v3.4.0, Spring v6.2.0
2025-10-22 20:13:02 INFO  [main] ceu.dam.ad.tema3.ejercicios.App - No active profile set, falling back to 1 default profile: "default"
2025-10-22 20:13:04 WARN  [main] o.s.c.a.AnnotationConfigApplicationContext - Exception encountered during context initialization - cancelling refresh attempt: org.springframework.beans.factory.UnsatisfiedDependencyException: Error creating bean with name 'pagosService': Unsatisfied dependency expressed through field 'repoPago': Error creating bean with name 'pagoRepository' defined in ceu.dam.ad.tema3.ejercicios.ejercicio03.repository.PagoRepository defined in @EnableJpaRepositories declared on JpaRepositoriesRegistrar.EnableJpaRepositoriesConfiguration: Could not create query for public abstract java.util.List ceu.dam.ad.tema3.ejercicios.ejercicio03.repository.PagoRepository.findByCustomerID(java.lang.Integer); Reason: Failed to create query for method public abstract java.util.List ceu.dam.ad.tema3.ejercicios.ejercicio03.repository.PagoRepository.findByCustomerID(java.lang.Integer); No property 'customerID' found for type 'Pago'
2025-10-22 20:13:04 ERROR [main] o.s.boot.SpringApplication - Application run failed
org.springframework.beans.factory.UnsatisfiedDependencyException: Error creating bean with name 'pagosService': Unsatisfied dependency expressed through field 'repoPago': Error creating bean with name 'pagoRepository' defined in ceu.dam.ad.tema3.ejercicios.ejercicio03.repository.PagoRepository defined in @EnableJpaRepositories declared on JpaRepositoriesRegistrar.EnableJpaRepositoriesConfiguration: Could not create query for public abstract java.util.List ceu.dam.ad.tema3.ejercicios.ejercicio03.repository.PagoRepository.findByCustomerID(java.lang.Integer); Reason: Failed to create query for method public abstract java.util.List ceu.dam.ad.tema3.ejercicios.ejercicio03.repository.PagoRepository.findByCustomerID(java.lang.Integer); No property 'customerID' found for type 'Pago'
	at org.springframework.beans.factory.annotation.AutowiredAnnotationBeanPostProcessor$AutowiredFieldElement.resolveFieldValue(AutowiredAnnotationBeanPostProcessor.java:788)
	at org.springframework.beans.factory.annotation.AutowiredAnnotationBeanPostProcessor$AutowiredFieldElement.inject(AutowiredAnnotationBeanPostProcessor.java:768)
	at org.springframework.beans.factory.annotation.InjectionMetadata.inject(InjectionMetadata.java:146)
	at org.springframework.beans.factory.annotation.AutowiredAnnotationBeanPostProcessor.postProcessProperties(AutowiredAnnotationBeanPostProcessor.java:509)
	at org.springframework.beans.factory.support.AbstractAutowireCapableBeanFactory.populateBean(AbstractAutowireCapableBeanFactory.java:1435)
	at org.springframework.beans.factory.support.AbstractAutowireCapableBeanFactory.doCreateBean(AbstractAutowireCapableBeanFactory.java:600)
	at org.springframework.beans.factory.support.AbstractAutowireCapableBeanFactory.createBean(AbstractAutowireCapableBeanFactory.java:523)
	at org.springframework.beans.factory.support.AbstractBeanFactory.lambda$doGetBean$0(AbstractBeanFactory.java:336)
	at org.springframework.beans.factory.support.DefaultSingletonBeanRegistry.getSingleton(DefaultSingletonBeanRegistry.java:288)
	at org.springframework.beans.factory.support.AbstractBeanFactory.doGetBean(AbstractBeanFactory.java:334)
	at org.springframework.beans.factory.support.AbstractBeanFactory.getBean(AbstractBeanFactory.java:199)
	at org.springframework.beans.factory.support.DefaultListableBeanFactory.instantiateSingleton(DefaultListableBeanFactory.java:1122)
	at org.springframework.beans.factory.support.DefaultListableBeanFactory.preInstantiateSingleton(DefaultListableBeanFactory.java:1093)
	at org.springframework.beans.factory.support.DefaultListableBeanFactory.preInstantiateSingletons(DefaultListableBeanFactory.java:1030)
	at org.springframework.context.support.AbstractApplicationContext.finishBeanFactoryInitialization(AbstractApplicationContext.java:987)
	at org.springframework.context.support.AbstractApplicationContext.refresh(AbstractApplicationContext.java:627)
	at org.springframework.boot.SpringApplication.refresh(SpringApplication.java:752)
	at org.springframework.boot.SpringApplication.refreshContext(SpringApplication.java:439)
	at org.springframework.boot.SpringApplication.run(SpringApplication.java:318)
	at org.springframework.boot.SpringApplication.run(SpringApplication.java:1361)
	at org.springframework.boot.SpringApplication.run(SpringApplication.java:1350)
	at ceu.dam.ad.tema3.ejercicios.App.main(App.java:22)
Caused by: org.springframework.beans.factory.BeanCreationException: Error creating bean with name 'pagoRepository' defined in ceu.dam.ad.tema3.ejercicios.ejercicio03.repository.PagoRepository defined in @EnableJpaRepositories declared on JpaRepositoriesRegistrar.EnableJpaRepositoriesConfiguration: Could not create query for public abstract java.util.List ceu.dam.ad.tema3.ejercicios.ejercicio03.repository.PagoRepository.findByCustomerID(java.lang.Integer); Reason: Failed to create query for method public abstract java.util.List ceu.dam.ad.tema3.ejercicios.ejercicio03.repository.PagoRepository.findByCustomerID(java.lang.Integer); No property 'customerID' found for type 'Pago'
	at org.springframework.beans.factory.support.AbstractAutowireCapableBeanFactory.initializeBean(AbstractAutowireCapableBeanFactory.java:1802)
	at org.springframework.beans.factory.support.AbstractAutowireCapableBeanFactory.doCreateBean(AbstractAutowireCapableBeanFactory.java:601)
	at org.springframework.beans.factory.support.AbstractAutowireCapableBeanFactory.createBean(AbstractAutowireCapableBeanFactory.java:523)
	at org.springframework.beans.factory.support.AbstractBeanFactory.lambda$doGetBean$0(AbstractBeanFactory.java:336)
	at org.springframework.beans.factory.support.DefaultSingletonBeanRegistry.getSingleton(DefaultSingletonBeanRegistry.java:288)
	at org.springframework.beans.factory.support.AbstractBeanFactory.doGetBean(AbstractBeanFactory.java:334)
	at org.springframework.beans.factory.support.AbstractBeanFactory.getBean(AbstractBeanFactory.java:199)
	at org.springframework.beans.factory.config.DependencyDescriptor.resolveCandidate(DependencyDescriptor.java:254)
	at org.springframework.beans.factory.support.DefaultListableBeanFactory.doResolveDependency(DefaultListableBeanFactory.java:1626)
	at org.springframework.beans.factory.support.DefaultListableBeanFactory.resolveDependency(DefaultListableBeanFactory.java:1514)
	at org.springframework.beans.factory.annotation.AutowiredAnnotationBeanPostProcessor$AutowiredFieldElement.resolveFieldValue(AutowiredAnnotationBeanPostProcessor.java:785)
	... 21 common frames omitted
Caused by: org.springframework.data.repository.query.QueryCreationException: Could not create query for public abstract java.util.List ceu.dam.ad.tema3.ejercicios.ejercicio03.repository.PagoRepository.findByCustomerID(java.lang.Integer); Reason: Failed to create query for method public abstract java.util.List ceu.dam.ad.tema3.ejercicios.ejercicio03.repository.PagoRepository.findByCustomerID(java.lang.Integer); No property 'customerID' found for type 'Pago'
	at org.springframework.data.repository.query.QueryCreationException.create(QueryCreationException.java:101)
	at org.springframework.data.repository.core.support.QueryExecutorMethodInterceptor.lookupQuery(QueryExecutorMethodInterceptor.java:120)
	at org.springframework.data.repository.core.support.QueryExecutorMethodInterceptor.mapMethodsToQuery(QueryExecutorMethodInterceptor.java:104)
	at org.springframework.data.repository.core.support.QueryExecutorMethodInterceptor.lambda$new$0(QueryExecutorMethodInterceptor.java:92)
	at java.base/java.util.Optional.map(Optional.java:260)
	at org.springframework.data.repository.core.support.QueryExecutorMethodInterceptor.<init>(QueryExecutorMethodInterceptor.java:92)
	at org.springframework.data.repository.core.support.RepositoryFactorySupport.getRepository(RepositoryFactorySupport.java:440)
	at org.springframework.data.repository.core.support.RepositoryFactoryBeanSupport.lambda$afterPropertiesSet$4(RepositoryFactoryBeanSupport.java:350)
	at org.springframework.data.util.Lazy.getNullable(Lazy.java:135)
	at org.springframework.data.util.Lazy.get(Lazy.java:113)
	at org.springframework.data.repository.core.support.RepositoryFactoryBeanSupport.afterPropertiesSet(RepositoryFactoryBeanSupport.java:356)
	at org.springframework.data.jpa.repository.support.JpaRepositoryFactoryBean.afterPropertiesSet(JpaRepositoryFactoryBean.java:132)
	at org.springframework.beans.factory.support.AbstractAutowireCapableBeanFactory.invokeInitMethods(AbstractAutowireCapableBeanFactory.java:1849)
	at org.springframework.beans.factory.support.AbstractAutowireCapableBeanFactory.initializeBean(AbstractAutowireCapableBeanFactory.java:1798)
	... 31 common frames omitted
Caused by: java.lang.IllegalArgumentException: Failed to create query for method public abstract java.util.List ceu.dam.ad.tema3.ejercicios.ejercicio03.repository.PagoRepository.findByCustomerID(java.lang.Integer); No property 'customerID' found for type 'Pago'
	at org.springframework.data.jpa.repository.query.PartTreeJpaQuery.<init>(PartTreeJpaQuery.java:107)
	at org.springframework.data.jpa.repository.query.JpaQueryLookupStrategy$CreateQueryLookupStrategy.resolveQuery(JpaQueryLookupStrategy.java:128)
	at org.springframework.data.jpa.repository.query.JpaQueryLookupStrategy$CreateIfNotFoundQueryLookupStrategy.resolveQuery(JpaQueryLookupStrategy.java:262)
	at org.springframework.data.jpa.repository.query.JpaQueryLookupStrategy$AbstractQueryLookupStrategy.resolveQuery(JpaQueryLookupStrategy.java:99)
	at org.springframework.data.repository.core.support.QueryExecutorMethodInterceptor.lookupQuery(QueryExecutorMethodInterceptor.java:116)
	... 43 common frames omitted
Caused by: org.springframework.data.mapping.PropertyReferenceException: No property 'customerID' found for type 'Pago'
	at org.springframework.data.mapping.PropertyPath.<init>(PropertyPath.java:94)
	at org.springframework.data.mapping.PropertyPath.create(PropertyPath.java:455)
	at org.springframework.data.mapping.PropertyPath.create(PropertyPath.java:431)
	at org.springframework.data.mapping.PropertyPath.lambda$from$0(PropertyPath.java:384)
	at java.base/java.util.concurrent.ConcurrentMap.computeIfAbsent(ConcurrentMap.java:330)
	at org.springframework.data.mapping.PropertyPath.from(PropertyPath.java:366)
	at org.springframework.data.mapping.PropertyPath.from(PropertyPath.java:344)
	at org.springframework.data.repository.query.parser.Part.<init>(Part.java:81)
	at org.springframework.data.repository.query.parser.PartTree$OrPart.lambda$new$0(PartTree.java:259)
	at java.base/java.util.stream.ReferencePipeline$3$1.accept(ReferencePipeline.java:197)
	at java.base/java.util.stream.ReferencePipeline$2$1.accept(ReferencePipeline.java:179)
	at java.base/java.util.Spliterators$ArraySpliterator.forEachRemaining(Spliterators.java:1024)
	at java.base/java.util.stream.AbstractPipeline.copyInto(AbstractPipeline.java:509)
	at java.base/java.util.stream.AbstractPipeline.wrapAndCopyInto(AbstractPipeline.java:499)
	at java.base/java.util.stream.ReduceOps$ReduceOp.evaluateSequential(ReduceOps.java:921)
	at java.base/java.util.stream.AbstractPipeline.evaluate(AbstractPipeline.java:234)
	at java.base/java.util.stream.ReferencePipeline.collect(ReferencePipeline.java:682)
	at org.springframework.data.repository.query.parser.PartTree$OrPart.<init>(PartTree.java:260)
	at org.springframework.data.repository.query.parser.PartTree$Predicate.lambda$new$0(PartTree.java:389)
	at java.base/java.util.stream.ReferencePipeline$3$1.accept(ReferencePipeline.java:197)
	at java.base/java.util.stream.ReferencePipeline$2$1.accept(ReferencePipeline.java:179)
	at java.base/java.util.Spliterators$ArraySpliterator.forEachRemaining(Spliterators.java:1024)
	at java.base/java.util.stream.AbstractPipeline.copyInto(AbstractPipeline.java:509)
	at java.base/java.util.stream.AbstractPipeline.wrapAndCopyInto(AbstractPipeline.java:499)
	at java.base/java.util.stream.ReduceOps$ReduceOp.evaluateSequential(ReduceOps.java:921)
	at java.base/java.util.stream.AbstractPipeline.evaluate(AbstractPipeline.java:234)
	at java.base/java.util.stream.ReferencePipeline.collect(ReferencePipeline.java:682)
	at org.springframework.data.repository.query.parser.PartTree$Predicate.<init>(PartTree.java:390)
	at org.springframework.data.repository.query.parser.PartTree.<init>(PartTree.java:103)
	at org.springframework.data.jpa.repository.query.PartTreeJpaQuery.<init>(PartTreeJpaQuery.java:101)
	... 47 common frames omitted
2025-10-22 20:14:07 INFO  [main] ceu.dam.ad.tema3.ejercicios.App - Starting App using Java 21.0.8 with PID 10720 (C:\Users\rromero2106\Desktop\Github\Acceso-a-Datos\misproyecto\ejercicios-tema-02-basicos\target\classes started by rromero2106 in C:\Users\rromero2106\Desktop\Github\Acceso-a-Datos\misproyecto\ejercicios-tema-02-basicos)
2025-10-22 20:14:07 DEBUG [main] ceu.dam.ad.tema3.ejercicios.App - Running with Spring Boot v3.4.0, Spring v6.2.0
2025-10-22 20:14:07 INFO  [main] ceu.dam.ad.tema3.ejercicios.App - No active profile set, falling back to 1 default profile: "default"
2025-10-22 20:14:09 INFO  [main] ceu.dam.ad.tema3.ejercicios.App - Started App in 2.03 seconds (process running for 2.677)
2025-10-22 20:14:29 INFO  [main] ceu.dam.ad.tema3.ejercicios.App - Starting App using Java 21.0.8 with PID 1800 (C:\Users\rromero2106\Desktop\Github\Acceso-a-Datos\misproyecto\ejercicios-tema-02-basicos\target\classes started by rromero2106 in C:\Users\rromero2106\Desktop\Github\Acceso-a-Datos\misproyecto\ejercicios-tema-02-basicos)
2025-10-22 20:14:29 DEBUG [main] ceu.dam.ad.tema3.ejercicios.App - Running with Spring Boot v3.4.0, Spring v6.2.0
2025-10-22 20:14:29 INFO  [main] ceu.dam.ad.tema3.ejercicios.App - No active profile set, falling back to 1 default profile: "default"
2025-10-22 20:14:31 INFO  [main] ceu.dam.ad.tema3.ejercicios.App - Started App in 2.012 seconds (process running for 2.662)
