2025-11-17 18:37:40 INFO  [main] ceu.dam.ad.users.App - Starting App using Java 21.0.8 with PID 23584 (C:\Users\rromero2106\Desktop\Github\PSP\user-api-server-solucion\target\classes started by rromero2106 in C:\Users\rromero2106\Desktop\Github\PSP\user-api-server-solucion)
2025-11-17 18:37:40 DEBUG [main] ceu.dam.ad.users.App - Running with Spring Boot v3.5.7, Spring v6.2.12
2025-11-17 18:37:40 INFO  [main] ceu.dam.ad.users.App - No active profile set, falling back to 1 default profile: "default"
2025-11-17 18:37:43 WARN  [main] o.s.b.a.o.j.JpaBaseConfiguration$JpaWebConfiguration - spring.jpa.open-in-view is enabled by default. Therefore, database queries may be performed during view rendering. Explicitly configure spring.jpa.open-in-view to disable this warning
2025-11-17 18:37:43 INFO  [main] ceu.dam.ad.users.App - Started App in 3.252 seconds (process running for 4.151)
2025-11-17 18:38:29 DEBUG [http-nio-8080-exec-2] c.d.ad.users.service.UserServiceImpl - Creando nuevo usuario: User(id=null, username=juan1244, email=juan.perez1@example.com, password=MiClaveSegura1234, createdDate=null, lastLoginDate=null)
2025-11-17 18:38:30 WARN  [http-nio-8080-exec-2] o.m.jdbc.message.server.ErrorPacket - Error: 1146-42S02: Table 'pedidos.usuarios' doesn't exist
2025-11-17 18:38:30 WARN  [http-nio-8080-exec-2] o.h.e.jdbc.spi.SqlExceptionHelper - SQL Error: 1146, SQLState: 42S02
2025-11-17 18:38:30 ERROR [http-nio-8080-exec-2] o.h.e.jdbc.spi.SqlExceptionHelper - (conn=4) Table 'pedidos.usuarios' doesn't exist
2025-11-17 18:38:30 ERROR [http-nio-8080-exec-2] c.d.ad.users.service.UserServiceImpl - Error creando usuario 
org.springframework.dao.InvalidDataAccessResourceUsageException: JDBC exception executing SQL [select u1_0.id,u1_0.fecha_alta,u1_0.email,u1_0.fecha_ult_login,u1_0.password,u1_0.username from usuarios u1_0 where u1_0.email=?] [(conn=4) Table 'pedidos.usuarios' doesn't exist] [n/a]; SQL [n/a]
	at org.springframework.orm.jpa.vendor.HibernateJpaDialect.convertHibernateAccessException(HibernateJpaDialect.java:281)
	at org.springframework.orm.jpa.vendor.HibernateJpaDialect.convertHibernateAccessException(HibernateJpaDialect.java:256)
	at org.springframework.orm.jpa.vendor.HibernateJpaDialect.translateExceptionIfPossible(HibernateJpaDialect.java:241)
	at org.springframework.orm.jpa.AbstractEntityManagerFactoryBean.translateExceptionIfPossible(AbstractEntityManagerFactoryBean.java:560)
	at org.springframework.dao.support.ChainedPersistenceExceptionTranslator.translateExceptionIfPossible(ChainedPersistenceExceptionTranslator.java:61)
	at org.springframework.dao.support.DataAccessUtils.translateIfNecessary(DataAccessUtils.java:343)
	at org.springframework.dao.support.PersistenceExceptionTranslationInterceptor.invoke(PersistenceExceptionTranslationInterceptor.java:160)
	at org.springframework.aop.framework.ReflectiveMethodInvocation.proceed(ReflectiveMethodInvocation.java:184)
	at org.springframework.data.jpa.repository.support.CrudMethodMetadataPostProcessor$CrudMethodMetadataPopulatingMethodInterceptor.invoke(CrudMethodMetadataPostProcessor.java:136)
	at org.springframework.aop.framework.ReflectiveMethodInvocation.proceed(ReflectiveMethodInvocation.java:184)
	at org.springframework.aop.framework.JdkDynamicAopProxy.invoke(JdkDynamicAopProxy.java:223)
	at jdk.proxy2/jdk.proxy2.$Proxy120.findOneByEmail(Unknown Source)
	at ceu.dam.ad.users.service.UserServiceImpl.createUser(UserServiceImpl.java:33)
	at ceu.dam.ad.users.controller.UserController.createUser(UserController.java:38)
	at java.base/jdk.internal.reflect.DirectMethodHandleAccessor.invoke(DirectMethodHandleAccessor.java:103)
	at java.base/java.lang.reflect.Method.invoke(Method.java:580)
	at org.springframework.web.method.support.InvocableHandlerMethod.doInvoke(InvocableHandlerMethod.java:258)
	at org.springframework.web.method.support.InvocableHandlerMethod.invokeForRequest(InvocableHandlerMethod.java:191)
	at org.springframework.web.servlet.mvc.method.annotation.ServletInvocableHandlerMethod.invokeAndHandle(ServletInvocableHandlerMethod.java:118)
	at org.springframework.web.servlet.mvc.method.annotation.RequestMappingHandlerAdapter.invokeHandlerMethod(RequestMappingHandlerAdapter.java:991)
	at org.springframework.web.servlet.mvc.method.annotation.RequestMappingHandlerAdapter.handleInternal(RequestMappingHandlerAdapter.java:896)
	at org.springframework.web.servlet.mvc.method.AbstractHandlerMethodAdapter.handle(AbstractHandlerMethodAdapter.java:87)
	at org.springframework.web.servlet.DispatcherServlet.doDispatch(DispatcherServlet.java:1089)
	at org.springframework.web.servlet.DispatcherServlet.doService(DispatcherServlet.java:979)
	at org.springframework.web.servlet.FrameworkServlet.processRequest(FrameworkServlet.java:1014)
	at org.springframework.web.servlet.FrameworkServlet.doPost(FrameworkServlet.java:914)
	at jakarta.servlet.http.HttpServlet.service(HttpServlet.java:590)
	at org.springframework.web.servlet.FrameworkServlet.service(FrameworkServlet.java:885)
	at jakarta.servlet.http.HttpServlet.service(HttpServlet.java:658)
	at org.apache.catalina.core.ApplicationFilterChain.internalDoFilter(ApplicationFilterChain.java:193)
	at org.apache.catalina.core.ApplicationFilterChain.doFilter(ApplicationFilterChain.java:138)
	at org.apache.tomcat.websocket.server.WsFilter.doFilter(WsFilter.java:51)
	at org.apache.catalina.core.ApplicationFilterChain.internalDoFilter(ApplicationFilterChain.java:162)
	at org.apache.catalina.core.ApplicationFilterChain.doFilter(ApplicationFilterChain.java:138)
	at org.springframework.web.filter.RequestContextFilter.doFilterInternal(RequestContextFilter.java:100)
	at org.springframework.web.filter.OncePerRequestFilter.doFilter(OncePerRequestFilter.java:116)
	at org.apache.catalina.core.ApplicationFilterChain.internalDoFilter(ApplicationFilterChain.java:162)
	at org.apache.catalina.core.ApplicationFilterChain.doFilter(ApplicationFilterChain.java:138)
	at org.springframework.web.filter.FormContentFilter.doFilterInternal(FormContentFilter.java:93)
	at org.springframework.web.filter.OncePerRequestFilter.doFilter(OncePerRequestFilter.java:116)
	at org.apache.catalina.core.ApplicationFilterChain.internalDoFilter(ApplicationFilterChain.java:162)
	at org.apache.catalina.core.ApplicationFilterChain.doFilter(ApplicationFilterChain.java:138)
	at org.springframework.web.filter.CharacterEncodingFilter.doFilterInternal(CharacterEncodingFilter.java:201)
	at org.springframework.web.filter.OncePerRequestFilter.doFilter(OncePerRequestFilter.java:116)
	at org.apache.catalina.core.ApplicationFilterChain.internalDoFilter(ApplicationFilterChain.java:162)
	at org.apache.catalina.core.ApplicationFilterChain.doFilter(ApplicationFilterChain.java:138)
	at org.apache.catalina.core.StandardWrapperValve.invoke(StandardWrapperValve.java:165)
	at org.apache.catalina.core.StandardContextValve.invoke(StandardContextValve.java:88)
	at org.apache.catalina.authenticator.AuthenticatorBase.invoke(AuthenticatorBase.java:482)
	at org.apache.catalina.core.StandardHostValve.invoke(StandardHostValve.java:113)
	at org.apache.catalina.valves.ErrorReportValve.invoke(ErrorReportValve.java:83)
	at org.apache.catalina.core.StandardEngineValve.invoke(StandardEngineValve.java:72)
	at org.apache.catalina.connector.CoyoteAdapter.service(CoyoteAdapter.java:342)
	at org.apache.coyote.http11.Http11Processor.service(Http11Processor.java:399)
	at org.apache.coyote.AbstractProcessorLight.process(AbstractProcessorLight.java:63)
	at org.apache.coyote.AbstractProtocol$ConnectionHandler.process(AbstractProtocol.java:903)
	at org.apache.tomcat.util.net.NioEndpoint$SocketProcessor.doRun(NioEndpoint.java:1774)
	at org.apache.tomcat.util.net.SocketProcessorBase.run(SocketProcessorBase.java:52)
	at org.apache.tomcat.util.threads.ThreadPoolExecutor.runWorker(ThreadPoolExecutor.java:973)
	at org.apache.tomcat.util.threads.ThreadPoolExecutor$Worker.run(ThreadPoolExecutor.java:491)
	at org.apache.tomcat.util.threads.TaskThread$WrappingRunnable.run(TaskThread.java:63)
	at java.base/java.lang.Thread.run(Thread.java:1583)
Caused by: org.hibernate.exception.SQLGrammarException: JDBC exception executing SQL [select u1_0.id,u1_0.fecha_alta,u1_0.email,u1_0.fecha_ult_login,u1_0.password,u1_0.username from usuarios u1_0 where u1_0.email=?] [(conn=4) Table 'pedidos.usuarios' doesn't exist] [n/a]
	at org.hibernate.exception.internal.SQLExceptionTypeDelegate.convert(SQLExceptionTypeDelegate.java:66)
	at org.hibernate.exception.internal.StandardSQLExceptionConverter.convert(StandardSQLExceptionConverter.java:58)
	at org.hibernate.engine.jdbc.spi.SqlExceptionHelper.convert(SqlExceptionHelper.java:108)
	at org.hibernate.engine.jdbc.spi.SqlExceptionHelper.convert(SqlExceptionHelper.java:94)
	at org.hibernate.sql.results.jdbc.internal.DeferredResultSetAccess.executeQuery(DeferredResultSetAccess.java:269)
	at org.hibernate.sql.results.jdbc.internal.DeferredResultSetAccess.getResultSet(DeferredResultSetAccess.java:172)
	at org.hibernate.sql.results.jdbc.internal.JdbcValuesResultSetImpl.<init>(JdbcValuesResultSetImpl.java:74)
	at org.hibernate.sql.exec.internal.JdbcSelectExecutorStandardImpl.resolveJdbcValuesSource(JdbcSelectExecutorStandardImpl.java:355)
	at org.hibernate.sql.exec.internal.JdbcSelectExecutorStandardImpl.doExecuteQuery(JdbcSelectExecutorStandardImpl.java:137)
	at org.hibernate.sql.exec.internal.JdbcSelectExecutorStandardImpl.executeQuery(JdbcSelectExecutorStandardImpl.java:102)
	at org.hibernate.sql.exec.spi.JdbcSelectExecutor.executeQuery(JdbcSelectExecutor.java:91)
	at org.hibernate.sql.exec.spi.JdbcSelectExecutor.list(JdbcSelectExecutor.java:165)
	at org.hibernate.query.sqm.internal.ConcreteSqmSelectQueryPlan.lambda$new$1(ConcreteSqmSelectQueryPlan.java:149)
	at org.hibernate.query.sqm.internal.ConcreteSqmSelectQueryPlan.withCacheableSqmInterpretation(ConcreteSqmSelectQueryPlan.java:439)
	at org.hibernate.query.sqm.internal.ConcreteSqmSelectQueryPlan.performList(ConcreteSqmSelectQueryPlan.java:359)
	at org.hibernate.query.sqm.internal.QuerySqmImpl.doList(QuerySqmImpl.java:380)
	at org.hibernate.query.spi.AbstractSelectionQuery.list(AbstractSelectionQuery.java:143)
	at org.hibernate.query.spi.AbstractSelectionQuery.getSingleResult(AbstractSelectionQuery.java:275)
	at org.springframework.data.jpa.repository.query.JpaQueryExecution$SingleEntityExecution.doExecute(JpaQueryExecution.java:226)
	at org.springframework.data.jpa.repository.query.JpaQueryExecution.execute(JpaQueryExecution.java:95)
	at org.springframework.data.jpa.repository.query.AbstractJpaQuery.doExecute(AbstractJpaQuery.java:160)
	at org.springframework.data.jpa.repository.query.AbstractJpaQuery.execute(AbstractJpaQuery.java:148)
	at org.springframework.data.repository.core.support.RepositoryMethodInvoker.doInvoke(RepositoryMethodInvoker.java:170)
	at org.springframework.data.repository.core.support.RepositoryMethodInvoker.invoke(RepositoryMethodInvoker.java:158)
	at org.springframework.data.repository.core.support.QueryExecutorMethodInterceptor.doInvoke(QueryExecutorMethodInterceptor.java:170)
	at org.springframework.data.repository.core.support.QueryExecutorMethodInterceptor.invoke(QueryExecutorMethodInterceptor.java:149)
	at org.springframework.aop.framework.ReflectiveMethodInvocation.proceed(ReflectiveMethodInvocation.java:184)
	at org.springframework.data.projection.DefaultMethodInvokingMethodInterceptor.invoke(DefaultMethodInvokingMethodInterceptor.java:69)
	at org.springframework.aop.framework.ReflectiveMethodInvocation.proceed(ReflectiveMethodInvocation.java:184)
	at org.springframework.transaction.interceptor.TransactionAspectSupport.invokeWithinTransaction(TransactionAspectSupport.java:380)
	at org.springframework.transaction.interceptor.TransactionInterceptor.invoke(TransactionInterceptor.java:119)
	at org.springframework.aop.framework.ReflectiveMethodInvocation.proceed(ReflectiveMethodInvocation.java:184)
	at org.springframework.dao.support.PersistenceExceptionTranslationInterceptor.invoke(PersistenceExceptionTranslationInterceptor.java:138)
	... 55 common frames omitted
Caused by: java.sql.SQLSyntaxErrorException: (conn=4) Table 'pedidos.usuarios' doesn't exist
	at org.mariadb.jdbc.export.ExceptionFactory.createException(ExceptionFactory.java:292)
	at org.mariadb.jdbc.export.ExceptionFactory.create(ExceptionFactory.java:386)
	at org.mariadb.jdbc.message.ClientMessage.readPacket(ClientMessage.java:187)
	at org.mariadb.jdbc.client.impl.StandardClient.readPacket(StandardClient.java:1376)
	at org.mariadb.jdbc.client.impl.StandardClient.readResults(StandardClient.java:1315)
	at org.mariadb.jdbc.client.impl.StandardClient.readResponse(StandardClient.java:1234)
	at org.mariadb.jdbc.client.impl.StandardClient.execute(StandardClient.java:1158)
	at org.mariadb.jdbc.ClientPreparedStatement.executeInternal(ClientPreparedStatement.java:91)
	at org.mariadb.jdbc.ClientPreparedStatement.executeQuery(ClientPreparedStatement.java:290)
	at com.zaxxer.hikari.pool.ProxyPreparedStatement.executeQuery(ProxyPreparedStatement.java:52)
	at com.zaxxer.hikari.pool.HikariProxyPreparedStatement.executeQuery(HikariProxyPreparedStatement.java)
	at org.hibernate.sql.results.jdbc.internal.DeferredResultSetAccess.executeQuery(DeferredResultSetAccess.java:251)
	... 83 common frames omitted
2025-11-17 18:38:30 ERROR [http-nio-8080-exec-2] o.a.c.c.C.[.[.[.[dispatcherServlet] - Servlet.service() for servlet [dispatcherServlet] in context with path [] threw exception [Request processing failed: ceu.dam.ad.users.exception.UserException: Error registrando usuario] with root cause
java.sql.SQLSyntaxErrorException: (conn=4) Table 'pedidos.usuarios' doesn't exist
	at org.mariadb.jdbc.export.ExceptionFactory.createException(ExceptionFactory.java:292)
	at org.mariadb.jdbc.export.ExceptionFactory.create(ExceptionFactory.java:386)
	at org.mariadb.jdbc.message.ClientMessage.readPacket(ClientMessage.java:187)
	at org.mariadb.jdbc.client.impl.StandardClient.readPacket(StandardClient.java:1376)
	at org.mariadb.jdbc.client.impl.StandardClient.readResults(StandardClient.java:1315)
	at org.mariadb.jdbc.client.impl.StandardClient.readResponse(StandardClient.java:1234)
	at org.mariadb.jdbc.client.impl.StandardClient.execute(StandardClient.java:1158)
	at org.mariadb.jdbc.ClientPreparedStatement.executeInternal(ClientPreparedStatement.java:91)
	at org.mariadb.jdbc.ClientPreparedStatement.executeQuery(ClientPreparedStatement.java:290)
	at com.zaxxer.hikari.pool.ProxyPreparedStatement.executeQuery(ProxyPreparedStatement.java:52)
	at com.zaxxer.hikari.pool.HikariProxyPreparedStatement.executeQuery(HikariProxyPreparedStatement.java)
	at org.hibernate.sql.results.jdbc.internal.DeferredResultSetAccess.executeQuery(DeferredResultSetAccess.java:251)
	at org.hibernate.sql.results.jdbc.internal.DeferredResultSetAccess.getResultSet(DeferredResultSetAccess.java:172)
	at org.hibernate.sql.results.jdbc.internal.JdbcValuesResultSetImpl.<init>(JdbcValuesResultSetImpl.java:74)
	at org.hibernate.sql.exec.internal.JdbcSelectExecutorStandardImpl.resolveJdbcValuesSource(JdbcSelectExecutorStandardImpl.java:355)
	at org.hibernate.sql.exec.internal.JdbcSelectExecutorStandardImpl.doExecuteQuery(JdbcSelectExecutorStandardImpl.java:137)
	at org.hibernate.sql.exec.internal.JdbcSelectExecutorStandardImpl.executeQuery(JdbcSelectExecutorStandardImpl.java:102)
	at org.hibernate.sql.exec.spi.JdbcSelectExecutor.executeQuery(JdbcSelectExecutor.java:91)
	at org.hibernate.sql.exec.spi.JdbcSelectExecutor.list(JdbcSelectExecutor.java:165)
	at org.hibernate.query.sqm.internal.ConcreteSqmSelectQueryPlan.lambda$new$1(ConcreteSqmSelectQueryPlan.java:149)
	at org.hibernate.query.sqm.internal.ConcreteSqmSelectQueryPlan.withCacheableSqmInterpretation(ConcreteSqmSelectQueryPlan.java:439)
	at org.hibernate.query.sqm.internal.ConcreteSqmSelectQueryPlan.performList(ConcreteSqmSelectQueryPlan.java:359)
	at org.hibernate.query.sqm.internal.QuerySqmImpl.doList(QuerySqmImpl.java:380)
	at org.hibernate.query.spi.AbstractSelectionQuery.list(AbstractSelectionQuery.java:143)
	at org.hibernate.query.spi.AbstractSelectionQuery.getSingleResult(AbstractSelectionQuery.java:275)
	at org.springframework.data.jpa.repository.query.JpaQueryExecution$SingleEntityExecution.doExecute(JpaQueryExecution.java:226)
	at org.springframework.data.jpa.repository.query.JpaQueryExecution.execute(JpaQueryExecution.java:95)
	at org.springframework.data.jpa.repository.query.AbstractJpaQuery.doExecute(AbstractJpaQuery.java:160)
	at org.springframework.data.jpa.repository.query.AbstractJpaQuery.execute(AbstractJpaQuery.java:148)
	at org.springframework.data.repository.core.support.RepositoryMethodInvoker.doInvoke(RepositoryMethodInvoker.java:170)
	at org.springframework.data.repository.core.support.RepositoryMethodInvoker.invoke(RepositoryMethodInvoker.java:158)
	at org.springframework.data.repository.core.support.QueryExecutorMethodInterceptor.doInvoke(QueryExecutorMethodInterceptor.java:170)
	at org.springframework.data.repository.core.support.QueryExecutorMethodInterceptor.invoke(QueryExecutorMethodInterceptor.java:149)
	at org.springframework.aop.framework.ReflectiveMethodInvocation.proceed(ReflectiveMethodInvocation.java:184)
	at org.springframework.data.projection.DefaultMethodInvokingMethodInterceptor.invoke(DefaultMethodInvokingMethodInterceptor.java:69)
	at org.springframework.aop.framework.ReflectiveMethodInvocation.proceed(ReflectiveMethodInvocation.java:184)
	at org.springframework.transaction.interceptor.TransactionAspectSupport.invokeWithinTransaction(TransactionAspectSupport.java:380)
	at org.springframework.transaction.interceptor.TransactionInterceptor.invoke(TransactionInterceptor.java:119)
	at org.springframework.aop.framework.ReflectiveMethodInvocation.proceed(ReflectiveMethodInvocation.java:184)
	at org.springframework.dao.support.PersistenceExceptionTranslationInterceptor.invoke(PersistenceExceptionTranslationInterceptor.java:138)
	at org.springframework.aop.framework.ReflectiveMethodInvocation.proceed(ReflectiveMethodInvocation.java:184)
	at org.springframework.data.jpa.repository.support.CrudMethodMetadataPostProcessor$CrudMethodMetadataPopulatingMethodInterceptor.invoke(CrudMethodMetadataPostProcessor.java:136)
	at org.springframework.aop.framework.ReflectiveMethodInvocation.proceed(ReflectiveMethodInvocation.java:184)
	at org.springframework.aop.framework.JdkDynamicAopProxy.invoke(JdkDynamicAopProxy.java:223)
	at jdk.proxy2/jdk.proxy2.$Proxy120.findOneByEmail(Unknown Source)
	at ceu.dam.ad.users.service.UserServiceImpl.createUser(UserServiceImpl.java:33)
	at ceu.dam.ad.users.controller.UserController.createUser(UserController.java:38)
	at java.base/jdk.internal.reflect.DirectMethodHandleAccessor.invoke(DirectMethodHandleAccessor.java:103)
	at java.base/java.lang.reflect.Method.invoke(Method.java:580)
	at org.springframework.web.method.support.InvocableHandlerMethod.doInvoke(InvocableHandlerMethod.java:258)
	at org.springframework.web.method.support.InvocableHandlerMethod.invokeForRequest(InvocableHandlerMethod.java:191)
	at org.springframework.web.servlet.mvc.method.annotation.ServletInvocableHandlerMethod.invokeAndHandle(ServletInvocableHandlerMethod.java:118)
	at org.springframework.web.servlet.mvc.method.annotation.RequestMappingHandlerAdapter.invokeHandlerMethod(RequestMappingHandlerAdapter.java:991)
	at org.springframework.web.servlet.mvc.method.annotation.RequestMappingHandlerAdapter.handleInternal(RequestMappingHandlerAdapter.java:896)
	at org.springframework.web.servlet.mvc.method.AbstractHandlerMethodAdapter.handle(AbstractHandlerMethodAdapter.java:87)
	at org.springframework.web.servlet.DispatcherServlet.doDispatch(DispatcherServlet.java:1089)
	at org.springframework.web.servlet.DispatcherServlet.doService(DispatcherServlet.java:979)
	at org.springframework.web.servlet.FrameworkServlet.processRequest(FrameworkServlet.java:1014)
	at org.springframework.web.servlet.FrameworkServlet.doPost(FrameworkServlet.java:914)
	at jakarta.servlet.http.HttpServlet.service(HttpServlet.java:590)
	at org.springframework.web.servlet.FrameworkServlet.service(FrameworkServlet.java:885)
	at jakarta.servlet.http.HttpServlet.service(HttpServlet.java:658)
	at org.apache.catalina.core.ApplicationFilterChain.internalDoFilter(ApplicationFilterChain.java:193)
	at org.apache.catalina.core.ApplicationFilterChain.doFilter(ApplicationFilterChain.java:138)
	at org.apache.tomcat.websocket.server.WsFilter.doFilter(WsFilter.java:51)
	at org.apache.catalina.core.ApplicationFilterChain.internalDoFilter(ApplicationFilterChain.java:162)
	at org.apache.catalina.core.ApplicationFilterChain.doFilter(ApplicationFilterChain.java:138)
	at org.springframework.web.filter.RequestContextFilter.doFilterInternal(RequestContextFilter.java:100)
	at org.springframework.web.filter.OncePerRequestFilter.doFilter(OncePerRequestFilter.java:116)
	at org.apache.catalina.core.ApplicationFilterChain.internalDoFilter(ApplicationFilterChain.java:162)
	at org.apache.catalina.core.ApplicationFilterChain.doFilter(ApplicationFilterChain.java:138)
	at org.springframework.web.filter.FormContentFilter.doFilterInternal(FormContentFilter.java:93)
	at org.springframework.web.filter.OncePerRequestFilter.doFilter(OncePerRequestFilter.java:116)
	at org.apache.catalina.core.ApplicationFilterChain.internalDoFilter(ApplicationFilterChain.java:162)
	at org.apache.catalina.core.ApplicationFilterChain.doFilter(ApplicationFilterChain.java:138)
	at org.springframework.web.filter.CharacterEncodingFilter.doFilterInternal(CharacterEncodingFilter.java:201)
	at org.springframework.web.filter.OncePerRequestFilter.doFilter(OncePerRequestFilter.java:116)
	at org.apache.catalina.core.ApplicationFilterChain.internalDoFilter(ApplicationFilterChain.java:162)
	at org.apache.catalina.core.ApplicationFilterChain.doFilter(ApplicationFilterChain.java:138)
	at org.apache.catalina.core.StandardWrapperValve.invoke(StandardWrapperValve.java:165)
	at org.apache.catalina.core.StandardContextValve.invoke(StandardContextValve.java:88)
	at org.apache.catalina.authenticator.AuthenticatorBase.invoke(AuthenticatorBase.java:482)
	at org.apache.catalina.core.StandardHostValve.invoke(StandardHostValve.java:113)
	at org.apache.catalina.valves.ErrorReportValve.invoke(ErrorReportValve.java:83)
	at org.apache.catalina.core.StandardEngineValve.invoke(StandardEngineValve.java:72)
	at org.apache.catalina.connector.CoyoteAdapter.service(CoyoteAdapter.java:342)
	at org.apache.coyote.http11.Http11Processor.service(Http11Processor.java:399)
	at org.apache.coyote.AbstractProcessorLight.process(AbstractProcessorLight.java:63)
	at org.apache.coyote.AbstractProtocol$ConnectionHandler.process(AbstractProtocol.java:903)
	at org.apache.tomcat.util.net.NioEndpoint$SocketProcessor.doRun(NioEndpoint.java:1774)
	at org.apache.tomcat.util.net.SocketProcessorBase.run(SocketProcessorBase.java:52)
	at org.apache.tomcat.util.threads.ThreadPoolExecutor.runWorker(ThreadPoolExecutor.java:973)
	at org.apache.tomcat.util.threads.ThreadPoolExecutor$Worker.run(ThreadPoolExecutor.java:491)
	at org.apache.tomcat.util.threads.TaskThread$WrappingRunnable.run(TaskThread.java:63)
	at java.base/java.lang.Thread.run(Thread.java:1583)
2025-11-17 18:38:36 DEBUG [http-nio-8080-exec-4] c.d.ad.users.service.UserServiceImpl - Creando nuevo usuario: User(id=null, username=juan1244, email=juan.perez1@example.com, password=MiClaveSegura1234, createdDate=null, lastLoginDate=null)
2025-11-17 18:38:36 WARN  [http-nio-8080-exec-4] o.m.jdbc.message.server.ErrorPacket - Error: 1146-42S02: Table 'pedidos.usuarios' doesn't exist
2025-11-17 18:38:36 WARN  [http-nio-8080-exec-4] o.h.e.jdbc.spi.SqlExceptionHelper - SQL Error: 1146, SQLState: 42S02
2025-11-17 18:38:36 ERROR [http-nio-8080-exec-4] o.h.e.jdbc.spi.SqlExceptionHelper - (conn=4) Table 'pedidos.usuarios' doesn't exist
2025-11-17 18:38:36 ERROR [http-nio-8080-exec-4] c.d.ad.users.service.UserServiceImpl - Error creando usuario 
org.springframework.dao.InvalidDataAccessResourceUsageException: JDBC exception executing SQL [select u1_0.id,u1_0.fecha_alta,u1_0.email,u1_0.fecha_ult_login,u1_0.password,u1_0.username from usuarios u1_0 where u1_0.email=?] [(conn=4) Table 'pedidos.usuarios' doesn't exist] [n/a]; SQL [n/a]
	at org.springframework.orm.jpa.vendor.HibernateJpaDialect.convertHibernateAccessException(HibernateJpaDialect.java:281)
	at org.springframework.orm.jpa.vendor.HibernateJpaDialect.convertHibernateAccessException(HibernateJpaDialect.java:256)
	at org.springframework.orm.jpa.vendor.HibernateJpaDialect.translateExceptionIfPossible(HibernateJpaDialect.java:241)
	at org.springframework.orm.jpa.AbstractEntityManagerFactoryBean.translateExceptionIfPossible(AbstractEntityManagerFactoryBean.java:560)
	at org.springframework.dao.support.ChainedPersistenceExceptionTranslator.translateExceptionIfPossible(ChainedPersistenceExceptionTranslator.java:61)
	at org.springframework.dao.support.DataAccessUtils.translateIfNecessary(DataAccessUtils.java:343)
	at org.springframework.dao.support.PersistenceExceptionTranslationInterceptor.invoke(PersistenceExceptionTranslationInterceptor.java:160)
	at org.springframework.aop.framework.ReflectiveMethodInvocation.proceed(ReflectiveMethodInvocation.java:184)
	at org.springframework.data.jpa.repository.support.CrudMethodMetadataPostProcessor$CrudMethodMetadataPopulatingMethodInterceptor.invoke(CrudMethodMetadataPostProcessor.java:136)
	at org.springframework.aop.framework.ReflectiveMethodInvocation.proceed(ReflectiveMethodInvocation.java:184)
	at org.springframework.aop.framework.JdkDynamicAopProxy.invoke(JdkDynamicAopProxy.java:223)
	at jdk.proxy2/jdk.proxy2.$Proxy120.findOneByEmail(Unknown Source)
	at ceu.dam.ad.users.service.UserServiceImpl.createUser(UserServiceImpl.java:33)
	at ceu.dam.ad.users.controller.UserController.createUser(UserController.java:38)
	at java.base/jdk.internal.reflect.DirectMethodHandleAccessor.invoke(DirectMethodHandleAccessor.java:103)
	at java.base/java.lang.reflect.Method.invoke(Method.java:580)
	at org.springframework.web.method.support.InvocableHandlerMethod.doInvoke(InvocableHandlerMethod.java:258)
	at org.springframework.web.method.support.InvocableHandlerMethod.invokeForRequest(InvocableHandlerMethod.java:191)
	at org.springframework.web.servlet.mvc.method.annotation.ServletInvocableHandlerMethod.invokeAndHandle(ServletInvocableHandlerMethod.java:118)
	at org.springframework.web.servlet.mvc.method.annotation.RequestMappingHandlerAdapter.invokeHandlerMethod(RequestMappingHandlerAdapter.java:991)
	at org.springframework.web.servlet.mvc.method.annotation.RequestMappingHandlerAdapter.handleInternal(RequestMappingHandlerAdapter.java:896)
	at org.springframework.web.servlet.mvc.method.AbstractHandlerMethodAdapter.handle(AbstractHandlerMethodAdapter.java:87)
	at org.springframework.web.servlet.DispatcherServlet.doDispatch(DispatcherServlet.java:1089)
	at org.springframework.web.servlet.DispatcherServlet.doService(DispatcherServlet.java:979)
	at org.springframework.web.servlet.FrameworkServlet.processRequest(FrameworkServlet.java:1014)
	at org.springframework.web.servlet.FrameworkServlet.doPost(FrameworkServlet.java:914)
	at jakarta.servlet.http.HttpServlet.service(HttpServlet.java:590)
	at org.springframework.web.servlet.FrameworkServlet.service(FrameworkServlet.java:885)
	at jakarta.servlet.http.HttpServlet.service(HttpServlet.java:658)
	at org.apache.catalina.core.ApplicationFilterChain.internalDoFilter(ApplicationFilterChain.java:193)
	at org.apache.catalina.core.ApplicationFilterChain.doFilter(ApplicationFilterChain.java:138)
	at org.apache.tomcat.websocket.server.WsFilter.doFilter(WsFilter.java:51)
	at org.apache.catalina.core.ApplicationFilterChain.internalDoFilter(ApplicationFilterChain.java:162)
	at org.apache.catalina.core.ApplicationFilterChain.doFilter(ApplicationFilterChain.java:138)
	at org.springframework.web.filter.RequestContextFilter.doFilterInternal(RequestContextFilter.java:100)
	at org.springframework.web.filter.OncePerRequestFilter.doFilter(OncePerRequestFilter.java:116)
	at org.apache.catalina.core.ApplicationFilterChain.internalDoFilter(ApplicationFilterChain.java:162)
	at org.apache.catalina.core.ApplicationFilterChain.doFilter(ApplicationFilterChain.java:138)
	at org.springframework.web.filter.FormContentFilter.doFilterInternal(FormContentFilter.java:93)
	at org.springframework.web.filter.OncePerRequestFilter.doFilter(OncePerRequestFilter.java:116)
	at org.apache.catalina.core.ApplicationFilterChain.internalDoFilter(ApplicationFilterChain.java:162)
	at org.apache.catalina.core.ApplicationFilterChain.doFilter(ApplicationFilterChain.java:138)
	at org.springframework.web.filter.CharacterEncodingFilter.doFilterInternal(CharacterEncodingFilter.java:201)
	at org.springframework.web.filter.OncePerRequestFilter.doFilter(OncePerRequestFilter.java:116)
	at org.apache.catalina.core.ApplicationFilterChain.internalDoFilter(ApplicationFilterChain.java:162)
	at org.apache.catalina.core.ApplicationFilterChain.doFilter(ApplicationFilterChain.java:138)
	at org.apache.catalina.core.StandardWrapperValve.invoke(StandardWrapperValve.java:165)
	at org.apache.catalina.core.StandardContextValve.invoke(StandardContextValve.java:88)
	at org.apache.catalina.authenticator.AuthenticatorBase.invoke(AuthenticatorBase.java:482)
	at org.apache.catalina.core.StandardHostValve.invoke(StandardHostValve.java:113)
	at org.apache.catalina.valves.ErrorReportValve.invoke(ErrorReportValve.java:83)
	at org.apache.catalina.core.StandardEngineValve.invoke(StandardEngineValve.java:72)
	at org.apache.catalina.connector.CoyoteAdapter.service(CoyoteAdapter.java:342)
	at org.apache.coyote.http11.Http11Processor.service(Http11Processor.java:399)
	at org.apache.coyote.AbstractProcessorLight.process(AbstractProcessorLight.java:63)
	at org.apache.coyote.AbstractProtocol$ConnectionHandler.process(AbstractProtocol.java:903)
	at org.apache.tomcat.util.net.NioEndpoint$SocketProcessor.doRun(NioEndpoint.java:1774)
	at org.apache.tomcat.util.net.SocketProcessorBase.run(SocketProcessorBase.java:52)
	at org.apache.tomcat.util.threads.ThreadPoolExecutor.runWorker(ThreadPoolExecutor.java:973)
	at org.apache.tomcat.util.threads.ThreadPoolExecutor$Worker.run(ThreadPoolExecutor.java:491)
	at org.apache.tomcat.util.threads.TaskThread$WrappingRunnable.run(TaskThread.java:63)
	at java.base/java.lang.Thread.run(Thread.java:1583)
Caused by: org.hibernate.exception.SQLGrammarException: JDBC exception executing SQL [select u1_0.id,u1_0.fecha_alta,u1_0.email,u1_0.fecha_ult_login,u1_0.password,u1_0.username from usuarios u1_0 where u1_0.email=?] [(conn=4) Table 'pedidos.usuarios' doesn't exist] [n/a]
	at org.hibernate.exception.internal.SQLExceptionTypeDelegate.convert(SQLExceptionTypeDelegate.java:66)
	at org.hibernate.exception.internal.StandardSQLExceptionConverter.convert(StandardSQLExceptionConverter.java:58)
	at org.hibernate.engine.jdbc.spi.SqlExceptionHelper.convert(SqlExceptionHelper.java:108)
	at org.hibernate.engine.jdbc.spi.SqlExceptionHelper.convert(SqlExceptionHelper.java:94)
	at org.hibernate.sql.results.jdbc.internal.DeferredResultSetAccess.executeQuery(DeferredResultSetAccess.java:269)
	at org.hibernate.sql.results.jdbc.internal.DeferredResultSetAccess.getResultSet(DeferredResultSetAccess.java:172)
	at org.hibernate.sql.results.jdbc.internal.JdbcValuesResultSetImpl.<init>(JdbcValuesResultSetImpl.java:74)
	at org.hibernate.sql.exec.internal.JdbcSelectExecutorStandardImpl.resolveJdbcValuesSource(JdbcSelectExecutorStandardImpl.java:355)
	at org.hibernate.sql.exec.internal.JdbcSelectExecutorStandardImpl.doExecuteQuery(JdbcSelectExecutorStandardImpl.java:137)
	at org.hibernate.sql.exec.internal.JdbcSelectExecutorStandardImpl.executeQuery(JdbcSelectExecutorStandardImpl.java:102)
	at org.hibernate.sql.exec.spi.JdbcSelectExecutor.executeQuery(JdbcSelectExecutor.java:91)
	at org.hibernate.sql.exec.spi.JdbcSelectExecutor.list(JdbcSelectExecutor.java:165)
	at org.hibernate.query.sqm.internal.ConcreteSqmSelectQueryPlan.lambda$new$1(ConcreteSqmSelectQueryPlan.java:149)
	at org.hibernate.query.sqm.internal.ConcreteSqmSelectQueryPlan.withCacheableSqmInterpretation(ConcreteSqmSelectQueryPlan.java:439)
	at org.hibernate.query.sqm.internal.ConcreteSqmSelectQueryPlan.performList(ConcreteSqmSelectQueryPlan.java:359)
	at org.hibernate.query.sqm.internal.QuerySqmImpl.doList(QuerySqmImpl.java:380)
	at org.hibernate.query.spi.AbstractSelectionQuery.list(AbstractSelectionQuery.java:143)
	at org.hibernate.query.spi.AbstractSelectionQuery.getSingleResult(AbstractSelectionQuery.java:275)
	at org.springframework.data.jpa.repository.query.JpaQueryExecution$SingleEntityExecution.doExecute(JpaQueryExecution.java:226)
	at org.springframework.data.jpa.repository.query.JpaQueryExecution.execute(JpaQueryExecution.java:95)
	at org.springframework.data.jpa.repository.query.AbstractJpaQuery.doExecute(AbstractJpaQuery.java:160)
	at org.springframework.data.jpa.repository.query.AbstractJpaQuery.execute(AbstractJpaQuery.java:148)
	at org.springframework.data.repository.core.support.RepositoryMethodInvoker.doInvoke(RepositoryMethodInvoker.java:170)
	at org.springframework.data.repository.core.support.RepositoryMethodInvoker.invoke(RepositoryMethodInvoker.java:158)
	at org.springframework.data.repository.core.support.QueryExecutorMethodInterceptor.doInvoke(QueryExecutorMethodInterceptor.java:170)
	at org.springframework.data.repository.core.support.QueryExecutorMethodInterceptor.invoke(QueryExecutorMethodInterceptor.java:149)
	at org.springframework.aop.framework.ReflectiveMethodInvocation.proceed(ReflectiveMethodInvocation.java:184)
	at org.springframework.data.projection.DefaultMethodInvokingMethodInterceptor.invoke(DefaultMethodInvokingMethodInterceptor.java:69)
	at org.springframework.aop.framework.ReflectiveMethodInvocation.proceed(ReflectiveMethodInvocation.java:184)
	at org.springframework.transaction.interceptor.TransactionAspectSupport.invokeWithinTransaction(TransactionAspectSupport.java:380)
	at org.springframework.transaction.interceptor.TransactionInterceptor.invoke(TransactionInterceptor.java:119)
	at org.springframework.aop.framework.ReflectiveMethodInvocation.proceed(ReflectiveMethodInvocation.java:184)
	at org.springframework.dao.support.PersistenceExceptionTranslationInterceptor.invoke(PersistenceExceptionTranslationInterceptor.java:138)
	... 55 common frames omitted
Caused by: java.sql.SQLSyntaxErrorException: (conn=4) Table 'pedidos.usuarios' doesn't exist
	at org.mariadb.jdbc.export.ExceptionFactory.createException(ExceptionFactory.java:292)
	at org.mariadb.jdbc.export.ExceptionFactory.create(ExceptionFactory.java:386)
	at org.mariadb.jdbc.message.ClientMessage.readPacket(ClientMessage.java:187)
	at org.mariadb.jdbc.client.impl.StandardClient.readPacket(StandardClient.java:1376)
	at org.mariadb.jdbc.client.impl.StandardClient.readResults(StandardClient.java:1315)
	at org.mariadb.jdbc.client.impl.StandardClient.readResponse(StandardClient.java:1234)
	at org.mariadb.jdbc.client.impl.StandardClient.execute(StandardClient.java:1158)
	at org.mariadb.jdbc.ClientPreparedStatement.executeInternal(ClientPreparedStatement.java:91)
	at org.mariadb.jdbc.ClientPreparedStatement.executeQuery(ClientPreparedStatement.java:290)
	at com.zaxxer.hikari.pool.ProxyPreparedStatement.executeQuery(ProxyPreparedStatement.java:52)
	at com.zaxxer.hikari.pool.HikariProxyPreparedStatement.executeQuery(HikariProxyPreparedStatement.java)
	at org.hibernate.sql.results.jdbc.internal.DeferredResultSetAccess.executeQuery(DeferredResultSetAccess.java:251)
	... 83 common frames omitted
2025-11-17 18:38:36 ERROR [http-nio-8080-exec-4] o.a.c.c.C.[.[.[.[dispatcherServlet] - Servlet.service() for servlet [dispatcherServlet] in context with path [] threw exception [Request processing failed: ceu.dam.ad.users.exception.UserException: Error registrando usuario] with root cause
java.sql.SQLSyntaxErrorException: (conn=4) Table 'pedidos.usuarios' doesn't exist
	at org.mariadb.jdbc.export.ExceptionFactory.createException(ExceptionFactory.java:292)
	at org.mariadb.jdbc.export.ExceptionFactory.create(ExceptionFactory.java:386)
	at org.mariadb.jdbc.message.ClientMessage.readPacket(ClientMessage.java:187)
	at org.mariadb.jdbc.client.impl.StandardClient.readPacket(StandardClient.java:1376)
	at org.mariadb.jdbc.client.impl.StandardClient.readResults(StandardClient.java:1315)
	at org.mariadb.jdbc.client.impl.StandardClient.readResponse(StandardClient.java:1234)
	at org.mariadb.jdbc.client.impl.StandardClient.execute(StandardClient.java:1158)
	at org.mariadb.jdbc.ClientPreparedStatement.executeInternal(ClientPreparedStatement.java:91)
	at org.mariadb.jdbc.ClientPreparedStatement.executeQuery(ClientPreparedStatement.java:290)
	at com.zaxxer.hikari.pool.ProxyPreparedStatement.executeQuery(ProxyPreparedStatement.java:52)
	at com.zaxxer.hikari.pool.HikariProxyPreparedStatement.executeQuery(HikariProxyPreparedStatement.java)
	at org.hibernate.sql.results.jdbc.internal.DeferredResultSetAccess.executeQuery(DeferredResultSetAccess.java:251)
	at org.hibernate.sql.results.jdbc.internal.DeferredResultSetAccess.getResultSet(DeferredResultSetAccess.java:172)
	at org.hibernate.sql.results.jdbc.internal.JdbcValuesResultSetImpl.<init>(JdbcValuesResultSetImpl.java:74)
	at org.hibernate.sql.exec.internal.JdbcSelectExecutorStandardImpl.resolveJdbcValuesSource(JdbcSelectExecutorStandardImpl.java:355)
	at org.hibernate.sql.exec.internal.JdbcSelectExecutorStandardImpl.doExecuteQuery(JdbcSelectExecutorStandardImpl.java:137)
	at org.hibernate.sql.exec.internal.JdbcSelectExecutorStandardImpl.executeQuery(JdbcSelectExecutorStandardImpl.java:102)
	at org.hibernate.sql.exec.spi.JdbcSelectExecutor.executeQuery(JdbcSelectExecutor.java:91)
	at org.hibernate.sql.exec.spi.JdbcSelectExecutor.list(JdbcSelectExecutor.java:165)
	at org.hibernate.query.sqm.internal.ConcreteSqmSelectQueryPlan.lambda$new$1(ConcreteSqmSelectQueryPlan.java:149)
	at org.hibernate.query.sqm.internal.ConcreteSqmSelectQueryPlan.withCacheableSqmInterpretation(ConcreteSqmSelectQueryPlan.java:439)
	at org.hibernate.query.sqm.internal.ConcreteSqmSelectQueryPlan.performList(ConcreteSqmSelectQueryPlan.java:359)
	at org.hibernate.query.sqm.internal.QuerySqmImpl.doList(QuerySqmImpl.java:380)
	at org.hibernate.query.spi.AbstractSelectionQuery.list(AbstractSelectionQuery.java:143)
	at org.hibernate.query.spi.AbstractSelectionQuery.getSingleResult(AbstractSelectionQuery.java:275)
	at org.springframework.data.jpa.repository.query.JpaQueryExecution$SingleEntityExecution.doExecute(JpaQueryExecution.java:226)
	at org.springframework.data.jpa.repository.query.JpaQueryExecution.execute(JpaQueryExecution.java:95)
	at org.springframework.data.jpa.repository.query.AbstractJpaQuery.doExecute(AbstractJpaQuery.java:160)
	at org.springframework.data.jpa.repository.query.AbstractJpaQuery.execute(AbstractJpaQuery.java:148)
	at org.springframework.data.repository.core.support.RepositoryMethodInvoker.doInvoke(RepositoryMethodInvoker.java:170)
	at org.springframework.data.repository.core.support.RepositoryMethodInvoker.invoke(RepositoryMethodInvoker.java:158)
	at org.springframework.data.repository.core.support.QueryExecutorMethodInterceptor.doInvoke(QueryExecutorMethodInterceptor.java:170)
	at org.springframework.data.repository.core.support.QueryExecutorMethodInterceptor.invoke(QueryExecutorMethodInterceptor.java:149)
	at org.springframework.aop.framework.ReflectiveMethodInvocation.proceed(ReflectiveMethodInvocation.java:184)
	at org.springframework.data.projection.DefaultMethodInvokingMethodInterceptor.invoke(DefaultMethodInvokingMethodInterceptor.java:69)
	at org.springframework.aop.framework.ReflectiveMethodInvocation.proceed(ReflectiveMethodInvocation.java:184)
	at org.springframework.transaction.interceptor.TransactionAspectSupport.invokeWithinTransaction(TransactionAspectSupport.java:380)
	at org.springframework.transaction.interceptor.TransactionInterceptor.invoke(TransactionInterceptor.java:119)
	at org.springframework.aop.framework.ReflectiveMethodInvocation.proceed(ReflectiveMethodInvocation.java:184)
	at org.springframework.dao.support.PersistenceExceptionTranslationInterceptor.invoke(PersistenceExceptionTranslationInterceptor.java:138)
	at org.springframework.aop.framework.ReflectiveMethodInvocation.proceed(ReflectiveMethodInvocation.java:184)
	at org.springframework.data.jpa.repository.support.CrudMethodMetadataPostProcessor$CrudMethodMetadataPopulatingMethodInterceptor.invoke(CrudMethodMetadataPostProcessor.java:136)
	at org.springframework.aop.framework.ReflectiveMethodInvocation.proceed(ReflectiveMethodInvocation.java:184)
	at org.springframework.aop.framework.JdkDynamicAopProxy.invoke(JdkDynamicAopProxy.java:223)
	at jdk.proxy2/jdk.proxy2.$Proxy120.findOneByEmail(Unknown Source)
	at ceu.dam.ad.users.service.UserServiceImpl.createUser(UserServiceImpl.java:33)
	at ceu.dam.ad.users.controller.UserController.createUser(UserController.java:38)
	at java.base/jdk.internal.reflect.DirectMethodHandleAccessor.invoke(DirectMethodHandleAccessor.java:103)
	at java.base/java.lang.reflect.Method.invoke(Method.java:580)
	at org.springframework.web.method.support.InvocableHandlerMethod.doInvoke(InvocableHandlerMethod.java:258)
	at org.springframework.web.method.support.InvocableHandlerMethod.invokeForRequest(InvocableHandlerMethod.java:191)
	at org.springframework.web.servlet.mvc.method.annotation.ServletInvocableHandlerMethod.invokeAndHandle(ServletInvocableHandlerMethod.java:118)
	at org.springframework.web.servlet.mvc.method.annotation.RequestMappingHandlerAdapter.invokeHandlerMethod(RequestMappingHandlerAdapter.java:991)
	at org.springframework.web.servlet.mvc.method.annotation.RequestMappingHandlerAdapter.handleInternal(RequestMappingHandlerAdapter.java:896)
	at org.springframework.web.servlet.mvc.method.AbstractHandlerMethodAdapter.handle(AbstractHandlerMethodAdapter.java:87)
	at org.springframework.web.servlet.DispatcherServlet.doDispatch(DispatcherServlet.java:1089)
	at org.springframework.web.servlet.DispatcherServlet.doService(DispatcherServlet.java:979)
	at org.springframework.web.servlet.FrameworkServlet.processRequest(FrameworkServlet.java:1014)
	at org.springframework.web.servlet.FrameworkServlet.doPost(FrameworkServlet.java:914)
	at jakarta.servlet.http.HttpServlet.service(HttpServlet.java:590)
	at org.springframework.web.servlet.FrameworkServlet.service(FrameworkServlet.java:885)
	at jakarta.servlet.http.HttpServlet.service(HttpServlet.java:658)
	at org.apache.catalina.core.ApplicationFilterChain.internalDoFilter(ApplicationFilterChain.java:193)
	at org.apache.catalina.core.ApplicationFilterChain.doFilter(ApplicationFilterChain.java:138)
	at org.apache.tomcat.websocket.server.WsFilter.doFilter(WsFilter.java:51)
	at org.apache.catalina.core.ApplicationFilterChain.internalDoFilter(ApplicationFilterChain.java:162)
	at org.apache.catalina.core.ApplicationFilterChain.doFilter(ApplicationFilterChain.java:138)
	at org.springframework.web.filter.RequestContextFilter.doFilterInternal(RequestContextFilter.java:100)
	at org.springframework.web.filter.OncePerRequestFilter.doFilter(OncePerRequestFilter.java:116)
	at org.apache.catalina.core.ApplicationFilterChain.internalDoFilter(ApplicationFilterChain.java:162)
	at org.apache.catalina.core.ApplicationFilterChain.doFilter(ApplicationFilterChain.java:138)
	at org.springframework.web.filter.FormContentFilter.doFilterInternal(FormContentFilter.java:93)
	at org.springframework.web.filter.OncePerRequestFilter.doFilter(OncePerRequestFilter.java:116)
	at org.apache.catalina.core.ApplicationFilterChain.internalDoFilter(ApplicationFilterChain.java:162)
	at org.apache.catalina.core.ApplicationFilterChain.doFilter(ApplicationFilterChain.java:138)
	at org.springframework.web.filter.CharacterEncodingFilter.doFilterInternal(CharacterEncodingFilter.java:201)
	at org.springframework.web.filter.OncePerRequestFilter.doFilter(OncePerRequestFilter.java:116)
	at org.apache.catalina.core.ApplicationFilterChain.internalDoFilter(ApplicationFilterChain.java:162)
	at org.apache.catalina.core.ApplicationFilterChain.doFilter(ApplicationFilterChain.java:138)
	at org.apache.catalina.core.StandardWrapperValve.invoke(StandardWrapperValve.java:165)
	at org.apache.catalina.core.StandardContextValve.invoke(StandardContextValve.java:88)
	at org.apache.catalina.authenticator.AuthenticatorBase.invoke(AuthenticatorBase.java:482)
	at org.apache.catalina.core.StandardHostValve.invoke(StandardHostValve.java:113)
	at org.apache.catalina.valves.ErrorReportValve.invoke(ErrorReportValve.java:83)
	at org.apache.catalina.core.StandardEngineValve.invoke(StandardEngineValve.java:72)
	at org.apache.catalina.connector.CoyoteAdapter.service(CoyoteAdapter.java:342)
	at org.apache.coyote.http11.Http11Processor.service(Http11Processor.java:399)
	at org.apache.coyote.AbstractProcessorLight.process(AbstractProcessorLight.java:63)
	at org.apache.coyote.AbstractProtocol$ConnectionHandler.process(AbstractProtocol.java:903)
	at org.apache.tomcat.util.net.NioEndpoint$SocketProcessor.doRun(NioEndpoint.java:1774)
	at org.apache.tomcat.util.net.SocketProcessorBase.run(SocketProcessorBase.java:52)
	at org.apache.tomcat.util.threads.ThreadPoolExecutor.runWorker(ThreadPoolExecutor.java:973)
	at org.apache.tomcat.util.threads.ThreadPoolExecutor$Worker.run(ThreadPoolExecutor.java:491)
	at org.apache.tomcat.util.threads.TaskThread$WrappingRunnable.run(TaskThread.java:63)
	at java.base/java.lang.Thread.run(Thread.java:1583)
2025-11-17 18:38:46 DEBUG [http-nio-8080-exec-6] c.d.ad.users.service.UserServiceImpl - Creando nuevo usuario: User(id=null, username=juan125, email=juan.perez1@example.com, password=MiClaveSegura1234, createdDate=null, lastLoginDate=null)
2025-11-17 18:38:46 WARN  [http-nio-8080-exec-6] o.m.jdbc.message.server.ErrorPacket - Error: 1146-42S02: Table 'pedidos.usuarios' doesn't exist
2025-11-17 18:38:46 WARN  [http-nio-8080-exec-6] o.h.e.jdbc.spi.SqlExceptionHelper - SQL Error: 1146, SQLState: 42S02
2025-11-17 18:38:46 ERROR [http-nio-8080-exec-6] o.h.e.jdbc.spi.SqlExceptionHelper - (conn=4) Table 'pedidos.usuarios' doesn't exist
2025-11-17 18:38:46 ERROR [http-nio-8080-exec-6] c.d.ad.users.service.UserServiceImpl - Error creando usuario 
org.springframework.dao.InvalidDataAccessResourceUsageException: JDBC exception executing SQL [select u1_0.id,u1_0.fecha_alta,u1_0.email,u1_0.fecha_ult_login,u1_0.password,u1_0.username from usuarios u1_0 where u1_0.email=?] [(conn=4) Table 'pedidos.usuarios' doesn't exist] [n/a]; SQL [n/a]
	at org.springframework.orm.jpa.vendor.HibernateJpaDialect.convertHibernateAccessException(HibernateJpaDialect.java:281)
	at org.springframework.orm.jpa.vendor.HibernateJpaDialect.convertHibernateAccessException(HibernateJpaDialect.java:256)
	at org.springframework.orm.jpa.vendor.HibernateJpaDialect.translateExceptionIfPossible(HibernateJpaDialect.java:241)
	at org.springframework.orm.jpa.AbstractEntityManagerFactoryBean.translateExceptionIfPossible(AbstractEntityManagerFactoryBean.java:560)
	at org.springframework.dao.support.ChainedPersistenceExceptionTranslator.translateExceptionIfPossible(ChainedPersistenceExceptionTranslator.java:61)
	at org.springframework.dao.support.DataAccessUtils.translateIfNecessary(DataAccessUtils.java:343)
	at org.springframework.dao.support.PersistenceExceptionTranslationInterceptor.invoke(PersistenceExceptionTranslationInterceptor.java:160)
	at org.springframework.aop.framework.ReflectiveMethodInvocation.proceed(ReflectiveMethodInvocation.java:184)
	at org.springframework.data.jpa.repository.support.CrudMethodMetadataPostProcessor$CrudMethodMetadataPopulatingMethodInterceptor.invoke(CrudMethodMetadataPostProcessor.java:136)
	at org.springframework.aop.framework.ReflectiveMethodInvocation.proceed(ReflectiveMethodInvocation.java:184)
	at org.springframework.aop.framework.JdkDynamicAopProxy.invoke(JdkDynamicAopProxy.java:223)
	at jdk.proxy2/jdk.proxy2.$Proxy120.findOneByEmail(Unknown Source)
	at ceu.dam.ad.users.service.UserServiceImpl.createUser(UserServiceImpl.java:33)
	at ceu.dam.ad.users.controller.UserController.createUser(UserController.java:38)
	at java.base/jdk.internal.reflect.DirectMethodHandleAccessor.invoke(DirectMethodHandleAccessor.java:103)
	at java.base/java.lang.reflect.Method.invoke(Method.java:580)
	at org.springframework.web.method.support.InvocableHandlerMethod.doInvoke(InvocableHandlerMethod.java:258)
	at org.springframework.web.method.support.InvocableHandlerMethod.invokeForRequest(InvocableHandlerMethod.java:191)
	at org.springframework.web.servlet.mvc.method.annotation.ServletInvocableHandlerMethod.invokeAndHandle(ServletInvocableHandlerMethod.java:118)
	at org.springframework.web.servlet.mvc.method.annotation.RequestMappingHandlerAdapter.invokeHandlerMethod(RequestMappingHandlerAdapter.java:991)
	at org.springframework.web.servlet.mvc.method.annotation.RequestMappingHandlerAdapter.handleInternal(RequestMappingHandlerAdapter.java:896)
	at org.springframework.web.servlet.mvc.method.AbstractHandlerMethodAdapter.handle(AbstractHandlerMethodAdapter.java:87)
	at org.springframework.web.servlet.DispatcherServlet.doDispatch(DispatcherServlet.java:1089)
	at org.springframework.web.servlet.DispatcherServlet.doService(DispatcherServlet.java:979)
	at org.springframework.web.servlet.FrameworkServlet.processRequest(FrameworkServlet.java:1014)
	at org.springframework.web.servlet.FrameworkServlet.doPost(FrameworkServlet.java:914)
	at jakarta.servlet.http.HttpServlet.service(HttpServlet.java:590)
	at org.springframework.web.servlet.FrameworkServlet.service(FrameworkServlet.java:885)
	at jakarta.servlet.http.HttpServlet.service(HttpServlet.java:658)
	at org.apache.catalina.core.ApplicationFilterChain.internalDoFilter(ApplicationFilterChain.java:193)
	at org.apache.catalina.core.ApplicationFilterChain.doFilter(ApplicationFilterChain.java:138)
	at org.apache.tomcat.websocket.server.WsFilter.doFilter(WsFilter.java:51)
	at org.apache.catalina.core.ApplicationFilterChain.internalDoFilter(ApplicationFilterChain.java:162)
	at org.apache.catalina.core.ApplicationFilterChain.doFilter(ApplicationFilterChain.java:138)
	at org.springframework.web.filter.RequestContextFilter.doFilterInternal(RequestContextFilter.java:100)
	at org.springframework.web.filter.OncePerRequestFilter.doFilter(OncePerRequestFilter.java:116)
	at org.apache.catalina.core.ApplicationFilterChain.internalDoFilter(ApplicationFilterChain.java:162)
	at org.apache.catalina.core.ApplicationFilterChain.doFilter(ApplicationFilterChain.java:138)
	at org.springframework.web.filter.FormContentFilter.doFilterInternal(FormContentFilter.java:93)
	at org.springframework.web.filter.OncePerRequestFilter.doFilter(OncePerRequestFilter.java:116)
	at org.apache.catalina.core.ApplicationFilterChain.internalDoFilter(ApplicationFilterChain.java:162)
	at org.apache.catalina.core.ApplicationFilterChain.doFilter(ApplicationFilterChain.java:138)
	at org.springframework.web.filter.CharacterEncodingFilter.doFilterInternal(CharacterEncodingFilter.java:201)
	at org.springframework.web.filter.OncePerRequestFilter.doFilter(OncePerRequestFilter.java:116)
	at org.apache.catalina.core.ApplicationFilterChain.internalDoFilter(ApplicationFilterChain.java:162)
	at org.apache.catalina.core.ApplicationFilterChain.doFilter(ApplicationFilterChain.java:138)
	at org.apache.catalina.core.StandardWrapperValve.invoke(StandardWrapperValve.java:165)
	at org.apache.catalina.core.StandardContextValve.invoke(StandardContextValve.java:88)
	at org.apache.catalina.authenticator.AuthenticatorBase.invoke(AuthenticatorBase.java:482)
	at org.apache.catalina.core.StandardHostValve.invoke(StandardHostValve.java:113)
	at org.apache.catalina.valves.ErrorReportValve.invoke(ErrorReportValve.java:83)
	at org.apache.catalina.core.StandardEngineValve.invoke(StandardEngineValve.java:72)
	at org.apache.catalina.connector.CoyoteAdapter.service(CoyoteAdapter.java:342)
	at org.apache.coyote.http11.Http11Processor.service(Http11Processor.java:399)
	at org.apache.coyote.AbstractProcessorLight.process(AbstractProcessorLight.java:63)
	at org.apache.coyote.AbstractProtocol$ConnectionHandler.process(AbstractProtocol.java:903)
	at org.apache.tomcat.util.net.NioEndpoint$SocketProcessor.doRun(NioEndpoint.java:1774)
	at org.apache.tomcat.util.net.SocketProcessorBase.run(SocketProcessorBase.java:52)
	at org.apache.tomcat.util.threads.ThreadPoolExecutor.runWorker(ThreadPoolExecutor.java:973)
	at org.apache.tomcat.util.threads.ThreadPoolExecutor$Worker.run(ThreadPoolExecutor.java:491)
	at org.apache.tomcat.util.threads.TaskThread$WrappingRunnable.run(TaskThread.java:63)
	at java.base/java.lang.Thread.run(Thread.java:1583)
Caused by: org.hibernate.exception.SQLGrammarException: JDBC exception executing SQL [select u1_0.id,u1_0.fecha_alta,u1_0.email,u1_0.fecha_ult_login,u1_0.password,u1_0.username from usuarios u1_0 where u1_0.email=?] [(conn=4) Table 'pedidos.usuarios' doesn't exist] [n/a]
	at org.hibernate.exception.internal.SQLExceptionTypeDelegate.convert(SQLExceptionTypeDelegate.java:66)
	at org.hibernate.exception.internal.StandardSQLExceptionConverter.convert(StandardSQLExceptionConverter.java:58)
	at org.hibernate.engine.jdbc.spi.SqlExceptionHelper.convert(SqlExceptionHelper.java:108)
	at org.hibernate.engine.jdbc.spi.SqlExceptionHelper.convert(SqlExceptionHelper.java:94)
	at org.hibernate.sql.results.jdbc.internal.DeferredResultSetAccess.executeQuery(DeferredResultSetAccess.java:269)
	at org.hibernate.sql.results.jdbc.internal.DeferredResultSetAccess.getResultSet(DeferredResultSetAccess.java:172)
	at org.hibernate.sql.results.jdbc.internal.JdbcValuesResultSetImpl.<init>(JdbcValuesResultSetImpl.java:74)
	at org.hibernate.sql.exec.internal.JdbcSelectExecutorStandardImpl.resolveJdbcValuesSource(JdbcSelectExecutorStandardImpl.java:355)
	at org.hibernate.sql.exec.internal.JdbcSelectExecutorStandardImpl.doExecuteQuery(JdbcSelectExecutorStandardImpl.java:137)
	at org.hibernate.sql.exec.internal.JdbcSelectExecutorStandardImpl.executeQuery(JdbcSelectExecutorStandardImpl.java:102)
	at org.hibernate.sql.exec.spi.JdbcSelectExecutor.executeQuery(JdbcSelectExecutor.java:91)
	at org.hibernate.sql.exec.spi.JdbcSelectExecutor.list(JdbcSelectExecutor.java:165)
	at org.hibernate.query.sqm.internal.ConcreteSqmSelectQueryPlan.lambda$new$1(ConcreteSqmSelectQueryPlan.java:149)
	at org.hibernate.query.sqm.internal.ConcreteSqmSelectQueryPlan.withCacheableSqmInterpretation(ConcreteSqmSelectQueryPlan.java:439)
	at org.hibernate.query.sqm.internal.ConcreteSqmSelectQueryPlan.performList(ConcreteSqmSelectQueryPlan.java:359)
	at org.hibernate.query.sqm.internal.QuerySqmImpl.doList(QuerySqmImpl.java:380)
	at org.hibernate.query.spi.AbstractSelectionQuery.list(AbstractSelectionQuery.java:143)
	at org.hibernate.query.spi.AbstractSelectionQuery.getSingleResult(AbstractSelectionQuery.java:275)
	at org.springframework.data.jpa.repository.query.JpaQueryExecution$SingleEntityExecution.doExecute(JpaQueryExecution.java:226)
	at org.springframework.data.jpa.repository.query.JpaQueryExecution.execute(JpaQueryExecution.java:95)
	at org.springframework.data.jpa.repository.query.AbstractJpaQuery.doExecute(AbstractJpaQuery.java:160)
	at org.springframework.data.jpa.repository.query.AbstractJpaQuery.execute(AbstractJpaQuery.java:148)
	at org.springframework.data.repository.core.support.RepositoryMethodInvoker.doInvoke(RepositoryMethodInvoker.java:170)
	at org.springframework.data.repository.core.support.RepositoryMethodInvoker.invoke(RepositoryMethodInvoker.java:158)
	at org.springframework.data.repository.core.support.QueryExecutorMethodInterceptor.doInvoke(QueryExecutorMethodInterceptor.java:170)
	at org.springframework.data.repository.core.support.QueryExecutorMethodInterceptor.invoke(QueryExecutorMethodInterceptor.java:149)
	at org.springframework.aop.framework.ReflectiveMethodInvocation.proceed(ReflectiveMethodInvocation.java:184)
	at org.springframework.data.projection.DefaultMethodInvokingMethodInterceptor.invoke(DefaultMethodInvokingMethodInterceptor.java:69)
	at org.springframework.aop.framework.ReflectiveMethodInvocation.proceed(ReflectiveMethodInvocation.java:184)
	at org.springframework.transaction.interceptor.TransactionAspectSupport.invokeWithinTransaction(TransactionAspectSupport.java:380)
	at org.springframework.transaction.interceptor.TransactionInterceptor.invoke(TransactionInterceptor.java:119)
	at org.springframework.aop.framework.ReflectiveMethodInvocation.proceed(ReflectiveMethodInvocation.java:184)
	at org.springframework.dao.support.PersistenceExceptionTranslationInterceptor.invoke(PersistenceExceptionTranslationInterceptor.java:138)
	... 55 common frames omitted
Caused by: java.sql.SQLSyntaxErrorException: (conn=4) Table 'pedidos.usuarios' doesn't exist
	at org.mariadb.jdbc.export.ExceptionFactory.createException(ExceptionFactory.java:292)
	at org.mariadb.jdbc.export.ExceptionFactory.create(ExceptionFactory.java:386)
	at org.mariadb.jdbc.message.ClientMessage.readPacket(ClientMessage.java:187)
	at org.mariadb.jdbc.client.impl.StandardClient.readPacket(StandardClient.java:1376)
	at org.mariadb.jdbc.client.impl.StandardClient.readResults(StandardClient.java:1315)
	at org.mariadb.jdbc.client.impl.StandardClient.readResponse(StandardClient.java:1234)
	at org.mariadb.jdbc.client.impl.StandardClient.execute(StandardClient.java:1158)
	at org.mariadb.jdbc.ClientPreparedStatement.executeInternal(ClientPreparedStatement.java:91)
	at org.mariadb.jdbc.ClientPreparedStatement.executeQuery(ClientPreparedStatement.java:290)
	at com.zaxxer.hikari.pool.ProxyPreparedStatement.executeQuery(ProxyPreparedStatement.java:52)
	at com.zaxxer.hikari.pool.HikariProxyPreparedStatement.executeQuery(HikariProxyPreparedStatement.java)
	at org.hibernate.sql.results.jdbc.internal.DeferredResultSetAccess.executeQuery(DeferredResultSetAccess.java:251)
	... 83 common frames omitted
2025-11-17 18:38:46 ERROR [http-nio-8080-exec-6] o.a.c.c.C.[.[.[.[dispatcherServlet] - Servlet.service() for servlet [dispatcherServlet] in context with path [] threw exception [Request processing failed: ceu.dam.ad.users.exception.UserException: Error registrando usuario] with root cause
java.sql.SQLSyntaxErrorException: (conn=4) Table 'pedidos.usuarios' doesn't exist
	at org.mariadb.jdbc.export.ExceptionFactory.createException(ExceptionFactory.java:292)
	at org.mariadb.jdbc.export.ExceptionFactory.create(ExceptionFactory.java:386)
	at org.mariadb.jdbc.message.ClientMessage.readPacket(ClientMessage.java:187)
	at org.mariadb.jdbc.client.impl.StandardClient.readPacket(StandardClient.java:1376)
	at org.mariadb.jdbc.client.impl.StandardClient.readResults(StandardClient.java:1315)
	at org.mariadb.jdbc.client.impl.StandardClient.readResponse(StandardClient.java:1234)
	at org.mariadb.jdbc.client.impl.StandardClient.execute(StandardClient.java:1158)
	at org.mariadb.jdbc.ClientPreparedStatement.executeInternal(ClientPreparedStatement.java:91)
	at org.mariadb.jdbc.ClientPreparedStatement.executeQuery(ClientPreparedStatement.java:290)
	at com.zaxxer.hikari.pool.ProxyPreparedStatement.executeQuery(ProxyPreparedStatement.java:52)
	at com.zaxxer.hikari.pool.HikariProxyPreparedStatement.executeQuery(HikariProxyPreparedStatement.java)
	at org.hibernate.sql.results.jdbc.internal.DeferredResultSetAccess.executeQuery(DeferredResultSetAccess.java:251)
	at org.hibernate.sql.results.jdbc.internal.DeferredResultSetAccess.getResultSet(DeferredResultSetAccess.java:172)
	at org.hibernate.sql.results.jdbc.internal.JdbcValuesResultSetImpl.<init>(JdbcValuesResultSetImpl.java:74)
	at org.hibernate.sql.exec.internal.JdbcSelectExecutorStandardImpl.resolveJdbcValuesSource(JdbcSelectExecutorStandardImpl.java:355)
	at org.hibernate.sql.exec.internal.JdbcSelectExecutorStandardImpl.doExecuteQuery(JdbcSelectExecutorStandardImpl.java:137)
	at org.hibernate.sql.exec.internal.JdbcSelectExecutorStandardImpl.executeQuery(JdbcSelectExecutorStandardImpl.java:102)
	at org.hibernate.sql.exec.spi.JdbcSelectExecutor.executeQuery(JdbcSelectExecutor.java:91)
	at org.hibernate.sql.exec.spi.JdbcSelectExecutor.list(JdbcSelectExecutor.java:165)
	at org.hibernate.query.sqm.internal.ConcreteSqmSelectQueryPlan.lambda$new$1(ConcreteSqmSelectQueryPlan.java:149)
	at org.hibernate.query.sqm.internal.ConcreteSqmSelectQueryPlan.withCacheableSqmInterpretation(ConcreteSqmSelectQueryPlan.java:439)
	at org.hibernate.query.sqm.internal.ConcreteSqmSelectQueryPlan.performList(ConcreteSqmSelectQueryPlan.java:359)
	at org.hibernate.query.sqm.internal.QuerySqmImpl.doList(QuerySqmImpl.java:380)
	at org.hibernate.query.spi.AbstractSelectionQuery.list(AbstractSelectionQuery.java:143)
	at org.hibernate.query.spi.AbstractSelectionQuery.getSingleResult(AbstractSelectionQuery.java:275)
	at org.springframework.data.jpa.repository.query.JpaQueryExecution$SingleEntityExecution.doExecute(JpaQueryExecution.java:226)
	at org.springframework.data.jpa.repository.query.JpaQueryExecution.execute(JpaQueryExecution.java:95)
	at org.springframework.data.jpa.repository.query.AbstractJpaQuery.doExecute(AbstractJpaQuery.java:160)
	at org.springframework.data.jpa.repository.query.AbstractJpaQuery.execute(AbstractJpaQuery.java:148)
	at org.springframework.data.repository.core.support.RepositoryMethodInvoker.doInvoke(RepositoryMethodInvoker.java:170)
	at org.springframework.data.repository.core.support.RepositoryMethodInvoker.invoke(RepositoryMethodInvoker.java:158)
	at org.springframework.data.repository.core.support.QueryExecutorMethodInterceptor.doInvoke(QueryExecutorMethodInterceptor.java:170)
	at org.springframework.data.repository.core.support.QueryExecutorMethodInterceptor.invoke(QueryExecutorMethodInterceptor.java:149)
	at org.springframework.aop.framework.ReflectiveMethodInvocation.proceed(ReflectiveMethodInvocation.java:184)
	at org.springframework.data.projection.DefaultMethodInvokingMethodInterceptor.invoke(DefaultMethodInvokingMethodInterceptor.java:69)
	at org.springframework.aop.framework.ReflectiveMethodInvocation.proceed(ReflectiveMethodInvocation.java:184)
	at org.springframework.transaction.interceptor.TransactionAspectSupport.invokeWithinTransaction(TransactionAspectSupport.java:380)
	at org.springframework.transaction.interceptor.TransactionInterceptor.invoke(TransactionInterceptor.java:119)
	at org.springframework.aop.framework.ReflectiveMethodInvocation.proceed(ReflectiveMethodInvocation.java:184)
	at org.springframework.dao.support.PersistenceExceptionTranslationInterceptor.invoke(PersistenceExceptionTranslationInterceptor.java:138)
	at org.springframework.aop.framework.ReflectiveMethodInvocation.proceed(ReflectiveMethodInvocation.java:184)
	at org.springframework.data.jpa.repository.support.CrudMethodMetadataPostProcessor$CrudMethodMetadataPopulatingMethodInterceptor.invoke(CrudMethodMetadataPostProcessor.java:136)
	at org.springframework.aop.framework.ReflectiveMethodInvocation.proceed(ReflectiveMethodInvocation.java:184)
	at org.springframework.aop.framework.JdkDynamicAopProxy.invoke(JdkDynamicAopProxy.java:223)
	at jdk.proxy2/jdk.proxy2.$Proxy120.findOneByEmail(Unknown Source)
	at ceu.dam.ad.users.service.UserServiceImpl.createUser(UserServiceImpl.java:33)
	at ceu.dam.ad.users.controller.UserController.createUser(UserController.java:38)
	at java.base/jdk.internal.reflect.DirectMethodHandleAccessor.invoke(DirectMethodHandleAccessor.java:103)
	at java.base/java.lang.reflect.Method.invoke(Method.java:580)
	at org.springframework.web.method.support.InvocableHandlerMethod.doInvoke(InvocableHandlerMethod.java:258)
	at org.springframework.web.method.support.InvocableHandlerMethod.invokeForRequest(InvocableHandlerMethod.java:191)
	at org.springframework.web.servlet.mvc.method.annotation.ServletInvocableHandlerMethod.invokeAndHandle(ServletInvocableHandlerMethod.java:118)
	at org.springframework.web.servlet.mvc.method.annotation.RequestMappingHandlerAdapter.invokeHandlerMethod(RequestMappingHandlerAdapter.java:991)
	at org.springframework.web.servlet.mvc.method.annotation.RequestMappingHandlerAdapter.handleInternal(RequestMappingHandlerAdapter.java:896)
	at org.springframework.web.servlet.mvc.method.AbstractHandlerMethodAdapter.handle(AbstractHandlerMethodAdapter.java:87)
	at org.springframework.web.servlet.DispatcherServlet.doDispatch(DispatcherServlet.java:1089)
	at org.springframework.web.servlet.DispatcherServlet.doService(DispatcherServlet.java:979)
	at org.springframework.web.servlet.FrameworkServlet.processRequest(FrameworkServlet.java:1014)
	at org.springframework.web.servlet.FrameworkServlet.doPost(FrameworkServlet.java:914)
	at jakarta.servlet.http.HttpServlet.service(HttpServlet.java:590)
	at org.springframework.web.servlet.FrameworkServlet.service(FrameworkServlet.java:885)
	at jakarta.servlet.http.HttpServlet.service(HttpServlet.java:658)
	at org.apache.catalina.core.ApplicationFilterChain.internalDoFilter(ApplicationFilterChain.java:193)
	at org.apache.catalina.core.ApplicationFilterChain.doFilter(ApplicationFilterChain.java:138)
	at org.apache.tomcat.websocket.server.WsFilter.doFilter(WsFilter.java:51)
	at org.apache.catalina.core.ApplicationFilterChain.internalDoFilter(ApplicationFilterChain.java:162)
	at org.apache.catalina.core.ApplicationFilterChain.doFilter(ApplicationFilterChain.java:138)
	at org.springframework.web.filter.RequestContextFilter.doFilterInternal(RequestContextFilter.java:100)
	at org.springframework.web.filter.OncePerRequestFilter.doFilter(OncePerRequestFilter.java:116)
	at org.apache.catalina.core.ApplicationFilterChain.internalDoFilter(ApplicationFilterChain.java:162)
	at org.apache.catalina.core.ApplicationFilterChain.doFilter(ApplicationFilterChain.java:138)
	at org.springframework.web.filter.FormContentFilter.doFilterInternal(FormContentFilter.java:93)
	at org.springframework.web.filter.OncePerRequestFilter.doFilter(OncePerRequestFilter.java:116)
	at org.apache.catalina.core.ApplicationFilterChain.internalDoFilter(ApplicationFilterChain.java:162)
	at org.apache.catalina.core.ApplicationFilterChain.doFilter(ApplicationFilterChain.java:138)
	at org.springframework.web.filter.CharacterEncodingFilter.doFilterInternal(CharacterEncodingFilter.java:201)
	at org.springframework.web.filter.OncePerRequestFilter.doFilter(OncePerRequestFilter.java:116)
	at org.apache.catalina.core.ApplicationFilterChain.internalDoFilter(ApplicationFilterChain.java:162)
	at org.apache.catalina.core.ApplicationFilterChain.doFilter(ApplicationFilterChain.java:138)
	at org.apache.catalina.core.StandardWrapperValve.invoke(StandardWrapperValve.java:165)
	at org.apache.catalina.core.StandardContextValve.invoke(StandardContextValve.java:88)
	at org.apache.catalina.authenticator.AuthenticatorBase.invoke(AuthenticatorBase.java:482)
	at org.apache.catalina.core.StandardHostValve.invoke(StandardHostValve.java:113)
	at org.apache.catalina.valves.ErrorReportValve.invoke(ErrorReportValve.java:83)
	at org.apache.catalina.core.StandardEngineValve.invoke(StandardEngineValve.java:72)
	at org.apache.catalina.connector.CoyoteAdapter.service(CoyoteAdapter.java:342)
	at org.apache.coyote.http11.Http11Processor.service(Http11Processor.java:399)
	at org.apache.coyote.AbstractProcessorLight.process(AbstractProcessorLight.java:63)
	at org.apache.coyote.AbstractProtocol$ConnectionHandler.process(AbstractProtocol.java:903)
	at org.apache.tomcat.util.net.NioEndpoint$SocketProcessor.doRun(NioEndpoint.java:1774)
	at org.apache.tomcat.util.net.SocketProcessorBase.run(SocketProcessorBase.java:52)
	at org.apache.tomcat.util.threads.ThreadPoolExecutor.runWorker(ThreadPoolExecutor.java:973)
	at org.apache.tomcat.util.threads.ThreadPoolExecutor$Worker.run(ThreadPoolExecutor.java:491)
	at org.apache.tomcat.util.threads.TaskThread$WrappingRunnable.run(TaskThread.java:63)
	at java.base/java.lang.Thread.run(Thread.java:1583)
2025-11-17 18:59:00 INFO  [main] ceu.dam.ad.users.App - Starting App using Java 21.0.8 with PID 24456 (C:\Users\rromero2106\Desktop\Github\PSP\user-api-server\target\classes started by rromero2106 in C:\Users\rromero2106\Desktop\Github\PSP\user-api-server)
2025-11-17 18:59:00 DEBUG [main] ceu.dam.ad.users.App - Running with Spring Boot v3.5.7, Spring v6.2.12
2025-11-17 18:59:00 INFO  [main] ceu.dam.ad.users.App - No active profile set, falling back to 1 default profile: "default"
2025-11-17 18:59:02 WARN  [main] o.s.b.a.o.j.JpaBaseConfiguration$JpaWebConfiguration - spring.jpa.open-in-view is enabled by default. Therefore, database queries may be performed during view rendering. Explicitly configure spring.jpa.open-in-view to disable this warning
2025-11-17 18:59:02 INFO  [main] ceu.dam.ad.users.App - Started App in 2.677 seconds (process running for 3.506)
2025-11-17 19:11:09 WARN  [http-nio-8080-exec-2] o.s.w.s.m.s.DefaultHandlerExceptionResolver - Resolved [org.springframework.web.HttpRequestMethodNotSupportedException: Request method 'GET' is not supported]
2025-11-17 19:11:37 DEBUG [http-nio-8080-exec-3] c.d.ad.users.service.UserServiceImpl - Realizando login con usuario null
2025-11-17 19:11:37 DEBUG [http-nio-8080-exec-3] c.d.ad.users.service.UserServiceImpl - Intentando login por email...
2025-11-17 19:11:37 DEBUG [http-nio-8080-exec-3] c.d.ad.users.service.UserServiceImpl - Intentando login por username...
2025-11-17 19:11:37 DEBUG [http-nio-8080-exec-3] c.d.ad.users.service.UserServiceImpl - No existe usuario (email o username)
2025-11-17 19:11:57 DEBUG [http-nio-8080-exec-4] c.d.ad.users.service.UserServiceImpl - Consultando usuario con id 4
2025-11-17 19:11:57 WARN  [http-nio-8080-exec-4] o.s.w.s.m.s.DefaultHandlerExceptionResolver - Resolved [org.springframework.web.HttpMediaTypeNotAcceptableException: No acceptable representation]
2025-11-17 19:12:20 WARN  [http-nio-8080-exec-6] o.s.w.s.m.s.DefaultHandlerExceptionResolver - Resolved [org.springframework.web.HttpRequestMethodNotSupportedException: Request method 'GET' is not supported]
2025-11-17 19:14:15 DEBUG [http-nio-8080-exec-9] c.d.ad.users.service.UserServiceImpl - Creando nuevo usuario: User(id=null, username=ramon, email=ramonelhermano.com, password=Password123, createdDate=null, lastLoginDate=null)
2025-11-17 19:14:15 DEBUG [http-nio-8080-exec-9] c.d.ad.users.service.UserServiceImpl - Usuario creado con éxito con id 5
2025-11-17 19:14:37 DEBUG [http-nio-8080-exec-10] c.d.ad.users.service.UserServiceImpl - Realizando login con usuario null
2025-11-17 19:14:37 DEBUG [http-nio-8080-exec-10] c.d.ad.users.service.UserServiceImpl - Intentando login por email...
2025-11-17 19:14:37 DEBUG [http-nio-8080-exec-10] c.d.ad.users.service.UserServiceImpl - Intentando login por username...
2025-11-17 19:14:37 DEBUG [http-nio-8080-exec-10] c.d.ad.users.service.UserServiceImpl - No existe usuario (email o username)
2025-11-17 19:14:40 DEBUG [http-nio-8080-exec-1] c.d.ad.users.service.UserServiceImpl - Realizando login con usuario null
2025-11-17 19:14:40 DEBUG [http-nio-8080-exec-1] c.d.ad.users.service.UserServiceImpl - Intentando login por email...
2025-11-17 19:14:40 DEBUG [http-nio-8080-exec-1] c.d.ad.users.service.UserServiceImpl - Intentando login por username...
2025-11-17 19:14:40 DEBUG [http-nio-8080-exec-1] c.d.ad.users.service.UserServiceImpl - No existe usuario (email o username)
2025-11-17 19:15:07 DEBUG [http-nio-8080-exec-2] c.d.ad.users.service.UserServiceImpl - Realizando login con usuario null
2025-11-17 19:15:07 DEBUG [http-nio-8080-exec-2] c.d.ad.users.service.UserServiceImpl - Intentando login por email...
2025-11-17 19:15:07 DEBUG [http-nio-8080-exec-2] c.d.ad.users.service.UserServiceImpl - Intentando login por username...
2025-11-17 19:15:07 DEBUG [http-nio-8080-exec-2] c.d.ad.users.service.UserServiceImpl - No existe usuario (email o username)
2025-11-17 19:15:40 DEBUG [http-nio-8080-exec-3] c.d.ad.users.service.UserServiceImpl - Realizando login con usuario null
2025-11-17 19:15:40 DEBUG [http-nio-8080-exec-3] c.d.ad.users.service.UserServiceImpl - Intentando login por email...
2025-11-17 19:15:40 DEBUG [http-nio-8080-exec-3] c.d.ad.users.service.UserServiceImpl - Intentando login por username...
2025-11-17 19:15:40 DEBUG [http-nio-8080-exec-3] c.d.ad.users.service.UserServiceImpl - No existe usuario (email o username)
2025-11-17 19:15:44 DEBUG [http-nio-8080-exec-4] c.d.ad.users.service.UserServiceImpl - Realizando login con usuario null
2025-11-17 19:15:44 DEBUG [http-nio-8080-exec-4] c.d.ad.users.service.UserServiceImpl - Intentando login por email...
2025-11-17 19:15:44 DEBUG [http-nio-8080-exec-4] c.d.ad.users.service.UserServiceImpl - Intentando login por username...
2025-11-17 19:15:44 DEBUG [http-nio-8080-exec-4] c.d.ad.users.service.UserServiceImpl - No existe usuario (email o username)
2025-11-17 19:16:00 DEBUG [http-nio-8080-exec-5] c.d.ad.users.service.UserServiceImpl - Realizando login con usuario null
2025-11-17 19:16:00 DEBUG [http-nio-8080-exec-5] c.d.ad.users.service.UserServiceImpl - Intentando login por email...
2025-11-17 19:16:00 DEBUG [http-nio-8080-exec-5] c.d.ad.users.service.UserServiceImpl - Intentando login por username...
2025-11-17 19:16:00 DEBUG [http-nio-8080-exec-5] c.d.ad.users.service.UserServiceImpl - No existe usuario (email o username)
2025-11-17 19:18:59 DEBUG [http-nio-8080-exec-8] c.d.ad.users.service.UserServiceImpl - Realizando login con usuario null
2025-11-17 19:18:59 DEBUG [http-nio-8080-exec-8] c.d.ad.users.service.UserServiceImpl - Intentando login por email...
2025-11-17 19:18:59 DEBUG [http-nio-8080-exec-8] c.d.ad.users.service.UserServiceImpl - Intentando login por username...
2025-11-17 19:18:59 DEBUG [http-nio-8080-exec-8] c.d.ad.users.service.UserServiceImpl - No existe usuario (email o username)
2025-11-17 19:20:18 DEBUG [http-nio-8080-exec-10] c.d.ad.users.service.UserServiceImpl - Consultando usuario con id 5
2025-11-17 19:20:18 WARN  [http-nio-8080-exec-10] o.s.w.s.m.s.DefaultHandlerExceptionResolver - Resolved [org.springframework.web.HttpMediaTypeNotAcceptableException: No acceptable representation]
2025-11-17 19:20:43 DEBUG [http-nio-8080-exec-1] c.d.ad.users.service.UserServiceImpl - Consultando usuario con id 5
2025-11-17 19:20:43 WARN  [http-nio-8080-exec-1] o.s.w.s.m.s.DefaultHandlerExceptionResolver - Resolved [org.springframework.web.HttpMediaTypeNotAcceptableException: No acceptable representation]
2025-11-17 19:21:28 DEBUG [http-nio-8080-exec-2] c.d.ad.users.service.UserServiceImpl - Creando nuevo usuario: User(id=null, username=ramon1, email=ramonelhermano.com, password=Password123, createdDate=null, lastLoginDate=null)
2025-11-17 19:21:28 DEBUG [http-nio-8080-exec-2] c.d.ad.users.service.UserServiceImpl - Usuario con email repetido
2025-11-17 19:21:34 DEBUG [http-nio-8080-exec-3] c.d.ad.users.service.UserServiceImpl - Creando nuevo usuario: User(id=null, username=ramon1, email=ramonelhermano1.com, password=Password123, createdDate=null, lastLoginDate=null)
2025-11-17 19:21:34 DEBUG [http-nio-8080-exec-3] c.d.ad.users.service.UserServiceImpl - Usuario creado con éxito con id 6
2025-11-17 19:21:44 DEBUG [http-nio-8080-exec-4] c.d.ad.users.service.UserServiceImpl - Consultando usuario con id 6
2025-11-17 19:21:44 WARN  [http-nio-8080-exec-4] o.s.w.s.m.s.DefaultHandlerExceptionResolver - Resolved [org.springframework.web.HttpMediaTypeNotAcceptableException: No acceptable representation]
2025-11-17 19:35:22 INFO  [main] ceu.dam.ad.users.App - Starting App using Java 21.0.8 with PID 22172 (C:\Users\rromero2106\Desktop\Github\PSP\user-api-server\target\classes started by rromero2106 in C:\Users\rromero2106\Desktop\Github\PSP\user-api-server)
2025-11-17 19:35:22 DEBUG [main] ceu.dam.ad.users.App - Running with Spring Boot v3.5.7, Spring v6.2.12
2025-11-17 19:35:22 INFO  [main] ceu.dam.ad.users.App - No active profile set, falling back to 1 default profile: "default"
2025-11-17 19:35:24 WARN  [main] o.s.b.a.o.j.JpaBaseConfiguration$JpaWebConfiguration - spring.jpa.open-in-view is enabled by default. Therefore, database queries may be performed during view rendering. Explicitly configure spring.jpa.open-in-view to disable this warning
2025-11-17 19:35:25 WARN  [main] o.s.b.w.s.c.AnnotationConfigServletWebServerApplicationContext - Exception encountered during context initialization - cancelling refresh attempt: org.springframework.context.ApplicationContextException: Failed to start bean 'webServerStartStop'
2025-11-17 19:35:25 ERROR [main] o.s.b.d.LoggingFailureAnalysisReporter - 

***************************
APPLICATION FAILED TO START
***************************

Description:

Web server failed to start. Port 8080 was already in use.

Action:

Identify and stop the process that's listening on port 8080 or configure this application to listen on another port.

2025-11-17 19:36:50 INFO  [main] ceu.dam.ad.users.App - Starting App using Java 21.0.8 with PID 24516 (C:\Users\rromero2106\Desktop\Github\PSP\user-api-server\target\classes started by rromero2106 in C:\Users\rromero2106\Desktop\Github\PSP\user-api-server)
2025-11-17 19:36:50 DEBUG [main] ceu.dam.ad.users.App - Running with Spring Boot v3.5.7, Spring v6.2.12
2025-11-17 19:36:50 INFO  [main] ceu.dam.ad.users.App - No active profile set, falling back to 1 default profile: "default"
2025-11-17 19:36:52 WARN  [main] o.s.b.a.o.j.JpaBaseConfiguration$JpaWebConfiguration - spring.jpa.open-in-view is enabled by default. Therefore, database queries may be performed during view rendering. Explicitly configure spring.jpa.open-in-view to disable this warning
2025-11-17 19:36:53 WARN  [main] o.s.b.w.s.c.AnnotationConfigServletWebServerApplicationContext - Exception encountered during context initialization - cancelling refresh attempt: org.springframework.context.ApplicationContextException: Failed to start bean 'webServerStartStop'
2025-11-17 19:36:53 ERROR [main] o.s.b.d.LoggingFailureAnalysisReporter - 

***************************
APPLICATION FAILED TO START
***************************

Description:

Web server failed to start. Port 8080 was already in use.

Action:

Identify and stop the process that's listening on port 8080 or configure this application to listen on another port.

2025-11-17 19:38:10 INFO  [main] ceu.dam.ad.users.App - Starting App using Java 21.0.8 with PID 13764 (C:\Users\rromero2106\Desktop\Github\PSP\user-api-server\target\classes started by rromero2106 in C:\Users\rromero2106\Desktop\Github\PSP\user-api-server)
2025-11-17 19:38:10 DEBUG [main] ceu.dam.ad.users.App - Running with Spring Boot v3.5.7, Spring v6.2.12
2025-11-17 19:38:10 INFO  [main] ceu.dam.ad.users.App - No active profile set, falling back to 1 default profile: "default"
2025-11-17 19:38:12 WARN  [main] o.s.b.a.o.j.JpaBaseConfiguration$JpaWebConfiguration - spring.jpa.open-in-view is enabled by default. Therefore, database queries may be performed during view rendering. Explicitly configure spring.jpa.open-in-view to disable this warning
2025-11-17 19:38:12 INFO  [main] ceu.dam.ad.users.App - Started App in 2.905 seconds (process running for 3.593)
2025-11-17 19:38:19 DEBUG [http-nio-8080-exec-2] c.d.ad.users.service.UserServiceImpl - Consultando usuario con id 6
2025-11-17 19:43:21 DEBUG [http-nio-8080-exec-10] c.d.ad.users.service.UserServiceImpl - Consultando usuario con id 6
2025-11-17 19:43:36 DEBUG [http-nio-8080-exec-2] c.d.ad.users.service.UserServiceImpl - Consultando usuario con id 5
2025-11-17 19:44:25 INFO  [main] ceu.dam.ad.users.App - Starting App using Java 21.0.8 with PID 21048 (C:\Users\rromero2106\Desktop\Github\PSP\user-api-server-solucion\target\classes started by rromero2106 in C:\Users\rromero2106\Desktop\Github\PSP\user-api-server-solucion)
2025-11-17 19:44:25 DEBUG [main] ceu.dam.ad.users.App - Running with Spring Boot v3.5.7, Spring v6.2.12
2025-11-17 19:44:25 INFO  [main] ceu.dam.ad.users.App - No active profile set, falling back to 1 default profile: "default"
2025-11-17 19:44:27 WARN  [main] o.s.b.a.o.j.JpaBaseConfiguration$JpaWebConfiguration - spring.jpa.open-in-view is enabled by default. Therefore, database queries may be performed during view rendering. Explicitly configure spring.jpa.open-in-view to disable this warning
2025-11-17 19:44:27 INFO  [main] ceu.dam.ad.users.App - Started App in 3.128 seconds (process running for 4.098)
2025-11-17 19:47:08 DEBUG [http-nio-8080-exec-2] c.d.ad.users.service.UserServiceImpl - Consultando usuario con id 6
2025-11-17 19:47:08 WARN  [http-nio-8080-exec-2] o.m.jdbc.message.server.ErrorPacket - Error: 1146-42S02: Table 'pedidos.usuarios' doesn't exist
2025-11-17 19:47:08 WARN  [http-nio-8080-exec-2] o.h.e.jdbc.spi.SqlExceptionHelper - SQL Error: 1146, SQLState: 42S02
2025-11-17 19:47:08 ERROR [http-nio-8080-exec-2] o.h.e.jdbc.spi.SqlExceptionHelper - (conn=64) Table 'pedidos.usuarios' doesn't exist
2025-11-17 19:47:08 ERROR [http-nio-8080-exec-2] c.d.ad.users.service.UserServiceImpl - Error actualizando pass de usuario 
org.springframework.dao.InvalidDataAccessResourceUsageException: JDBC exception executing SQL [select u1_0.id,u1_0.fecha_alta,u1_0.email,u1_0.fecha_ult_login,u1_0.password,u1_0.username from usuarios u1_0 where u1_0.id=?] [(conn=64) Table 'pedidos.usuarios' doesn't exist] [n/a]; SQL [n/a]
	at org.springframework.orm.jpa.vendor.HibernateJpaDialect.convertHibernateAccessException(HibernateJpaDialect.java:281)
	at org.springframework.orm.jpa.vendor.HibernateJpaDialect.convertHibernateAccessException(HibernateJpaDialect.java:256)
	at org.springframework.orm.jpa.vendor.HibernateJpaDialect.translateExceptionIfPossible(HibernateJpaDialect.java:241)
	at org.springframework.orm.jpa.AbstractEntityManagerFactoryBean.translateExceptionIfPossible(AbstractEntityManagerFactoryBean.java:560)
	at org.springframework.dao.support.ChainedPersistenceExceptionTranslator.translateExceptionIfPossible(ChainedPersistenceExceptionTranslator.java:61)
	at org.springframework.dao.support.DataAccessUtils.translateIfNecessary(DataAccessUtils.java:343)
	at org.springframework.dao.support.PersistenceExceptionTranslationInterceptor.invoke(PersistenceExceptionTranslationInterceptor.java:160)
	at org.springframework.aop.framework.ReflectiveMethodInvocation.proceed(ReflectiveMethodInvocation.java:184)
	at org.springframework.data.jpa.repository.support.CrudMethodMetadataPostProcessor$CrudMethodMetadataPopulatingMethodInterceptor.invoke(CrudMethodMetadataPostProcessor.java:165)
	at org.springframework.aop.framework.ReflectiveMethodInvocation.proceed(ReflectiveMethodInvocation.java:184)
	at org.springframework.aop.framework.JdkDynamicAopProxy.invoke(JdkDynamicAopProxy.java:223)
	at jdk.proxy2/jdk.proxy2.$Proxy120.findById(Unknown Source)
	at ceu.dam.ad.users.service.UserServiceImpl.getUser(UserServiceImpl.java:145)
	at ceu.dam.ad.users.controller.UserController.getById(UserController.java:55)
	at java.base/jdk.internal.reflect.DirectMethodHandleAccessor.invoke(DirectMethodHandleAccessor.java:103)
	at java.base/java.lang.reflect.Method.invoke(Method.java:580)
	at org.springframework.web.method.support.InvocableHandlerMethod.doInvoke(InvocableHandlerMethod.java:258)
	at org.springframework.web.method.support.InvocableHandlerMethod.invokeForRequest(InvocableHandlerMethod.java:191)
	at org.springframework.web.servlet.mvc.method.annotation.ServletInvocableHandlerMethod.invokeAndHandle(ServletInvocableHandlerMethod.java:118)
	at org.springframework.web.servlet.mvc.method.annotation.RequestMappingHandlerAdapter.invokeHandlerMethod(RequestMappingHandlerAdapter.java:991)
	at org.springframework.web.servlet.mvc.method.annotation.RequestMappingHandlerAdapter.handleInternal(RequestMappingHandlerAdapter.java:896)
	at org.springframework.web.servlet.mvc.method.AbstractHandlerMethodAdapter.handle(AbstractHandlerMethodAdapter.java:87)
	at org.springframework.web.servlet.DispatcherServlet.doDispatch(DispatcherServlet.java:1089)
	at org.springframework.web.servlet.DispatcherServlet.doService(DispatcherServlet.java:979)
	at org.springframework.web.servlet.FrameworkServlet.processRequest(FrameworkServlet.java:1014)
	at org.springframework.web.servlet.FrameworkServlet.doGet(FrameworkServlet.java:903)
	at jakarta.servlet.http.HttpServlet.service(HttpServlet.java:564)
	at org.springframework.web.servlet.FrameworkServlet.service(FrameworkServlet.java:885)
	at jakarta.servlet.http.HttpServlet.service(HttpServlet.java:658)
	at org.apache.catalina.core.ApplicationFilterChain.internalDoFilter(ApplicationFilterChain.java:193)
	at org.apache.catalina.core.ApplicationFilterChain.doFilter(ApplicationFilterChain.java:138)
	at org.apache.tomcat.websocket.server.WsFilter.doFilter(WsFilter.java:51)
	at org.apache.catalina.core.ApplicationFilterChain.internalDoFilter(ApplicationFilterChain.java:162)
	at org.apache.catalina.core.ApplicationFilterChain.doFilter(ApplicationFilterChain.java:138)
	at org.springframework.web.filter.RequestContextFilter.doFilterInternal(RequestContextFilter.java:100)
	at org.springframework.web.filter.OncePerRequestFilter.doFilter(OncePerRequestFilter.java:116)
	at org.apache.catalina.core.ApplicationFilterChain.internalDoFilter(ApplicationFilterChain.java:162)
	at org.apache.catalina.core.ApplicationFilterChain.doFilter(ApplicationFilterChain.java:138)
	at org.springframework.web.filter.FormContentFilter.doFilterInternal(FormContentFilter.java:93)
	at org.springframework.web.filter.OncePerRequestFilter.doFilter(OncePerRequestFilter.java:116)
	at org.apache.catalina.core.ApplicationFilterChain.internalDoFilter(ApplicationFilterChain.java:162)
	at org.apache.catalina.core.ApplicationFilterChain.doFilter(ApplicationFilterChain.java:138)
	at org.springframework.web.filter.CharacterEncodingFilter.doFilterInternal(CharacterEncodingFilter.java:201)
	at org.springframework.web.filter.OncePerRequestFilter.doFilter(OncePerRequestFilter.java:116)
	at org.apache.catalina.core.ApplicationFilterChain.internalDoFilter(ApplicationFilterChain.java:162)
	at org.apache.catalina.core.ApplicationFilterChain.doFilter(ApplicationFilterChain.java:138)
	at org.apache.catalina.core.StandardWrapperValve.invoke(StandardWrapperValve.java:165)
	at org.apache.catalina.core.StandardContextValve.invoke(StandardContextValve.java:88)
	at org.apache.catalina.authenticator.AuthenticatorBase.invoke(AuthenticatorBase.java:482)
	at org.apache.catalina.core.StandardHostValve.invoke(StandardHostValve.java:113)
	at org.apache.catalina.valves.ErrorReportValve.invoke(ErrorReportValve.java:83)
	at org.apache.catalina.core.StandardEngineValve.invoke(StandardEngineValve.java:72)
	at org.apache.catalina.connector.CoyoteAdapter.service(CoyoteAdapter.java:342)
	at org.apache.coyote.http11.Http11Processor.service(Http11Processor.java:399)
	at org.apache.coyote.AbstractProcessorLight.process(AbstractProcessorLight.java:63)
	at org.apache.coyote.AbstractProtocol$ConnectionHandler.process(AbstractProtocol.java:903)
	at org.apache.tomcat.util.net.NioEndpoint$SocketProcessor.doRun(NioEndpoint.java:1774)
	at org.apache.tomcat.util.net.SocketProcessorBase.run(SocketProcessorBase.java:52)
	at org.apache.tomcat.util.threads.ThreadPoolExecutor.runWorker(ThreadPoolExecutor.java:973)
	at org.apache.tomcat.util.threads.ThreadPoolExecutor$Worker.run(ThreadPoolExecutor.java:491)
	at org.apache.tomcat.util.threads.TaskThread$WrappingRunnable.run(TaskThread.java:63)
	at java.base/java.lang.Thread.run(Thread.java:1583)
Caused by: org.hibernate.exception.SQLGrammarException: JDBC exception executing SQL [select u1_0.id,u1_0.fecha_alta,u1_0.email,u1_0.fecha_ult_login,u1_0.password,u1_0.username from usuarios u1_0 where u1_0.id=?] [(conn=64) Table 'pedidos.usuarios' doesn't exist] [n/a]
	at org.hibernate.exception.internal.SQLExceptionTypeDelegate.convert(SQLExceptionTypeDelegate.java:66)
	at org.hibernate.exception.internal.StandardSQLExceptionConverter.convert(StandardSQLExceptionConverter.java:58)
	at org.hibernate.engine.jdbc.spi.SqlExceptionHelper.convert(SqlExceptionHelper.java:108)
	at org.hibernate.engine.jdbc.spi.SqlExceptionHelper.convert(SqlExceptionHelper.java:94)
	at org.hibernate.sql.results.jdbc.internal.DeferredResultSetAccess.executeQuery(DeferredResultSetAccess.java:269)
	at org.hibernate.sql.results.jdbc.internal.DeferredResultSetAccess.getResultSet(DeferredResultSetAccess.java:172)
	at org.hibernate.sql.results.jdbc.internal.JdbcValuesResultSetImpl.<init>(JdbcValuesResultSetImpl.java:74)
	at org.hibernate.sql.exec.internal.JdbcSelectExecutorStandardImpl.resolveJdbcValuesSource(JdbcSelectExecutorStandardImpl.java:355)
	at org.hibernate.sql.exec.internal.JdbcSelectExecutorStandardImpl.doExecuteQuery(JdbcSelectExecutorStandardImpl.java:137)
	at org.hibernate.sql.exec.internal.JdbcSelectExecutorStandardImpl.executeQuery(JdbcSelectExecutorStandardImpl.java:102)
	at org.hibernate.sql.exec.spi.JdbcSelectExecutor.executeQuery(JdbcSelectExecutor.java:91)
	at org.hibernate.sql.exec.spi.JdbcSelectExecutor.list(JdbcSelectExecutor.java:165)
	at org.hibernate.loader.ast.internal.SingleIdLoadPlan.load(SingleIdLoadPlan.java:145)
	at org.hibernate.loader.ast.internal.SingleIdLoadPlan.load(SingleIdLoadPlan.java:117)
	at org.hibernate.loader.ast.internal.SingleIdEntityLoaderStandardImpl.load(SingleIdEntityLoaderStandardImpl.java:74)
	at org.hibernate.persister.entity.AbstractEntityPersister.doLoad(AbstractEntityPersister.java:3908)
	at org.hibernate.persister.entity.AbstractEntityPersister.load(AbstractEntityPersister.java:3897)
	at org.hibernate.event.internal.DefaultLoadEventListener.loadFromDatasource(DefaultLoadEventListener.java:604)
	at org.hibernate.event.internal.DefaultLoadEventListener.loadFromCacheOrDatasource(DefaultLoadEventListener.java:590)
	at org.hibernate.event.internal.DefaultLoadEventListener.load(DefaultLoadEventListener.java:560)
	at org.hibernate.event.internal.DefaultLoadEventListener.doLoad(DefaultLoadEventListener.java:544)
	at org.hibernate.event.internal.DefaultLoadEventListener.load(DefaultLoadEventListener.java:206)
	at org.hibernate.event.internal.DefaultLoadEventListener.loadWithRegularProxy(DefaultLoadEventListener.java:289)
	at org.hibernate.event.internal.DefaultLoadEventListener.proxyOrLoad(DefaultLoadEventListener.java:241)
	at org.hibernate.event.internal.DefaultLoadEventListener.doOnLoad(DefaultLoadEventListener.java:110)
	at org.hibernate.event.internal.DefaultLoadEventListener.onLoad(DefaultLoadEventListener.java:69)
	at org.hibernate.event.service.internal.EventListenerGroupImpl.fireEventOnEachListener(EventListenerGroupImpl.java:138)
	at org.hibernate.internal.SessionImpl.fireLoadNoChecks(SessionImpl.java:1229)
	at org.hibernate.internal.SessionImpl.fireLoad(SessionImpl.java:1217)
	at org.hibernate.loader.internal.IdentifierLoadAccessImpl.load(IdentifierLoadAccessImpl.java:210)
	at org.hibernate.loader.internal.IdentifierLoadAccessImpl.doLoad(IdentifierLoadAccessImpl.java:161)
	at org.hibernate.loader.internal.IdentifierLoadAccessImpl.lambda$load$1(IdentifierLoadAccessImpl.java:150)
	at org.hibernate.loader.internal.IdentifierLoadAccessImpl.perform(IdentifierLoadAccessImpl.java:113)
	at org.hibernate.loader.internal.IdentifierLoadAccessImpl.load(IdentifierLoadAccessImpl.java:150)
	at org.hibernate.internal.SessionImpl.find(SessionImpl.java:2459)
	at org.hibernate.internal.SessionImpl.find(SessionImpl.java:2430)
	at java.base/jdk.internal.reflect.DirectMethodHandleAccessor.invoke(DirectMethodHandleAccessor.java:103)
	at java.base/java.lang.reflect.Method.invoke(Method.java:580)
	at org.springframework.orm.jpa.ExtendedEntityManagerCreator$ExtendedEntityManagerInvocationHandler.invoke(ExtendedEntityManagerCreator.java:364)
	at jdk.proxy2/jdk.proxy2.$Proxy116.find(Unknown Source)
	at java.base/jdk.internal.reflect.DirectMethodHandleAccessor.invoke(DirectMethodHandleAccessor.java:103)
	at java.base/java.lang.reflect.Method.invoke(Method.java:580)
	at org.springframework.orm.jpa.SharedEntityManagerCreator$SharedEntityManagerInvocationHandler.invoke(SharedEntityManagerCreator.java:320)
	at jdk.proxy2/jdk.proxy2.$Proxy116.find(Unknown Source)
	at org.springframework.data.jpa.repository.support.SimpleJpaRepository.findById(SimpleJpaRepository.java:335)
	at java.base/jdk.internal.reflect.DirectMethodHandleAccessor.invoke(DirectMethodHandleAccessor.java:103)
	at java.base/java.lang.reflect.Method.invoke(Method.java:580)
	at org.springframework.aop.support.AopUtils.invokeJoinpointUsingReflection(AopUtils.java:360)
	at org.springframework.data.repository.core.support.RepositoryMethodInvoker$RepositoryFragmentMethodInvoker.lambda$new$0(RepositoryMethodInvoker.java:277)
	at org.springframework.data.repository.core.support.RepositoryMethodInvoker.doInvoke(RepositoryMethodInvoker.java:170)
	at org.springframework.data.repository.core.support.RepositoryMethodInvoker.invoke(RepositoryMethodInvoker.java:158)
	at org.springframework.data.repository.core.support.RepositoryComposition$RepositoryFragments.invoke(RepositoryComposition.java:515)
	at org.springframework.data.repository.core.support.RepositoryComposition.invoke(RepositoryComposition.java:284)
	at org.springframework.data.repository.core.support.RepositoryFactorySupport$ImplementationMethodExecutionInterceptor.invoke(RepositoryFactorySupport.java:734)
	at org.springframework.aop.framework.ReflectiveMethodInvocation.proceed(ReflectiveMethodInvocation.java:184)
	at org.springframework.data.repository.core.support.QueryExecutorMethodInterceptor.doInvoke(QueryExecutorMethodInterceptor.java:174)
	at org.springframework.data.repository.core.support.QueryExecutorMethodInterceptor.invoke(QueryExecutorMethodInterceptor.java:149)
	at org.springframework.aop.framework.ReflectiveMethodInvocation.proceed(ReflectiveMethodInvocation.java:184)
	at org.springframework.data.projection.DefaultMethodInvokingMethodInterceptor.invoke(DefaultMethodInvokingMethodInterceptor.java:69)
	at org.springframework.aop.framework.ReflectiveMethodInvocation.proceed(ReflectiveMethodInvocation.java:184)
	at org.springframework.transaction.interceptor.TransactionAspectSupport.invokeWithinTransaction(TransactionAspectSupport.java:380)
	at org.springframework.transaction.interceptor.TransactionInterceptor.invoke(TransactionInterceptor.java:119)
	at org.springframework.aop.framework.ReflectiveMethodInvocation.proceed(ReflectiveMethodInvocation.java:184)
	at org.springframework.dao.support.PersistenceExceptionTranslationInterceptor.invoke(PersistenceExceptionTranslationInterceptor.java:138)
	... 55 common frames omitted
Caused by: java.sql.SQLSyntaxErrorException: (conn=64) Table 'pedidos.usuarios' doesn't exist
	at org.mariadb.jdbc.export.ExceptionFactory.createException(ExceptionFactory.java:292)
	at org.mariadb.jdbc.export.ExceptionFactory.create(ExceptionFactory.java:386)
	at org.mariadb.jdbc.message.ClientMessage.readPacket(ClientMessage.java:187)
	at org.mariadb.jdbc.client.impl.StandardClient.readPacket(StandardClient.java:1376)
	at org.mariadb.jdbc.client.impl.StandardClient.readResults(StandardClient.java:1315)
	at org.mariadb.jdbc.client.impl.StandardClient.readResponse(StandardClient.java:1234)
	at org.mariadb.jdbc.client.impl.StandardClient.execute(StandardClient.java:1158)
	at org.mariadb.jdbc.ClientPreparedStatement.executeInternal(ClientPreparedStatement.java:91)
	at org.mariadb.jdbc.ClientPreparedStatement.executeQuery(ClientPreparedStatement.java:290)
	at com.zaxxer.hikari.pool.ProxyPreparedStatement.executeQuery(ProxyPreparedStatement.java:52)
	at com.zaxxer.hikari.pool.HikariProxyPreparedStatement.executeQuery(HikariProxyPreparedStatement.java)
	at org.hibernate.sql.results.jdbc.internal.DeferredResultSetAccess.executeQuery(DeferredResultSetAccess.java:251)
	... 114 common frames omitted
2025-11-17 19:47:08 ERROR [http-nio-8080-exec-2] o.a.c.c.C.[.[.[.[dispatcherServlet] - Servlet.service() for servlet [dispatcherServlet] in context with path [] threw exception [Request processing failed: ceu.dam.ad.users.exception.UserException: Error actualizando usuario] with root cause
java.sql.SQLSyntaxErrorException: (conn=64) Table 'pedidos.usuarios' doesn't exist
	at org.mariadb.jdbc.export.ExceptionFactory.createException(ExceptionFactory.java:292)
	at org.mariadb.jdbc.export.ExceptionFactory.create(ExceptionFactory.java:386)
	at org.mariadb.jdbc.message.ClientMessage.readPacket(ClientMessage.java:187)
	at org.mariadb.jdbc.client.impl.StandardClient.readPacket(StandardClient.java:1376)
	at org.mariadb.jdbc.client.impl.StandardClient.readResults(StandardClient.java:1315)
	at org.mariadb.jdbc.client.impl.StandardClient.readResponse(StandardClient.java:1234)
	at org.mariadb.jdbc.client.impl.StandardClient.execute(StandardClient.java:1158)
	at org.mariadb.jdbc.ClientPreparedStatement.executeInternal(ClientPreparedStatement.java:91)
	at org.mariadb.jdbc.ClientPreparedStatement.executeQuery(ClientPreparedStatement.java:290)
	at com.zaxxer.hikari.pool.ProxyPreparedStatement.executeQuery(ProxyPreparedStatement.java:52)
	at com.zaxxer.hikari.pool.HikariProxyPreparedStatement.executeQuery(HikariProxyPreparedStatement.java)
	at org.hibernate.sql.results.jdbc.internal.DeferredResultSetAccess.executeQuery(DeferredResultSetAccess.java:251)
	at org.hibernate.sql.results.jdbc.internal.DeferredResultSetAccess.getResultSet(DeferredResultSetAccess.java:172)
	at org.hibernate.sql.results.jdbc.internal.JdbcValuesResultSetImpl.<init>(JdbcValuesResultSetImpl.java:74)
	at org.hibernate.sql.exec.internal.JdbcSelectExecutorStandardImpl.resolveJdbcValuesSource(JdbcSelectExecutorStandardImpl.java:355)
	at org.hibernate.sql.exec.internal.JdbcSelectExecutorStandardImpl.doExecuteQuery(JdbcSelectExecutorStandardImpl.java:137)
	at org.hibernate.sql.exec.internal.JdbcSelectExecutorStandardImpl.executeQuery(JdbcSelectExecutorStandardImpl.java:102)
	at org.hibernate.sql.exec.spi.JdbcSelectExecutor.executeQuery(JdbcSelectExecutor.java:91)
	at org.hibernate.sql.exec.spi.JdbcSelectExecutor.list(JdbcSelectExecutor.java:165)
	at org.hibernate.loader.ast.internal.SingleIdLoadPlan.load(SingleIdLoadPlan.java:145)
	at org.hibernate.loader.ast.internal.SingleIdLoadPlan.load(SingleIdLoadPlan.java:117)
	at org.hibernate.loader.ast.internal.SingleIdEntityLoaderStandardImpl.load(SingleIdEntityLoaderStandardImpl.java:74)
	at org.hibernate.persister.entity.AbstractEntityPersister.doLoad(AbstractEntityPersister.java:3908)
	at org.hibernate.persister.entity.AbstractEntityPersister.load(AbstractEntityPersister.java:3897)
	at org.hibernate.event.internal.DefaultLoadEventListener.loadFromDatasource(DefaultLoadEventListener.java:604)
	at org.hibernate.event.internal.DefaultLoadEventListener.loadFromCacheOrDatasource(DefaultLoadEventListener.java:590)
	at org.hibernate.event.internal.DefaultLoadEventListener.load(DefaultLoadEventListener.java:560)
	at org.hibernate.event.internal.DefaultLoadEventListener.doLoad(DefaultLoadEventListener.java:544)
	at org.hibernate.event.internal.DefaultLoadEventListener.load(DefaultLoadEventListener.java:206)
	at org.hibernate.event.internal.DefaultLoadEventListener.loadWithRegularProxy(DefaultLoadEventListener.java:289)
	at org.hibernate.event.internal.DefaultLoadEventListener.proxyOrLoad(DefaultLoadEventListener.java:241)
	at org.hibernate.event.internal.DefaultLoadEventListener.doOnLoad(DefaultLoadEventListener.java:110)
	at org.hibernate.event.internal.DefaultLoadEventListener.onLoad(DefaultLoadEventListener.java:69)
	at org.hibernate.event.service.internal.EventListenerGroupImpl.fireEventOnEachListener(EventListenerGroupImpl.java:138)
	at org.hibernate.internal.SessionImpl.fireLoadNoChecks(SessionImpl.java:1229)
	at org.hibernate.internal.SessionImpl.fireLoad(SessionImpl.java:1217)
	at org.hibernate.loader.internal.IdentifierLoadAccessImpl.load(IdentifierLoadAccessImpl.java:210)
	at org.hibernate.loader.internal.IdentifierLoadAccessImpl.doLoad(IdentifierLoadAccessImpl.java:161)
	at org.hibernate.loader.internal.IdentifierLoadAccessImpl.lambda$load$1(IdentifierLoadAccessImpl.java:150)
	at org.hibernate.loader.internal.IdentifierLoadAccessImpl.perform(IdentifierLoadAccessImpl.java:113)
	at org.hibernate.loader.internal.IdentifierLoadAccessImpl.load(IdentifierLoadAccessImpl.java:150)
	at org.hibernate.internal.SessionImpl.find(SessionImpl.java:2459)
	at org.hibernate.internal.SessionImpl.find(SessionImpl.java:2430)
	at java.base/jdk.internal.reflect.DirectMethodHandleAccessor.invoke(DirectMethodHandleAccessor.java:103)
	at java.base/java.lang.reflect.Method.invoke(Method.java:580)
	at org.springframework.orm.jpa.ExtendedEntityManagerCreator$ExtendedEntityManagerInvocationHandler.invoke(ExtendedEntityManagerCreator.java:364)
	at jdk.proxy2/jdk.proxy2.$Proxy116.find(Unknown Source)
	at java.base/jdk.internal.reflect.DirectMethodHandleAccessor.invoke(DirectMethodHandleAccessor.java:103)
	at java.base/java.lang.reflect.Method.invoke(Method.java:580)
	at org.springframework.orm.jpa.SharedEntityManagerCreator$SharedEntityManagerInvocationHandler.invoke(SharedEntityManagerCreator.java:320)
	at jdk.proxy2/jdk.proxy2.$Proxy116.find(Unknown Source)
	at org.springframework.data.jpa.repository.support.SimpleJpaRepository.findById(SimpleJpaRepository.java:335)
	at java.base/jdk.internal.reflect.DirectMethodHandleAccessor.invoke(DirectMethodHandleAccessor.java:103)
	at java.base/java.lang.reflect.Method.invoke(Method.java:580)
	at org.springframework.aop.support.AopUtils.invokeJoinpointUsingReflection(AopUtils.java:360)
	at org.springframework.data.repository.core.support.RepositoryMethodInvoker$RepositoryFragmentMethodInvoker.lambda$new$0(RepositoryMethodInvoker.java:277)
	at org.springframework.data.repository.core.support.RepositoryMethodInvoker.doInvoke(RepositoryMethodInvoker.java:170)
	at org.springframework.data.repository.core.support.RepositoryMethodInvoker.invoke(RepositoryMethodInvoker.java:158)
	at org.springframework.data.repository.core.support.RepositoryComposition$RepositoryFragments.invoke(RepositoryComposition.java:515)
	at org.springframework.data.repository.core.support.RepositoryComposition.invoke(RepositoryComposition.java:284)
	at org.springframework.data.repository.core.support.RepositoryFactorySupport$ImplementationMethodExecutionInterceptor.invoke(RepositoryFactorySupport.java:734)
	at org.springframework.aop.framework.ReflectiveMethodInvocation.proceed(ReflectiveMethodInvocation.java:184)
	at org.springframework.data.repository.core.support.QueryExecutorMethodInterceptor.doInvoke(QueryExecutorMethodInterceptor.java:174)
	at org.springframework.data.repository.core.support.QueryExecutorMethodInterceptor.invoke(QueryExecutorMethodInterceptor.java:149)
	at org.springframework.aop.framework.ReflectiveMethodInvocation.proceed(ReflectiveMethodInvocation.java:184)
	at org.springframework.data.projection.DefaultMethodInvokingMethodInterceptor.invoke(DefaultMethodInvokingMethodInterceptor.java:69)
	at org.springframework.aop.framework.ReflectiveMethodInvocation.proceed(ReflectiveMethodInvocation.java:184)
	at org.springframework.transaction.interceptor.TransactionAspectSupport.invokeWithinTransaction(TransactionAspectSupport.java:380)
	at org.springframework.transaction.interceptor.TransactionInterceptor.invoke(TransactionInterceptor.java:119)
	at org.springframework.aop.framework.ReflectiveMethodInvocation.proceed(ReflectiveMethodInvocation.java:184)
	at org.springframework.dao.support.PersistenceExceptionTranslationInterceptor.invoke(PersistenceExceptionTranslationInterceptor.java:138)
	at org.springframework.aop.framework.ReflectiveMethodInvocation.proceed(ReflectiveMethodInvocation.java:184)
	at org.springframework.data.jpa.repository.support.CrudMethodMetadataPostProcessor$CrudMethodMetadataPopulatingMethodInterceptor.invoke(CrudMethodMetadataPostProcessor.java:165)
	at org.springframework.aop.framework.ReflectiveMethodInvocation.proceed(ReflectiveMethodInvocation.java:184)
	at org.springframework.aop.framework.JdkDynamicAopProxy.invoke(JdkDynamicAopProxy.java:223)
	at jdk.proxy2/jdk.proxy2.$Proxy120.findById(Unknown Source)
	at ceu.dam.ad.users.service.UserServiceImpl.getUser(UserServiceImpl.java:145)
	at ceu.dam.ad.users.controller.UserController.getById(UserController.java:55)
	at java.base/jdk.internal.reflect.DirectMethodHandleAccessor.invoke(DirectMethodHandleAccessor.java:103)
	at java.base/java.lang.reflect.Method.invoke(Method.java:580)
	at org.springframework.web.method.support.InvocableHandlerMethod.doInvoke(InvocableHandlerMethod.java:258)
	at org.springframework.web.method.support.InvocableHandlerMethod.invokeForRequest(InvocableHandlerMethod.java:191)
	at org.springframework.web.servlet.mvc.method.annotation.ServletInvocableHandlerMethod.invokeAndHandle(ServletInvocableHandlerMethod.java:118)
	at org.springframework.web.servlet.mvc.method.annotation.RequestMappingHandlerAdapter.invokeHandlerMethod(RequestMappingHandlerAdapter.java:991)
	at org.springframework.web.servlet.mvc.method.annotation.RequestMappingHandlerAdapter.handleInternal(RequestMappingHandlerAdapter.java:896)
	at org.springframework.web.servlet.mvc.method.AbstractHandlerMethodAdapter.handle(AbstractHandlerMethodAdapter.java:87)
	at org.springframework.web.servlet.DispatcherServlet.doDispatch(DispatcherServlet.java:1089)
	at org.springframework.web.servlet.DispatcherServlet.doService(DispatcherServlet.java:979)
	at org.springframework.web.servlet.FrameworkServlet.processRequest(FrameworkServlet.java:1014)
	at org.springframework.web.servlet.FrameworkServlet.doGet(FrameworkServlet.java:903)
	at jakarta.servlet.http.HttpServlet.service(HttpServlet.java:564)
	at org.springframework.web.servlet.FrameworkServlet.service(FrameworkServlet.java:885)
	at jakarta.servlet.http.HttpServlet.service(HttpServlet.java:658)
	at org.apache.catalina.core.ApplicationFilterChain.internalDoFilter(ApplicationFilterChain.java:193)
	at org.apache.catalina.core.ApplicationFilterChain.doFilter(ApplicationFilterChain.java:138)
	at org.apache.tomcat.websocket.server.WsFilter.doFilter(WsFilter.java:51)
	at org.apache.catalina.core.ApplicationFilterChain.internalDoFilter(ApplicationFilterChain.java:162)
	at org.apache.catalina.core.ApplicationFilterChain.doFilter(ApplicationFilterChain.java:138)
	at org.springframework.web.filter.RequestContextFilter.doFilterInternal(RequestContextFilter.java:100)
	at org.springframework.web.filter.OncePerRequestFilter.doFilter(OncePerRequestFilter.java:116)
	at org.apache.catalina.core.ApplicationFilterChain.internalDoFilter(ApplicationFilterChain.java:162)
	at org.apache.catalina.core.ApplicationFilterChain.doFilter(ApplicationFilterChain.java:138)
	at org.springframework.web.filter.FormContentFilter.doFilterInternal(FormContentFilter.java:93)
	at org.springframework.web.filter.OncePerRequestFilter.doFilter(OncePerRequestFilter.java:116)
	at org.apache.catalina.core.ApplicationFilterChain.internalDoFilter(ApplicationFilterChain.java:162)
	at org.apache.catalina.core.ApplicationFilterChain.doFilter(ApplicationFilterChain.java:138)
	at org.springframework.web.filter.CharacterEncodingFilter.doFilterInternal(CharacterEncodingFilter.java:201)
	at org.springframework.web.filter.OncePerRequestFilter.doFilter(OncePerRequestFilter.java:116)
	at org.apache.catalina.core.ApplicationFilterChain.internalDoFilter(ApplicationFilterChain.java:162)
	at org.apache.catalina.core.ApplicationFilterChain.doFilter(ApplicationFilterChain.java:138)
	at org.apache.catalina.core.StandardWrapperValve.invoke(StandardWrapperValve.java:165)
	at org.apache.catalina.core.StandardContextValve.invoke(StandardContextValve.java:88)
	at org.apache.catalina.authenticator.AuthenticatorBase.invoke(AuthenticatorBase.java:482)
	at org.apache.catalina.core.StandardHostValve.invoke(StandardHostValve.java:113)
	at org.apache.catalina.valves.ErrorReportValve.invoke(ErrorReportValve.java:83)
	at org.apache.catalina.core.StandardEngineValve.invoke(StandardEngineValve.java:72)
	at org.apache.catalina.connector.CoyoteAdapter.service(CoyoteAdapter.java:342)
	at org.apache.coyote.http11.Http11Processor.service(Http11Processor.java:399)
	at org.apache.coyote.AbstractProcessorLight.process(AbstractProcessorLight.java:63)
	at org.apache.coyote.AbstractProtocol$ConnectionHandler.process(AbstractProtocol.java:903)
	at org.apache.tomcat.util.net.NioEndpoint$SocketProcessor.doRun(NioEndpoint.java:1774)
	at org.apache.tomcat.util.net.SocketProcessorBase.run(SocketProcessorBase.java:52)
	at org.apache.tomcat.util.threads.ThreadPoolExecutor.runWorker(ThreadPoolExecutor.java:973)
	at org.apache.tomcat.util.threads.ThreadPoolExecutor$Worker.run(ThreadPoolExecutor.java:491)
	at org.apache.tomcat.util.threads.TaskThread$WrappingRunnable.run(TaskThread.java:63)
	at java.base/java.lang.Thread.run(Thread.java:1583)
2025-11-17 19:48:43 INFO  [main] ceu.dam.ad.users.App - Starting App using Java 21.0.8 with PID 12816 (C:\Users\rromero2106\Desktop\Github\PSP\user-api-server\target\classes started by rromero2106 in C:\Users\rromero2106\Desktop\Github\PSP\user-api-server)
2025-11-17 19:48:43 DEBUG [main] ceu.dam.ad.users.App - Running with Spring Boot v3.5.7, Spring v6.2.12
2025-11-17 19:48:43 INFO  [main] ceu.dam.ad.users.App - No active profile set, falling back to 1 default profile: "default"
2025-11-17 19:48:46 WARN  [main] o.s.b.a.o.j.JpaBaseConfiguration$JpaWebConfiguration - spring.jpa.open-in-view is enabled by default. Therefore, database queries may be performed during view rendering. Explicitly configure spring.jpa.open-in-view to disable this warning
2025-11-17 19:48:46 INFO  [main] ceu.dam.ad.users.App - Started App in 3.031 seconds (process running for 3.959)
2025-11-17 19:49:05 DEBUG [http-nio-8080-exec-2] c.d.ad.users.service.UserServiceImpl - Consultando usuario con id 6
2025-11-17 19:49:39 DEBUG [http-nio-8080-exec-4] c.d.ad.users.service.UserServiceImpl - Consultando usuario con id 6
2025-11-17 19:51:15 INFO  [main] ceu.dam.ad.users.App - Starting App using Java 21.0.8 with PID 6468 (C:\Users\rromero2106\Desktop\Github\PSP\user-api-server\target\classes started by rromero2106 in C:\Users\rromero2106\Desktop\Github\PSP\user-api-server)
2025-11-17 19:51:15 DEBUG [main] ceu.dam.ad.users.App - Running with Spring Boot v3.5.7, Spring v6.2.12
2025-11-17 19:51:15 INFO  [main] ceu.dam.ad.users.App - No active profile set, falling back to 1 default profile: "default"
2025-11-17 19:51:18 WARN  [main] o.s.b.a.o.j.JpaBaseConfiguration$JpaWebConfiguration - spring.jpa.open-in-view is enabled by default. Therefore, database queries may be performed during view rendering. Explicitly configure spring.jpa.open-in-view to disable this warning
2025-11-17 19:51:18 INFO  [main] ceu.dam.ad.users.App - Started App in 2.994 seconds (process running for 3.923)
2025-11-17 19:51:59 INFO  [main] ceu.dam.ad.users.App - Starting App using Java 21.0.8 with PID 16496 (C:\Users\rromero2106\Desktop\Github\PSP\user-api-server\target\classes started by rromero2106 in C:\Users\rromero2106\Desktop\Github\PSP\user-api-server)
2025-11-17 19:51:59 DEBUG [main] ceu.dam.ad.users.App - Running with Spring Boot v3.5.7, Spring v6.2.12
2025-11-17 19:51:59 INFO  [main] ceu.dam.ad.users.App - No active profile set, falling back to 1 default profile: "default"
2025-11-17 19:52:01 WARN  [main] o.s.b.a.o.j.JpaBaseConfiguration$JpaWebConfiguration - spring.jpa.open-in-view is enabled by default. Therefore, database queries may be performed during view rendering. Explicitly configure spring.jpa.open-in-view to disable this warning
2025-11-17 19:52:02 INFO  [main] ceu.dam.ad.users.App - Started App in 3.017 seconds (process running for 3.786)
2025-11-17 19:52:04 DEBUG [http-nio-8080-exec-2] c.d.ad.users.service.UserServiceImpl - Consultando usuario con id 6
2025-11-17 19:52:49 DEBUG [http-nio-8080-exec-9] c.d.ad.users.service.UserServiceImpl - Consultando usuario con id 5
2025-11-17 19:53:12 DEBUG [http-nio-8080-exec-6] c.d.ad.users.service.UserServiceImpl - Consultando usuario con id 7
2025-11-17 19:53:15 DEBUG [http-nio-8080-exec-7] c.d.ad.users.service.UserServiceImpl - Consultando usuario con id 6
2025-11-17 19:54:32 INFO  [main] ceu.dam.ad.users.App - Starting App using Java 21.0.8 with PID 19932 (C:\Users\rromero2106\Desktop\Github\PSP\user-api-server\target\classes started by rromero2106 in C:\Users\rromero2106\Desktop\Github\PSP\user-api-server)
2025-11-17 19:54:32 DEBUG [main] ceu.dam.ad.users.App - Running with Spring Boot v3.5.7, Spring v6.2.12
2025-11-17 19:54:32 INFO  [main] ceu.dam.ad.users.App - No active profile set, falling back to 1 default profile: "default"
2025-11-17 19:54:34 WARN  [main] o.s.b.a.o.j.JpaBaseConfiguration$JpaWebConfiguration - spring.jpa.open-in-view is enabled by default. Therefore, database queries may be performed during view rendering. Explicitly configure spring.jpa.open-in-view to disable this warning
2025-11-17 19:54:34 WARN  [main] o.s.b.w.s.c.AnnotationConfigServletWebServerApplicationContext - Exception encountered during context initialization - cancelling refresh attempt: org.springframework.context.ApplicationContextException: Failed to start bean 'webServerStartStop'
2025-11-17 19:54:34 ERROR [main] o.s.b.d.LoggingFailureAnalysisReporter - 

***************************
APPLICATION FAILED TO START
***************************

Description:

Web server failed to start. Port 8080 was already in use.

Action:

Identify and stop the process that's listening on port 8080 or configure this application to listen on another port.

2025-11-17 19:55:27 INFO  [main] ceu.dam.ad.users.App - Starting App using Java 21.0.8 with PID 5200 (C:\Users\rromero2106\Desktop\Github\PSP\user-api-server\target\classes started by rromero2106 in C:\Users\rromero2106\Desktop\Github\PSP\user-api-server)
2025-11-17 19:55:27 DEBUG [main] ceu.dam.ad.users.App - Running with Spring Boot v3.5.7, Spring v6.2.12
2025-11-17 19:55:27 INFO  [main] ceu.dam.ad.users.App - No active profile set, falling back to 1 default profile: "default"
2025-11-17 19:55:30 WARN  [main] o.s.b.a.o.j.JpaBaseConfiguration$JpaWebConfiguration - spring.jpa.open-in-view is enabled by default. Therefore, database queries may be performed during view rendering. Explicitly configure spring.jpa.open-in-view to disable this warning
2025-11-17 19:55:30 WARN  [main] o.s.b.w.s.c.AnnotationConfigServletWebServerApplicationContext - Exception encountered during context initialization - cancelling refresh attempt: org.springframework.context.ApplicationContextException: Failed to start bean 'webServerStartStop'
2025-11-17 19:55:30 ERROR [main] o.s.b.d.LoggingFailureAnalysisReporter - 

***************************
APPLICATION FAILED TO START
***************************

Description:

Web server failed to start. Port 8080 was already in use.

Action:

Identify and stop the process that's listening on port 8080 or configure this application to listen on another port.

2025-11-17 19:58:03 INFO  [main] ceu.dam.ad.users.App - Starting App using Java 21.0.8 with PID 22708 (C:\Users\rromero2106\Desktop\Github\PSP\user-api-server\target\classes started by rromero2106 in C:\Users\rromero2106\Desktop\Github\PSP\user-api-server)
2025-11-17 19:58:03 DEBUG [main] ceu.dam.ad.users.App - Running with Spring Boot v3.5.7, Spring v6.2.12
2025-11-17 19:58:03 INFO  [main] ceu.dam.ad.users.App - No active profile set, falling back to 1 default profile: "default"
2025-11-17 19:58:05 WARN  [main] o.s.b.a.o.j.JpaBaseConfiguration$JpaWebConfiguration - spring.jpa.open-in-view is enabled by default. Therefore, database queries may be performed during view rendering. Explicitly configure spring.jpa.open-in-view to disable this warning
2025-11-17 19:58:05 INFO  [main] ceu.dam.ad.users.App - Started App in 2.577 seconds (process running for 3.267)
2025-11-17 19:58:12 DEBUG [http-nio-8080-exec-2] c.d.ad.users.service.UserServiceImpl - Consultando usuario con id 6
2025-11-17 19:59:24 DEBUG [http-nio-8080-exec-9] c.d.ad.users.service.UserServiceImpl - Consultando usuario con id 5
2025-11-17 20:05:22 INFO  [main] ceu.dam.ad.users.App - Starting App using Java 21.0.8 with PID 4240 (C:\Users\rromero2106\Desktop\Github\PSP\user-api-server\target\classes started by rromero2106 in C:\Users\rromero2106\Desktop\Github\PSP\user-api-server)
2025-11-17 20:05:22 DEBUG [main] ceu.dam.ad.users.App - Running with Spring Boot v3.5.7, Spring v6.2.12
2025-11-17 20:05:22 INFO  [main] ceu.dam.ad.users.App - No active profile set, falling back to 1 default profile: "default"
2025-11-17 20:05:24 INFO  [main] ceu.dam.ad.users.App - Starting App using Java 21.0.8 with PID 10880 (C:\Users\rromero2106\Desktop\Github\PSP\user-api-server\target\classes started by rromero2106 in C:\Users\rromero2106\Desktop\Github\PSP\user-api-server)
2025-11-17 20:05:24 DEBUG [main] ceu.dam.ad.users.App - Running with Spring Boot v3.5.7, Spring v6.2.12
2025-11-17 20:05:24 INFO  [main] ceu.dam.ad.users.App - No active profile set, falling back to 1 default profile: "default"
2025-11-17 20:05:25 WARN  [main] o.s.b.a.o.j.JpaBaseConfiguration$JpaWebConfiguration - spring.jpa.open-in-view is enabled by default. Therefore, database queries may be performed during view rendering. Explicitly configure spring.jpa.open-in-view to disable this warning
2025-11-17 20:05:25 INFO  [main] ceu.dam.ad.users.App - Started App in 3.182 seconds (process running for 4.03)
2025-11-17 20:05:26 WARN  [main] o.s.b.a.o.j.JpaBaseConfiguration$JpaWebConfiguration - spring.jpa.open-in-view is enabled by default. Therefore, database queries may be performed during view rendering. Explicitly configure spring.jpa.open-in-view to disable this warning
2025-11-17 20:05:26 WARN  [main] o.s.b.w.s.c.AnnotationConfigServletWebServerApplicationContext - Exception encountered during context initialization - cancelling refresh attempt: org.springframework.context.ApplicationContextException: Failed to start bean 'webServerStartStop'
2025-11-17 20:05:27 ERROR [main] o.s.b.d.LoggingFailureAnalysisReporter - 

***************************
APPLICATION FAILED TO START
***************************

Description:

Web server failed to start. Port 8080 was already in use.

Action:

Identify and stop the process that's listening on port 8080 or configure this application to listen on another port.

2025-11-17 20:06:49 INFO  [main] ceu.dam.ad.users.App - Starting App using Java 21.0.8 with PID 23308 (C:\Users\rromero2106\Desktop\Github\PSP\user-api-server\target\classes started by rromero2106 in C:\Users\rromero2106\Desktop\Github\PSP\user-api-server)
2025-11-17 20:06:49 DEBUG [main] ceu.dam.ad.users.App - Running with Spring Boot v3.5.7, Spring v6.2.12
2025-11-17 20:06:49 INFO  [main] ceu.dam.ad.users.App - No active profile set, falling back to 1 default profile: "default"
2025-11-17 20:06:52 WARN  [main] o.s.b.a.o.j.JpaBaseConfiguration$JpaWebConfiguration - spring.jpa.open-in-view is enabled by default. Therefore, database queries may be performed during view rendering. Explicitly configure spring.jpa.open-in-view to disable this warning
2025-11-17 20:06:52 INFO  [main] ceu.dam.ad.users.App - Started App in 3.025 seconds (process running for 3.993)
2025-11-17 20:07:23 INFO  [main] ceu.dam.ad.users.App - Starting App using Java 21.0.8 with PID 24308 (C:\Users\rromero2106\Desktop\Github\PSP\user-api-server\target\classes started by rromero2106 in C:\Users\rromero2106\Desktop\Github\PSP\user-api-server)
2025-11-17 20:07:23 DEBUG [main] ceu.dam.ad.users.App - Running with Spring Boot v3.5.7, Spring v6.2.12
2025-11-17 20:07:23 INFO  [main] ceu.dam.ad.users.App - No active profile set, falling back to 1 default profile: "default"
2025-11-17 20:07:26 WARN  [main] o.s.b.a.o.j.JpaBaseConfiguration$JpaWebConfiguration - spring.jpa.open-in-view is enabled by default. Therefore, database queries may be performed during view rendering. Explicitly configure spring.jpa.open-in-view to disable this warning
2025-11-17 20:07:26 INFO  [main] ceu.dam.ad.users.App - Started App in 2.626 seconds (process running for 3.319)
2025-11-17 20:08:50 INFO  [main] ceu.dam.ad.users.App - Starting App using Java 21.0.8 with PID 11452 (C:\Users\rromero2106\Desktop\Github\PSP\user-api-server\target\classes started by rromero2106 in C:\Users\rromero2106\Desktop\Github\PSP\user-api-server)
2025-11-17 20:08:50 DEBUG [main] ceu.dam.ad.users.App - Running with Spring Boot v3.5.7, Spring v6.2.12
2025-11-17 20:08:50 INFO  [main] ceu.dam.ad.users.App - No active profile set, falling back to 1 default profile: "default"
2025-11-17 20:08:53 WARN  [main] o.s.b.a.o.j.JpaBaseConfiguration$JpaWebConfiguration - spring.jpa.open-in-view is enabled by default. Therefore, database queries may be performed during view rendering. Explicitly configure spring.jpa.open-in-view to disable this warning
2025-11-17 20:08:53 INFO  [main] ceu.dam.ad.users.App - Started App in 3.191 seconds (process running for 4.16)
2025-11-17 20:10:10 DEBUG [http-nio-8080-exec-1] c.d.ad.users.service.UserServiceImpl - Creando nuevo usuario: User(id=null, username=ramon3, email=ramone@lhermano3.com, password=Password123, createdDate=null, lastLoginDate=null)
2025-11-17 20:10:10 DEBUG [http-nio-8080-exec-1] c.d.ad.users.service.UserServiceImpl - Usuario creado con éxito con id 7
2025-11-17 20:11:05 DEBUG [http-nio-8080-exec-4] c.d.ad.users.service.UserServiceImpl - Creando nuevo usuario: User(id=null, username=ramon4, email=ramonelhermano4@gmail.com, password=Password123, createdDate=null, lastLoginDate=null)
2025-11-17 20:11:05 DEBUG [http-nio-8080-exec-4] c.d.ad.users.service.UserServiceImpl - Usuario creado con éxito con id 8
2025-11-17 20:17:25 DEBUG [http-nio-8080-exec-8] c.d.ad.users.service.UserServiceImpl - Creando nuevo usuario: User(id=null, username=ramon4, email=ramonelhermano4@gmail.com, password=Password123, createdDate=null, lastLoginDate=null)
2025-11-17 20:17:26 DEBUG [http-nio-8080-exec-8] c.d.ad.users.service.UserServiceImpl - Usuario con email repetido
2025-11-17 20:17:54 INFO  [main] ceu.dam.ad.users.App - Starting App using Java 21.0.8 with PID 20092 (C:\Users\rromero2106\Desktop\Github\PSP\user-api-server\target\classes started by rromero2106 in C:\Users\rromero2106\Desktop\Github\PSP\user-api-server)
2025-11-17 20:17:54 DEBUG [main] ceu.dam.ad.users.App - Running with Spring Boot v3.5.7, Spring v6.2.12
2025-11-17 20:17:54 INFO  [main] ceu.dam.ad.users.App - No active profile set, falling back to 1 default profile: "default"
2025-11-17 20:17:56 WARN  [main] o.s.b.a.o.j.JpaBaseConfiguration$JpaWebConfiguration - spring.jpa.open-in-view is enabled by default. Therefore, database queries may be performed during view rendering. Explicitly configure spring.jpa.open-in-view to disable this warning
2025-11-17 20:17:56 INFO  [main] ceu.dam.ad.users.App - Started App in 2.688 seconds (process running for 3.412)
2025-11-17 20:18:37 DEBUG [http-nio-8080-exec-1] c.d.ad.users.service.UserServiceImpl - Consultando usuario con id 5
2025-11-17 20:18:45 DEBUG [http-nio-8080-exec-3] c.d.ad.users.service.UserServiceImpl - Creando nuevo usuario: User(id=null, username=ramon5, email=ramonelhermano4@gmail.com, password=Password123, createdDate=null, lastLoginDate=null)
2025-11-17 20:18:45 DEBUG [http-nio-8080-exec-3] c.d.ad.users.service.UserServiceImpl - Usuario con email repetido
2025-11-17 20:18:49 DEBUG [http-nio-8080-exec-4] c.d.ad.users.service.UserServiceImpl - Creando nuevo usuario: User(id=null, username=ramon5, email=ramonelhermano5@gmail.com, password=Password123, createdDate=null, lastLoginDate=null)
2025-11-17 20:18:49 DEBUG [http-nio-8080-exec-4] c.d.ad.users.service.UserServiceImpl - Usuario creado con éxito con id 9
2025-11-17 20:22:14 INFO  [main] ceu.dam.ad.users.App - Starting App using Java 21.0.8 with PID 7896 (C:\Users\rromero2106\Desktop\Github\PSP\user-api-server\target\classes started by rromero2106 in C:\Users\rromero2106\Desktop\Github\PSP\user-api-server)
2025-11-17 20:22:14 DEBUG [main] ceu.dam.ad.users.App - Running with Spring Boot v3.5.7, Spring v6.2.12
2025-11-17 20:22:14 INFO  [main] ceu.dam.ad.users.App - No active profile set, falling back to 1 default profile: "default"
2025-11-17 20:22:16 WARN  [main] o.s.b.a.o.j.JpaBaseConfiguration$JpaWebConfiguration - spring.jpa.open-in-view is enabled by default. Therefore, database queries may be performed during view rendering. Explicitly configure spring.jpa.open-in-view to disable this warning
2025-11-17 20:22:17 INFO  [main] ceu.dam.ad.users.App - Started App in 2.614 seconds (process running for 3.303)
2025-11-17 20:22:31 WARN  [http-nio-8080-exec-1] o.s.w.s.m.m.a.ExceptionHandlerExceptionResolver - Failure in @ExceptionHandler ceu.dam.ad.users.exception.GlobalExceptionHandeler#handle(MethodArgumentNotValidException)
java.lang.Error: Unresolved compilation problems: 
	Syntax error, insert "VariableDeclarators" to complete LocalVariableDeclaration
	Syntax error, insert ";" to complete LocalVariableDeclarationStatement
	s cannot be resolved

	at ceu.dam.ad.users.exception.GlobalExceptionHandeler.handle(GlobalExceptionHandeler.java:33)
	at java.base/jdk.internal.reflect.DirectMethodHandleAccessor.invoke(DirectMethodHandleAccessor.java:103)
	at java.base/java.lang.reflect.Method.invoke(Method.java:580)
	at org.springframework.web.method.support.InvocableHandlerMethod.doInvoke(InvocableHandlerMethod.java:258)
	at org.springframework.web.method.support.InvocableHandlerMethod.invokeForRequest(InvocableHandlerMethod.java:191)
	at org.springframework.web.servlet.mvc.method.annotation.ServletInvocableHandlerMethod.invokeAndHandle(ServletInvocableHandlerMethod.java:118)
	at org.springframework.web.servlet.mvc.method.annotation.ExceptionHandlerExceptionResolver.doResolveHandlerMethodException(ExceptionHandlerExceptionResolver.java:471)
	at org.springframework.web.servlet.handler.AbstractHandlerMethodExceptionResolver.doResolveException(AbstractHandlerMethodExceptionResolver.java:73)
	at org.springframework.web.servlet.handler.AbstractHandlerExceptionResolver.resolveException(AbstractHandlerExceptionResolver.java:182)
	at org.springframework.web.servlet.handler.HandlerExceptionResolverComposite.resolveException(HandlerExceptionResolverComposite.java:80)
	at org.springframework.web.servlet.DispatcherServlet.processHandlerException(DispatcherServlet.java:1360)
	at org.springframework.web.servlet.DispatcherServlet.processDispatchResult(DispatcherServlet.java:1161)
	at org.springframework.web.servlet.DispatcherServlet.doDispatch(DispatcherServlet.java:1106)
	at org.springframework.web.servlet.DispatcherServlet.doService(DispatcherServlet.java:979)
	at org.springframework.web.servlet.FrameworkServlet.processRequest(FrameworkServlet.java:1014)
	at org.springframework.web.servlet.FrameworkServlet.doPost(FrameworkServlet.java:914)
	at jakarta.servlet.http.HttpServlet.service(HttpServlet.java:590)
	at org.springframework.web.servlet.FrameworkServlet.service(FrameworkServlet.java:885)
	at jakarta.servlet.http.HttpServlet.service(HttpServlet.java:658)
	at org.apache.catalina.core.ApplicationFilterChain.internalDoFilter(ApplicationFilterChain.java:193)
	at org.apache.catalina.core.ApplicationFilterChain.doFilter(ApplicationFilterChain.java:138)
	at org.apache.tomcat.websocket.server.WsFilter.doFilter(WsFilter.java:51)
	at org.apache.catalina.core.ApplicationFilterChain.internalDoFilter(ApplicationFilterChain.java:162)
	at org.apache.catalina.core.ApplicationFilterChain.doFilter(ApplicationFilterChain.java:138)
	at org.springframework.web.filter.RequestContextFilter.doFilterInternal(RequestContextFilter.java:100)
	at org.springframework.web.filter.OncePerRequestFilter.doFilter(OncePerRequestFilter.java:116)
	at org.apache.catalina.core.ApplicationFilterChain.internalDoFilter(ApplicationFilterChain.java:162)
	at org.apache.catalina.core.ApplicationFilterChain.doFilter(ApplicationFilterChain.java:138)
	at org.springframework.web.filter.FormContentFilter.doFilterInternal(FormContentFilter.java:93)
	at org.springframework.web.filter.OncePerRequestFilter.doFilter(OncePerRequestFilter.java:116)
	at org.apache.catalina.core.ApplicationFilterChain.internalDoFilter(ApplicationFilterChain.java:162)
	at org.apache.catalina.core.ApplicationFilterChain.doFilter(ApplicationFilterChain.java:138)
	at org.springframework.web.filter.CharacterEncodingFilter.doFilterInternal(CharacterEncodingFilter.java:201)
	at org.springframework.web.filter.OncePerRequestFilter.doFilter(OncePerRequestFilter.java:116)
	at org.apache.catalina.core.ApplicationFilterChain.internalDoFilter(ApplicationFilterChain.java:162)
	at org.apache.catalina.core.ApplicationFilterChain.doFilter(ApplicationFilterChain.java:138)
	at org.apache.catalina.core.StandardWrapperValve.invoke(StandardWrapperValve.java:165)
	at org.apache.catalina.core.StandardContextValve.invoke(StandardContextValve.java:88)
	at org.apache.catalina.authenticator.AuthenticatorBase.invoke(AuthenticatorBase.java:482)
	at org.apache.catalina.core.StandardHostValve.invoke(StandardHostValve.java:113)
	at org.apache.catalina.valves.ErrorReportValve.invoke(ErrorReportValve.java:83)
	at org.apache.catalina.core.StandardEngineValve.invoke(StandardEngineValve.java:72)
	at org.apache.catalina.connector.CoyoteAdapter.service(CoyoteAdapter.java:342)
	at org.apache.coyote.http11.Http11Processor.service(Http11Processor.java:399)
	at org.apache.coyote.AbstractProcessorLight.process(AbstractProcessorLight.java:63)
	at org.apache.coyote.AbstractProtocol$ConnectionHandler.process(AbstractProtocol.java:903)
	at org.apache.tomcat.util.net.NioEndpoint$SocketProcessor.doRun(NioEndpoint.java:1774)
	at org.apache.tomcat.util.net.SocketProcessorBase.run(SocketProcessorBase.java:52)
	at org.apache.tomcat.util.threads.ThreadPoolExecutor.runWorker(ThreadPoolExecutor.java:973)
	at org.apache.tomcat.util.threads.ThreadPoolExecutor$Worker.run(ThreadPoolExecutor.java:491)
	at org.apache.tomcat.util.threads.TaskThread$WrappingRunnable.run(TaskThread.java:63)
	at java.base/java.lang.Thread.run(Thread.java:1583)
2025-11-17 20:22:31 WARN  [http-nio-8080-exec-1] o.s.w.s.m.s.DefaultHandlerExceptionResolver - Resolved [org.springframework.web.bind.MethodArgumentNotValidException: Validation failed for argument [0] in public ceu.dam.ad.users.dto.LoginRequestDto ceu.dam.ad.users.controller.UserController.login(ceu.dam.ad.users.dto.LoginRequestDto) throws ceu.dam.ad.users.exception.UserNotFoundException,ceu.dam.ad.users.exception.UserUnauthorizedException,ceu.dam.ad.users.exception.UserException: [Field error in object 'loginRequestDto' on field 'login': rejected value [ramon4]; codes [Email.loginRequestDto.login,Email.login,Email.java.lang.String,Email]; arguments [org.springframework.context.support.DefaultMessageSourceResolvable: codes [loginRequestDto.login,login]; arguments []; default message [login],[Ljakarta.validation.constraints.Pattern$Flag;@761bbb3a,.*]; default message [El login no puede ser en blanco]] ]
2025-11-17 20:22:42 DEBUG [http-nio-8080-exec-4] c.d.ad.users.service.UserServiceImpl - Realizando login con usuario ramonelhermano@gmail.com
2025-11-17 20:22:42 DEBUG [http-nio-8080-exec-4] c.d.ad.users.service.UserServiceImpl - Intentando login por email...
2025-11-17 20:22:42 DEBUG [http-nio-8080-exec-4] c.d.ad.users.service.UserServiceImpl - Intentando login por username...
2025-11-17 20:22:42 DEBUG [http-nio-8080-exec-4] c.d.ad.users.service.UserServiceImpl - No existe usuario (email o username)
2025-11-17 20:23:00 DEBUG [http-nio-8080-exec-5] c.d.ad.users.service.UserServiceImpl - Creando nuevo usuario: User(id=null, username=ramon5, email=ramonelhermano5@gmail.com, password=Password123, createdDate=null, lastLoginDate=null)
2025-11-17 20:23:00 DEBUG [http-nio-8080-exec-5] c.d.ad.users.service.UserServiceImpl - Usuario con email repetido
2025-11-17 20:23:20 DEBUG [http-nio-8080-exec-6] c.d.ad.users.service.UserServiceImpl - Consultando usuario con id 5
2025-11-17 20:23:32 DEBUG [http-nio-8080-exec-7] c.d.ad.users.service.UserServiceImpl - Creando nuevo usuario: User(id=null, username=ramon, email=ramonelhermano@gmail.com, password=Password123, createdDate=null, lastLoginDate=null)
2025-11-17 20:23:32 DEBUG [http-nio-8080-exec-7] c.d.ad.users.service.UserServiceImpl - Usuario con username repetido
2025-11-17 20:23:39 DEBUG [http-nio-8080-exec-8] c.d.ad.users.service.UserServiceImpl - Creando nuevo usuario: User(id=null, username=ramonRomero, email=ramonelhermano@gmail.com, password=Password123, createdDate=null, lastLoginDate=null)
2025-11-17 20:23:39 DEBUG [http-nio-8080-exec-8] c.d.ad.users.service.UserServiceImpl - Usuario creado con éxito con id 10
2025-11-17 20:23:45 DEBUG [http-nio-8080-exec-9] c.d.ad.users.service.UserServiceImpl - Realizando login con usuario ramonelhermano@gmail.com
2025-11-17 20:23:45 DEBUG [http-nio-8080-exec-9] c.d.ad.users.service.UserServiceImpl - Intentando login por email...
2025-11-17 20:23:45 DEBUG [http-nio-8080-exec-9] c.d.ad.users.service.UserServiceImpl - Actualizando fecha de último login
2025-11-17 20:23:45 DEBUG [http-nio-8080-exec-9] c.d.ad.users.service.UserServiceImpl - Login correcto
2025-11-17 20:24:25 DEBUG [http-nio-8080-exec-6] c.d.ad.users.service.UserServiceImpl - Consultando usuario con id 10
2025-11-17 20:24:55 DEBUG [http-nio-8080-exec-9] c.d.ad.users.service.UserServiceImpl - Realizando login con usuario ramonelhermano@gmail.com
2025-11-17 20:24:55 DEBUG [http-nio-8080-exec-9] c.d.ad.users.service.UserServiceImpl - Intentando login por email...
2025-11-17 20:24:55 DEBUG [http-nio-8080-exec-9] c.d.ad.users.service.UserServiceImpl - Actualizando fecha de último login
2025-11-17 20:24:55 DEBUG [http-nio-8080-exec-9] c.d.ad.users.service.UserServiceImpl - Login correcto
2025-11-17 20:25:54 WARN  [http-nio-8080-exec-10] o.s.w.s.m.m.a.ExceptionHandlerExceptionResolver - Failure in @ExceptionHandler ceu.dam.ad.users.exception.GlobalExceptionHandeler#handle(MethodArgumentNotValidException)
java.lang.Error: Unresolved compilation problems: 
	Syntax error, insert "VariableDeclarators" to complete LocalVariableDeclaration
	Syntax error, insert ";" to complete LocalVariableDeclarationStatement
	s cannot be resolved

	at ceu.dam.ad.users.exception.GlobalExceptionHandeler.handle(GlobalExceptionHandeler.java:33)
	at java.base/jdk.internal.reflect.DirectMethodHandleAccessor.invoke(DirectMethodHandleAccessor.java:103)
	at java.base/java.lang.reflect.Method.invoke(Method.java:580)
	at org.springframework.web.method.support.InvocableHandlerMethod.doInvoke(InvocableHandlerMethod.java:258)
	at org.springframework.web.method.support.InvocableHandlerMethod.invokeForRequest(InvocableHandlerMethod.java:191)
	at org.springframework.web.servlet.mvc.method.annotation.ServletInvocableHandlerMethod.invokeAndHandle(ServletInvocableHandlerMethod.java:118)
	at org.springframework.web.servlet.mvc.method.annotation.ExceptionHandlerExceptionResolver.doResolveHandlerMethodException(ExceptionHandlerExceptionResolver.java:471)
	at org.springframework.web.servlet.handler.AbstractHandlerMethodExceptionResolver.doResolveException(AbstractHandlerMethodExceptionResolver.java:73)
	at org.springframework.web.servlet.handler.AbstractHandlerExceptionResolver.resolveException(AbstractHandlerExceptionResolver.java:182)
	at org.springframework.web.servlet.handler.HandlerExceptionResolverComposite.resolveException(HandlerExceptionResolverComposite.java:80)
	at org.springframework.web.servlet.DispatcherServlet.processHandlerException(DispatcherServlet.java:1360)
	at org.springframework.web.servlet.DispatcherServlet.processDispatchResult(DispatcherServlet.java:1161)
	at org.springframework.web.servlet.DispatcherServlet.doDispatch(DispatcherServlet.java:1106)
	at org.springframework.web.servlet.DispatcherServlet.doService(DispatcherServlet.java:979)
	at org.springframework.web.servlet.FrameworkServlet.processRequest(FrameworkServlet.java:1014)
	at org.springframework.web.servlet.FrameworkServlet.doPost(FrameworkServlet.java:914)
	at jakarta.servlet.http.HttpServlet.service(HttpServlet.java:590)
	at org.springframework.web.servlet.FrameworkServlet.service(FrameworkServlet.java:885)
	at jakarta.servlet.http.HttpServlet.service(HttpServlet.java:658)
	at org.apache.catalina.core.ApplicationFilterChain.internalDoFilter(ApplicationFilterChain.java:193)
	at org.apache.catalina.core.ApplicationFilterChain.doFilter(ApplicationFilterChain.java:138)
	at org.apache.tomcat.websocket.server.WsFilter.doFilter(WsFilter.java:51)
	at org.apache.catalina.core.ApplicationFilterChain.internalDoFilter(ApplicationFilterChain.java:162)
	at org.apache.catalina.core.ApplicationFilterChain.doFilter(ApplicationFilterChain.java:138)
	at org.springframework.web.filter.RequestContextFilter.doFilterInternal(RequestContextFilter.java:100)
	at org.springframework.web.filter.OncePerRequestFilter.doFilter(OncePerRequestFilter.java:116)
	at org.apache.catalina.core.ApplicationFilterChain.internalDoFilter(ApplicationFilterChain.java:162)
	at org.apache.catalina.core.ApplicationFilterChain.doFilter(ApplicationFilterChain.java:138)
	at org.springframework.web.filter.FormContentFilter.doFilterInternal(FormContentFilter.java:93)
	at org.springframework.web.filter.OncePerRequestFilter.doFilter(OncePerRequestFilter.java:116)
	at org.apache.catalina.core.ApplicationFilterChain.internalDoFilter(ApplicationFilterChain.java:162)
	at org.apache.catalina.core.ApplicationFilterChain.doFilter(ApplicationFilterChain.java:138)
	at org.springframework.web.filter.CharacterEncodingFilter.doFilterInternal(CharacterEncodingFilter.java:201)
	at org.springframework.web.filter.OncePerRequestFilter.doFilter(OncePerRequestFilter.java:116)
	at org.apache.catalina.core.ApplicationFilterChain.internalDoFilter(ApplicationFilterChain.java:162)
	at org.apache.catalina.core.ApplicationFilterChain.doFilter(ApplicationFilterChain.java:138)
	at org.apache.catalina.core.StandardWrapperValve.invoke(StandardWrapperValve.java:165)
	at org.apache.catalina.core.StandardContextValve.invoke(StandardContextValve.java:88)
	at org.apache.catalina.authenticator.AuthenticatorBase.invoke(AuthenticatorBase.java:482)
	at org.apache.catalina.core.StandardHostValve.invoke(StandardHostValve.java:113)
	at org.apache.catalina.valves.ErrorReportValve.invoke(ErrorReportValve.java:83)
	at org.apache.catalina.core.StandardEngineValve.invoke(StandardEngineValve.java:72)
	at org.apache.catalina.connector.CoyoteAdapter.service(CoyoteAdapter.java:342)
	at org.apache.coyote.http11.Http11Processor.service(Http11Processor.java:399)
	at org.apache.coyote.AbstractProcessorLight.process(AbstractProcessorLight.java:63)
	at org.apache.coyote.AbstractProtocol$ConnectionHandler.process(AbstractProtocol.java:903)
	at org.apache.tomcat.util.net.NioEndpoint$SocketProcessor.doRun(NioEndpoint.java:1774)
	at org.apache.tomcat.util.net.SocketProcessorBase.run(SocketProcessorBase.java:52)
	at org.apache.tomcat.util.threads.ThreadPoolExecutor.runWorker(ThreadPoolExecutor.java:973)
	at org.apache.tomcat.util.threads.ThreadPoolExecutor$Worker.run(ThreadPoolExecutor.java:491)
	at org.apache.tomcat.util.threads.TaskThread$WrappingRunnable.run(TaskThread.java:63)
	at java.base/java.lang.Thread.run(Thread.java:1583)
2025-11-17 20:25:54 WARN  [http-nio-8080-exec-10] o.s.w.s.m.s.DefaultHandlerExceptionResolver - Resolved [org.springframework.web.bind.MethodArgumentNotValidException: Validation failed for argument [0] in public ceu.dam.ad.users.dto.NewUserResponseDto ceu.dam.ad.users.controller.UserController.createUser(ceu.dam.ad.users.dto.UserResquestDto) throws ceu.dam.ad.users.exception.DuplicateUserException,ceu.dam.ad.users.exception.UserException: [Field error in object 'userResquestDto' on field 'email': rejected value [ramonelhermanoaaaaaaaaaaaaaaaaaaaaaaaaaaaaaaaaaaaaaaaaaaaaaaaaaaaaaaaaaaaaaaaaaaaaaaaaaaaaaaaaaaaaaaaaaaaaaaaaaaaaaaaaaaaaaaaaaaaaaaaaaaaaaaaaaaaaaaaaaaaaaaaaaaaaaaaaaaaaaaaaaaaaaaaaaaaaaaaaaaaaaaaaaaaaaaaaaaaaaaaaaaaaaaaaaaaaaaaaaaaaaaaaaaaaaaaaaaaaaaaaaaaaaaaaaaaaaaaaaaaaaaaaaaaaaaaaaaaaaaaaaaaaaaaaaaaaaaaaaaaaaaaaaaaaaaaaaaaaaaaaaaaaaaaaaaaaaaaaaaaaaaaaaaaaaaaaaaaaaaaaaaaaaaaaaaaaaaaaaaaaaaaaaaaaaaaaaaaaaaaaaaaaaaaaaaaaaaaaaaaaaaaaaaaaaaaaaaaaaaaaaaaaaaaaaaaaaaaaaaaaaaaaaaaaaaaaaaaaaaaaaaaaaaaaaaaaaaaaaaaaaaaaaaaaaaaaaaaaaaaaaaaaaaaaaaaaaaaaaaaaaaaaaaaaaaaaaaaaaaaaaaaaaaaaaaaaaaaaaaaaaaaaaaaaaaaaaaaaaaaaaaaaaaaaaaaaaaaaaaaaaaaaaaaaaaaaaaaaaaaaaaaaaaaaaaaa@gmail.com]; codes [Email.userResquestDto.email,Email.email,Email.java.lang.String,Email]; arguments [org.springframework.context.support.DefaultMessageSourceResolvable: codes [userResquestDto.email,email]; arguments []; default message [email],[Ljakarta.validation.constraints.Pattern$Flag;@761bbb3a,.*]; default message [El login no puede ser en blanco]] ]
2025-11-17 20:26:00 WARN  [http-nio-8080-exec-2] o.s.w.s.m.m.a.ExceptionHandlerExceptionResolver - Failure in @ExceptionHandler ceu.dam.ad.users.exception.GlobalExceptionHandeler#handle(MethodArgumentNotValidException)
java.lang.Error: Unresolved compilation problems: 
	Syntax error, insert "VariableDeclarators" to complete LocalVariableDeclaration
	Syntax error, insert ";" to complete LocalVariableDeclarationStatement
	s cannot be resolved

	at ceu.dam.ad.users.exception.GlobalExceptionHandeler.handle(GlobalExceptionHandeler.java:33)
	at java.base/jdk.internal.reflect.DirectMethodHandleAccessor.invoke(DirectMethodHandleAccessor.java:103)
	at java.base/java.lang.reflect.Method.invoke(Method.java:580)
	at org.springframework.web.method.support.InvocableHandlerMethod.doInvoke(InvocableHandlerMethod.java:258)
	at org.springframework.web.method.support.InvocableHandlerMethod.invokeForRequest(InvocableHandlerMethod.java:191)
	at org.springframework.web.servlet.mvc.method.annotation.ServletInvocableHandlerMethod.invokeAndHandle(ServletInvocableHandlerMethod.java:118)
	at org.springframework.web.servlet.mvc.method.annotation.ExceptionHandlerExceptionResolver.doResolveHandlerMethodException(ExceptionHandlerExceptionResolver.java:471)
	at org.springframework.web.servlet.handler.AbstractHandlerMethodExceptionResolver.doResolveException(AbstractHandlerMethodExceptionResolver.java:73)
	at org.springframework.web.servlet.handler.AbstractHandlerExceptionResolver.resolveException(AbstractHandlerExceptionResolver.java:182)
	at org.springframework.web.servlet.handler.HandlerExceptionResolverComposite.resolveException(HandlerExceptionResolverComposite.java:80)
	at org.springframework.web.servlet.DispatcherServlet.processHandlerException(DispatcherServlet.java:1360)
	at org.springframework.web.servlet.DispatcherServlet.processDispatchResult(DispatcherServlet.java:1161)
	at org.springframework.web.servlet.DispatcherServlet.doDispatch(DispatcherServlet.java:1106)
	at org.springframework.web.servlet.DispatcherServlet.doService(DispatcherServlet.java:979)
	at org.springframework.web.servlet.FrameworkServlet.processRequest(FrameworkServlet.java:1014)
	at org.springframework.web.servlet.FrameworkServlet.doPost(FrameworkServlet.java:914)
	at jakarta.servlet.http.HttpServlet.service(HttpServlet.java:590)
	at org.springframework.web.servlet.FrameworkServlet.service(FrameworkServlet.java:885)
	at jakarta.servlet.http.HttpServlet.service(HttpServlet.java:658)
	at org.apache.catalina.core.ApplicationFilterChain.internalDoFilter(ApplicationFilterChain.java:193)
	at org.apache.catalina.core.ApplicationFilterChain.doFilter(ApplicationFilterChain.java:138)
	at org.apache.tomcat.websocket.server.WsFilter.doFilter(WsFilter.java:51)
	at org.apache.catalina.core.ApplicationFilterChain.internalDoFilter(ApplicationFilterChain.java:162)
	at org.apache.catalina.core.ApplicationFilterChain.doFilter(ApplicationFilterChain.java:138)
	at org.springframework.web.filter.RequestContextFilter.doFilterInternal(RequestContextFilter.java:100)
	at org.springframework.web.filter.OncePerRequestFilter.doFilter(OncePerRequestFilter.java:116)
	at org.apache.catalina.core.ApplicationFilterChain.internalDoFilter(ApplicationFilterChain.java:162)
	at org.apache.catalina.core.ApplicationFilterChain.doFilter(ApplicationFilterChain.java:138)
	at org.springframework.web.filter.FormContentFilter.doFilterInternal(FormContentFilter.java:93)
	at org.springframework.web.filter.OncePerRequestFilter.doFilter(OncePerRequestFilter.java:116)
	at org.apache.catalina.core.ApplicationFilterChain.internalDoFilter(ApplicationFilterChain.java:162)
	at org.apache.catalina.core.ApplicationFilterChain.doFilter(ApplicationFilterChain.java:138)
	at org.springframework.web.filter.CharacterEncodingFilter.doFilterInternal(CharacterEncodingFilter.java:201)
	at org.springframework.web.filter.OncePerRequestFilter.doFilter(OncePerRequestFilter.java:116)
	at org.apache.catalina.core.ApplicationFilterChain.internalDoFilter(ApplicationFilterChain.java:162)
	at org.apache.catalina.core.ApplicationFilterChain.doFilter(ApplicationFilterChain.java:138)
	at org.apache.catalina.core.StandardWrapperValve.invoke(StandardWrapperValve.java:165)
	at org.apache.catalina.core.StandardContextValve.invoke(StandardContextValve.java:88)
	at org.apache.catalina.authenticator.AuthenticatorBase.invoke(AuthenticatorBase.java:482)
	at org.apache.catalina.core.StandardHostValve.invoke(StandardHostValve.java:113)
	at org.apache.catalina.valves.ErrorReportValve.invoke(ErrorReportValve.java:83)
	at org.apache.catalina.core.StandardEngineValve.invoke(StandardEngineValve.java:72)
	at org.apache.catalina.connector.CoyoteAdapter.service(CoyoteAdapter.java:342)
	at org.apache.coyote.http11.Http11Processor.service(Http11Processor.java:399)
	at org.apache.coyote.AbstractProcessorLight.process(AbstractProcessorLight.java:63)
	at org.apache.coyote.AbstractProtocol$ConnectionHandler.process(AbstractProtocol.java:903)
	at org.apache.tomcat.util.net.NioEndpoint$SocketProcessor.doRun(NioEndpoint.java:1774)
	at org.apache.tomcat.util.net.SocketProcessorBase.run(SocketProcessorBase.java:52)
	at org.apache.tomcat.util.threads.ThreadPoolExecutor.runWorker(ThreadPoolExecutor.java:973)
	at org.apache.tomcat.util.threads.ThreadPoolExecutor$Worker.run(ThreadPoolExecutor.java:491)
	at org.apache.tomcat.util.threads.TaskThread$WrappingRunnable.run(TaskThread.java:63)
	at java.base/java.lang.Thread.run(Thread.java:1583)
2025-11-17 20:26:00 WARN  [http-nio-8080-exec-2] o.s.w.s.m.s.DefaultHandlerExceptionResolver - Resolved [org.springframework.web.bind.MethodArgumentNotValidException: Validation failed for argument [0] in public ceu.dam.ad.users.dto.NewUserResponseDto ceu.dam.ad.users.controller.UserController.createUser(ceu.dam.ad.users.dto.UserResquestDto) throws ceu.dam.ad.users.exception.DuplicateUserException,ceu.dam.ad.users.exception.UserException: [Field error in object 'userResquestDto' on field 'email': rejected value [ramonelhermanoaaaaaaaaaaaaaaaaaaaaaaaaaaaaaaaaaaaaaaaaaaaaaaaaaaaaaaaaaaaaaaaaaaaaaaaaaaaaaaaaaaaaaaaaaaaaaaaaaaaaaaaaaaaaaaaaaaaaaaaaaaaaaaaaaaaaaaaaaaaaaaaaaaaaaaaaaaaaaaaaaaaaaaaaaaaaaaaaaaaaaaaaaaaaaaaaaaaaaaaaaaaaaaaaaaaaaaaaaaaaaaaaaaaaaaaaaaaaaaaaaaaaaaaaaaaaaaaaaaaaaaaaaaaaaaaaaaaaaaaaaaaaaaaaaaaaaaaaaaaaaaaaaaaaaaaaaaaaaaaaaaaaaaaaaaaaaaaaaaaaaaaaaaaaaaaaaaaaaaaaaaaaaaaaaaaaaaaaaaaaaaaaaaaaaaaaaaaaaaaaaaaaaaaaaaaaaaaaaaaaaaaaaaaaaaaaaaaaaaaaaaaaaaaaaaaaaaaaaaaaaaaaaaaaaaaaaaaaaaaaaaaaaaaaaaaaaaaaaaaaaaaaaaaaaaaaaaaaaaaaaaaaaaaaaaaaaaaaaaaaaaaaaaaaaaaaaaaaaaaaaaaaaaaaaaaaaaaaaaaaaaaaaaaaaaaaaaaaaaaaaaaaaaaaaaaaaaaaaaaaaaaaaaaaaaaaaaaaaaaaaaaaaaaaaaaa@gmail.com]; codes [Email.userResquestDto.email,Email.email,Email.java.lang.String,Email]; arguments [org.springframework.context.support.DefaultMessageSourceResolvable: codes [userResquestDto.email,email]; arguments []; default message [email],[Ljakarta.validation.constraints.Pattern$Flag;@761bbb3a,.*]; default message [El login no puede ser en blanco]] ]
2025-11-17 20:28:24 DEBUG [http-nio-8080-exec-4] c.d.ad.users.service.UserServiceImpl - Realizando login con usuario 
2025-11-17 20:28:24 DEBUG [http-nio-8080-exec-4] c.d.ad.users.service.UserServiceImpl - Intentando login por email...
2025-11-17 20:28:24 DEBUG [http-nio-8080-exec-4] c.d.ad.users.service.UserServiceImpl - Intentando login por username...
2025-11-17 20:28:24 DEBUG [http-nio-8080-exec-4] c.d.ad.users.service.UserServiceImpl - No existe usuario (email o username)
2025-11-17 20:30:06 INFO  [main] ceu.dam.ad.users.App - Starting App using Java 21.0.8 with PID 18252 (C:\Users\rromero2106\Desktop\Github\PSP\user-api-server\target\classes started by rromero2106 in C:\Users\rromero2106\Desktop\Github\PSP\user-api-server)
2025-11-17 20:30:06 DEBUG [main] ceu.dam.ad.users.App - Running with Spring Boot v3.5.7, Spring v6.2.12
2025-11-17 20:30:06 INFO  [main] ceu.dam.ad.users.App - No active profile set, falling back to 1 default profile: "default"
2025-11-17 20:30:08 WARN  [main] o.s.b.a.o.j.JpaBaseConfiguration$JpaWebConfiguration - spring.jpa.open-in-view is enabled by default. Therefore, database queries may be performed during view rendering. Explicitly configure spring.jpa.open-in-view to disable this warning
2025-11-17 20:30:08 INFO  [main] ceu.dam.ad.users.App - Started App in 2.654 seconds (process running for 3.52)
2025-11-17 20:34:59 INFO  [main] ceu.dam.ad.users.App - Starting App using Java 21.0.8 with PID 16224 (C:\Users\rromero2106\Desktop\Github\PSP\user-api-server\target\classes started by rromero2106 in C:\Users\rromero2106\Desktop\Github\PSP\user-api-server)
2025-11-17 20:34:59 DEBUG [main] ceu.dam.ad.users.App - Running with Spring Boot v3.5.7, Spring v6.2.12
2025-11-17 20:34:59 INFO  [main] ceu.dam.ad.users.App - No active profile set, falling back to 1 default profile: "default"
2025-11-17 20:35:01 WARN  [main] o.s.b.a.o.j.JpaBaseConfiguration$JpaWebConfiguration - spring.jpa.open-in-view is enabled by default. Therefore, database queries may be performed during view rendering. Explicitly configure spring.jpa.open-in-view to disable this warning
2025-11-17 20:35:01 INFO  [main] ceu.dam.ad.users.App - Started App in 2.848 seconds (process running for 3.632)
2025-11-17 20:35:07 DEBUG [http-nio-8080-exec-1] c.d.ad.users.service.UserServiceImpl - Realizando login con usuario ramonelhermano@gmail.com
2025-11-17 20:35:07 DEBUG [http-nio-8080-exec-1] c.d.ad.users.service.UserServiceImpl - Intentando login por email...
2025-11-17 20:35:07 DEBUG [http-nio-8080-exec-1] c.d.ad.users.service.UserServiceImpl - Actualizando fecha de último login
2025-11-17 20:35:07 DEBUG [http-nio-8080-exec-1] c.d.ad.users.service.UserServiceImpl - Login correcto
2025-11-17 20:35:19 DEBUG [http-nio-8080-exec-3] c.d.ad.users.service.UserServiceImpl - Creando nuevo usuario: User(id=null, username=ramonRomero, email=ramonelhermano@gmail.com, password=Password123, createdDate=null, lastLoginDate=null)
2025-11-17 20:35:19 DEBUG [http-nio-8080-exec-3] c.d.ad.users.service.UserServiceImpl - Usuario con email repetido
2025-11-17 20:36:34 INFO  [main] ceu.dam.ad.users.App - Starting App using Java 21.0.8 with PID 4436 (C:\Users\rromero2106\Desktop\Github\PSP\user-api-server\target\classes started by rromero2106 in C:\Users\rromero2106\Desktop\Github\PSP\user-api-server)
2025-11-17 20:36:34 DEBUG [main] ceu.dam.ad.users.App - Running with Spring Boot v3.5.7, Spring v6.2.12
2025-11-17 20:36:34 INFO  [main] ceu.dam.ad.users.App - No active profile set, falling back to 1 default profile: "default"
2025-11-17 20:36:36 WARN  [main] o.s.b.a.o.j.JpaBaseConfiguration$JpaWebConfiguration - spring.jpa.open-in-view is enabled by default. Therefore, database queries may be performed during view rendering. Explicitly configure spring.jpa.open-in-view to disable this warning
2025-11-17 20:36:36 INFO  [main] ceu.dam.ad.users.App - Started App in 2.654 seconds (process running for 3.38)
2025-11-17 20:43:55 INFO  [main] ceu.dam.ad.users.App - Starting App using Java 21.0.8 with PID 25168 (C:\Users\rromero2106\Desktop\Github\PSP\user-api-server\target\classes started by rromero2106 in C:\Users\rromero2106\Desktop\Github\PSP\user-api-server)
2025-11-17 20:43:55 DEBUG [main] ceu.dam.ad.users.App - Running with Spring Boot v3.5.7, Spring v6.2.12
2025-11-17 20:43:55 INFO  [main] ceu.dam.ad.users.App - No active profile set, falling back to 1 default profile: "default"
2025-11-17 20:43:58 WARN  [main] o.s.b.a.o.j.JpaBaseConfiguration$JpaWebConfiguration - spring.jpa.open-in-view is enabled by default. Therefore, database queries may be performed during view rendering. Explicitly configure spring.jpa.open-in-view to disable this warning
2025-11-17 20:43:58 INFO  [main] ceu.dam.ad.users.App - Started App in 3.185 seconds (process running for 4.032)
2025-11-17 20:43:58 WARN  [main] o.s.c.events.SpringDocAppInitializer - SpringDoc /v3/api-docs endpoint is enabled by default. To disable it in production, set the property 'springdoc.api-docs.enabled=false'
2025-11-17 20:43:58 WARN  [main] o.s.c.events.SpringDocAppInitializer - SpringDoc /swagger-ui.html endpoint is enabled by default. To disable it in production, set the property 'springdoc.swagger-ui.enabled=false'
